{
"marker" : flag,
"text" : "",
"tsec" : 1755871858.887504,
"mlat" : 40.958814591367215,
"mlon" : 29.13567991065637,
"vlat" : 40.958821600,
"vlon" : 29.135680100,
"valt" : 5.28,
"gspeed" : 0.022360679774997897,
"ghead" : 15.14,
"roll" : -0.06587311244984667,
"pitch" : -0.0072880344592117586,
"yaw" : 15.140406908633688,
}
