{
"marker" : flag,
"text" : "",
"tsec" : 1755871782.4880872,
"mlat" : 40.95877209905764,
"mlon" : 29.13591733289933,
"vlat" : 40.958770200,
"vlon" : 29.135911100,
"valt" : 5.28,
"gspeed" : 0.0,
"ghead" : 177.28,
"roll" : -0.16826548548360615,
"pitch" : -0.0004003013675343344,
"yaw" : 177.28240934199167,
}
