{
"marker" : flag,
"text" : "",
"tsec" : 1755871641.6027913,
"mlat" : 40.958975454969746,
"mlon" : 29.135688201845575,
"vlat" : 40.958973200,
"vlon" : 29.135697700,
"valt" : 5.2700000000000005,
"gspeed" : 0.0316227766016838,
"ghead" : 76.28,
"roll" : -0.1192758469399839,
"pitch" : 0.0022999642754351394,
"yaw" : 76.28771472676057,
}
