{
"marker" : flag,
"text" : "",
"tsec" : 1755871739.2166753,
"mlat" : 40.95898678217476,
"mlon" : 29.135898873910254,
"vlat" : 40.958987800,
"vlon" : 29.135898800,
"valt" : 5.28,
"gspeed" : 0.01,
"ghead" : 300.99,
"roll" : 0.06370988348397653,
"pitch" : 0.1036169512467487,
"yaw" : -59.013012013828586,
}
