{
"marker" : flag,
"text" : "",
"tsec" : 1748361491.482699,
"mlat" : -35.36241437649901,
"mlon" : 149.1647419364079,
"vlat" : -35.363262100,
"vlon" : 149.165237500,
"valt" : 584.3000000000001,
"gspeed" : 0.028284271247461905,
"ghead" : 2.68,
"roll" : -3.2478665812453107,
"pitch" : 0.05652361067251737,
"yaw" : 2.680883827062678,
}
