pixel,current_gps_lat,current_gps_lon,current_gps_alt,true_attitude_roll,true_attitude_pitch,true_attitude_yaw,estimated_gps_lat,estimated_gps_lon,timestamp
"(None, None)",40.9588859,29.1357974,-0.015,-0.056771181523799896,0.0011137319961562753,1.5877410173416138,,,1757045085.1064982
"(None, None)",40.9588859,29.1357974,-0.015,-0.056771181523799896,0.0011137319961562753,1.5877410173416138,,,1757045085.6110613
"(None, None)",40.9588859,29.1357974,-0.015,-0.056771181523799896,0.0011137319961562753,1.5877410173416138,,,1757045085.7121654
"(None, None)",40.9588859,29.1357974,-0.015,-0.056771181523799896,0.0011137319961562753,1.5877410173416138,,,1757045085.8126645
"(None, None)",40.9588859,29.1357974,-0.015,-0.056771181523799896,0.0011137319961562753,1.5877410173416138,,,1757045085.9158027
"(None, None)",40.9588859,29.1357974,-0.015,-0.056771181523799896,0.0011137319961562753,1.5877410173416138,,,1757045086.013936
"(None, None)",40.9588859,29.1357974,-0.015,-0.056771181523799896,0.0011137319961562753,1.5877410173416138,,,1757045086.1157064
"(None, None)",40.9588859,29.1357974,-0.015,-0.056771181523799896,0.0011137319961562753,1.5877410173416138,,,1757045086.2156992
"(None, None)",40.9588859,29.1357974,-0.015,-0.056771181523799896,0.0011137319961562753,1.5877410173416138,,,1757045086.3176708
"(None, None)",40.9588859,29.1357974,-0.015,-0.056771181523799896,0.0011137319961562753,1.5877410173416138,,,1757045086.4192328
"(None, None)",40.9588859,29.1357974,-0.015,-0.056771181523799896,0.0011137319961562753,1.5877410173416138,,,1757045086.518728
"(None, None)",40.9588859,29.1357974,-0.015,-0.056771181523799896,0.0011137319961562753,1.5877410173416138,,,1757045086.6188536
"(None, None)",40.9588859,29.1357974,-0.015,-0.056771181523799896,0.0011137319961562753,1.5877410173416138,,,1757045086.7198818
"(None, None)",40.9588859,29.1357974,-0.015,-0.056771181523799896,0.0011137319961562753,1.5877410173416138,,,1757045086.821507
"(None, None)",40.9588859,29.1357974,-0.015,-0.056771181523799896,0.0011137319961562753,1.5877410173416138,,,1757045086.921324
"(None, None)",40.9588859,29.1357974,-0.015,-0.056771181523799896,0.0011137319961562753,1.5877410173416138,,,1757045087.0231102
"(None, None)",40.9588859,29.1357974,-0.015,-0.056771181523799896,0.0011137319961562753,1.5877410173416138,,,1757045087.1245248
"(None, None)",40.9588859,29.1357974,-0.015,-0.056771181523799896,0.0011137319961562753,1.5877410173416138,,,1757045087.2260764
"(None, None)",40.9588859,29.1357974,-0.015,-0.056771181523799896,0.0011137319961562753,1.5877410173416138,,,1757045088.336285
"(None, None)",40.9588859,29.1357974,-0.015,-0.056771181523799896,0.0011137319961562753,1.5877410173416138,,,1757045088.4365492
"(None, None)",40.9588859,29.1357974,-0.015,-0.056771181523799896,0.0011137319961562753,1.5877410173416138,,,1757045088.5402381
"(None, None)",40.9588859,29.1357974,-0.015,-0.056771181523799896,0.0011137319961562753,1.5877410173416138,,,1757045134.0815954
"(None, None)",40.9588859,29.1357974,-0.015,-0.056771181523799896,0.0011137319961562753,1.5877410173416138,,,1757045135.1913311
"(None, None)",40.9588859,29.1357974,-0.015,-0.056771181523799896,0.0011137319961562753,1.5877410173416138,,,1757045168.6126678
"(None, None)",40.9588859,29.1357974,-0.015,-0.056771181523799896,0.0011137319961562753,1.5877410173416138,,,1757045168.713574
"(None, None)",40.9588859,29.1357974,-0.015,-0.056771181523799896,0.0011137319961562753,1.5877410173416138,,,1757045168.8160057
"(None, None)",40.9588859,29.1357974,-0.015,-0.056771181523799896,0.0011137319961562753,1.5877410173416138,,,1757045168.9174032
"(None, None)",40.9588859,29.1357974,-0.015,-0.056771181523799896,0.0011137319961562753,1.5877410173416138,,,1757045169.0161147
"(None, None)",40.9588859,29.1357974,-0.015,-0.056771181523799896,0.0011137319961562753,1.5877410173416138,,,1757045169.1184492
"(None, None)",40.9588859,29.1357974,-0.015,-0.056771181523799896,0.0011137319961562753,1.5877410173416138,,,1757045169.4208944
"(None, None)",40.9588859,29.1357974,-0.015,-0.056771181523799896,0.0011137319961562753,1.5877410173416138,,,1757045169.5242307
"(None, None)",40.9588859,29.1357974,-0.015,-0.056771181523799896,0.0011137319961562753,1.5877410173416138,,,1757045169.6221404
"(None, None)",40.9588859,29.1357974,-0.015,-0.056771181523799896,0.0011137319961562753,1.5877410173416138,,,1757045169.7250676
"(None, None)",40.9588859,29.1357974,-0.015,-0.056771181523799896,0.0011137319961562753,1.5877410173416138,,,1757045169.8291411
"(None, None)",40.9588859,29.1357974,-0.015,-0.056771181523799896,0.0011137319961562753,1.5877410173416138,,,1757045169.9355526
"(None, None)",40.9588859,29.1357974,-0.015,-0.056771181523799896,0.0011137319961562753,1.5877410173416138,,,1757045170.039069
"(None, None)",40.9588859,29.1357974,-0.015,-0.056771181523799896,0.0011137319961562753,1.5877410173416138,,,1757045170.1412573
"(None, None)",40.9588859,29.1357974,-0.015,-0.056771181523799896,0.0011137319961562753,1.5877410173416138,,,1757045170.2446525
"(None, None)",40.9588859,29.1357974,-0.015,-0.056771181523799896,0.0011137319961562753,1.5877410173416138,,,1757045170.3508654
"(None, None)",40.9588859,29.1357974,-0.015,-0.056771181523799896,0.0011137319961562753,1.5877410173416138,,,1757045170.454859
"(None, None)",40.9588859,29.1357974,-0.015,-0.056771181523799896,0.0011137319961562753,1.5877410173416138,,,1757045170.5563529
"(None, None)",40.9588859,29.1357974,-0.015,-0.056771181523799896,0.0011137319961562753,1.5877410173416138,,,1757045170.6619108
"(None, None)",40.9588859,29.1357974,-0.015,-0.056771181523799896,0.0011137319961562753,1.5877410173416138,,,1757045170.7642503
"(None, None)",40.9588859,29.1357974,-0.015,-0.056771181523799896,0.0011137319961562753,1.5877410173416138,,,1757045170.8676896
"(None, None)",40.9588859,29.1357974,-0.015,-0.056771181523799896,0.0011137319961562753,1.5877410173416138,,,1757045170.967261
"(None, None)",40.9588859,29.1357974,-0.015,-0.056771181523799896,0.0011137319961562753,1.5877410173416138,,,1757045171.0720253
"(None, None)",40.9588859,29.1357974,-0.015,-0.056771181523799896,0.0011137319961562753,1.5877410173416138,,,1757045171.1725564
"(None, None)",40.9588859,29.1357974,-0.015,-0.056771181523799896,0.0011137319961562753,1.5877410173416138,,,1757045171.2741911
"(None, None)",40.9588859,29.1357974,-0.015,-0.056771181523799896,0.0011137319961562753,1.5877410173416138,,,1757045171.3793802
"(None, None)",40.9588859,29.1357974,-0.015,-0.056771181523799896,0.0011137319961562753,1.5877410173416138,,,1757045171.4799278
"(None, None)",40.9588859,29.1357974,-0.015,-0.056771181523799896,0.0011137319961562753,1.5877410173416138,,,1757045171.5848272
"(None, None)",40.9588859,29.1357974,-0.015,-0.056771181523799896,0.0011137319961562753,1.5877410173416138,,,1757045171.686801
"(None, None)",40.9588859,29.1357974,-0.015,-0.056771181523799896,0.0011137319961562753,1.5877410173416138,,,1757045171.7886434
"(None, None)",40.9588859,29.1357974,-0.015,-0.056771181523799896,0.0011137319961562753,1.5877410173416138,,,1757045171.8911572
"(None, None)",40.9588859,29.1357974,-0.015,-0.056771181523799896,0.0011137319961562753,1.5877410173416138,,,1757045171.9979773
"(None, None)",40.9588859,29.1357974,-0.015,-0.056771181523799896,0.0011137319961562753,1.5877410173416138,,,1757045172.0988157
"(None, None)",40.9588859,29.1357974,-0.015,-0.056771181523799896,0.0011137319961562753,1.5877410173416138,,,1757045172.200541
"(None, None)",40.9588859,29.1357974,-0.015,-0.056771181523799896,0.0011137319961562753,1.5877410173416138,,,1757045172.3054624
"(None, None)",40.9588859,29.1357974,-0.015,-0.056771181523799896,0.0011137319961562753,1.5877410173416138,,,1757045172.4103544
"(None, None)",40.9588859,29.1357974,-0.015,-0.056771181523799896,0.0011137319961562753,1.5877410173416138,,,1757045172.5132775
"(None, None)",40.9588859,29.1357974,-0.015,-0.056771181523799896,0.0011137319961562753,1.5877410173416138,,,1757045172.618055
"(None, None)",40.9588859,29.1357974,-0.015,-0.056771181523799896,0.0011137319961562753,1.5877410173416138,,,1757045172.7236493
"(None, None)",40.9588859,29.1357974,-0.015,-0.056771181523799896,0.0011137319961562753,1.5877410173416138,,,1757045172.8249223
"(None, None)",40.9588859,29.1357974,-0.015,-0.056771181523799896,0.0011137319961562753,1.5877410173416138,,,1757045172.930123
"(None, None)",40.9588859,29.1357974,-0.015,-0.056771181523799896,0.0011137319961562753,1.5877410173416138,,,1757045173.032841
"(None, None)",40.9588859,29.1357974,-0.015,-0.056771181523799896,0.0011137319961562753,1.5877410173416138,,,1757045173.1382961
"(None, None)",40.9588859,29.1357974,-0.015,-0.056771181523799896,0.0011137319961562753,1.5877410173416138,,,1757045173.2442014
"(None, None)",40.9588859,29.1357974,-0.015,-0.056771181523799896,0.0011137319961562753,1.5877410173416138,,,1757045173.3502717
"(None, None)",40.9588859,29.1357974,-0.015,-0.056771181523799896,0.0011137319961562753,1.5877410173416138,,,1757045173.4668903
"(None, None)",40.9588859,29.1357974,-0.015,-0.056771181523799896,0.0011137319961562753,1.5877410173416138,,,1757045173.576327
"(None, None)",40.9588859,29.1357974,-0.015,-0.056771181523799896,0.0011137319961562753,1.5877410173416138,,,1757045173.684862
"(None, None)",40.9588859,29.1357974,-0.015,-0.056771181523799896,0.0011137319961562753,1.5877410173416138,,,1757045173.7878432
"(None, None)",40.9588859,29.1357974,-0.015,-0.056771181523799896,0.0011137319961562753,1.5877410173416138,,,1757045173.8905158
"(None, None)",40.9588859,29.1357974,-0.015,-0.056771181523799896,0.0011137319961562753,1.5877410173416138,,,1757045173.9955597
"(None, None)",40.9588859,29.1357974,-0.015,-0.056771181523799896,0.0011137319961562753,1.5877410173416138,,,1757045174.1009736
"(None, None)",40.9588859,29.1357974,-0.015,-0.056771181523799896,0.0011137319961562753,1.5877410173416138,,,1757045174.2069235
"(None, None)",40.9588859,29.1357974,-0.015,-0.056771181523799896,0.0011137319961562753,1.5877410173416138,,,1757045174.3110669
"(None, None)",40.9588859,29.1357974,-0.015,-0.056771181523799896,0.0011137319961562753,1.5877410173416138,,,1757045174.4152758
"(None, None)",40.9588859,29.1357974,-0.015,-0.056771181523799896,0.0011137319961562753,1.5877410173416138,,,1757045174.5418947
"(None, None)",40.9588859,29.1357974,-0.015,-0.056771181523799896,0.0011137319961562753,1.5877410173416138,,,1757045174.64481
"(None, None)",40.9588859,29.1357974,-0.015,-0.056771181523799896,0.0011137319961562753,1.5877410173416138,,,1757045174.7505896
"(None, None)",40.9588859,29.1357974,-0.015,-0.056771181523799896,0.0011137319961562753,1.5877410173416138,,,1757045174.8564823
"(None, None)",40.9588859,29.1357974,-0.015,-0.056771181523799896,0.0011137319961562753,1.5877410173416138,,,1757045174.9609668
"(None, None)",40.9588859,29.1357974,-0.015,-0.056771181523799896,0.0011137319961562753,1.5877410173416138,,,1757045175.0716255
"(None, None)",40.9588859,29.1357974,-0.015,-0.056771181523799896,0.0011137319961562753,1.5877410173416138,,,1757045175.1886995
"(None, None)",40.9588859,29.1357974,-0.015,-0.056771181523799896,0.0011137319961562753,1.5877410173416138,,,1757045175.3944957
"(None, None)",40.9588859,29.1357974,-0.015,-0.056771181523799896,0.0011137319961562753,1.5877410173416138,,,1757045175.502315
"(None, None)",40.9588859,29.1357974,-0.015,-0.056771181523799896,0.0011137319961562753,1.5877410173416138,,,1757045175.6095204
"(None, None)",40.9588859,29.1357974,-0.015,-0.056771181523799896,0.0011137319961562753,1.5877410173416138,,,1757045175.7173975
"(None, None)",40.9588859,29.1357974,-0.015,-0.056771181523799896,0.0011137319961562753,1.5877410173416138,,,1757045175.8246262
"(None, None)",40.9588859,29.1357974,-0.015,-0.056771181523799896,0.0011137319961562753,1.5877410173416138,,,1757045175.9468682
"(None, None)",40.9588859,29.1357974,-0.015,-0.056771181523799896,0.0011137319961562753,1.5877410173416138,,,1757045176.0481164
"(None, None)",40.9588859,29.1357974,-0.015,-0.056771181523799896,0.0011137319961562753,1.5877410173416138,,,1757045176.1585765
"(None, None)",40.9588859,29.1357974,-0.015,-0.056771181523799896,0.0011137319961562753,1.5877410173416138,,,1757045176.2680218
"(None, None)",40.9588859,29.1357974,-0.015,-0.056771181523799896,0.0011137319961562753,1.5877410173416138,,,1757045176.372572
"(None, None)",40.9588859,29.1357974,-0.015,-0.056771181523799896,0.0011137319961562753,1.5877410173416138,,,1757045176.480639
"(None, None)",40.9588859,29.1357974,-0.015,-0.056771181523799896,0.0011137319961562753,1.5877410173416138,,,1757045176.5839427
"(None, None)",40.9588859,29.1357974,-0.015,-0.056771181523799896,0.0011137319961562753,1.5877410173416138,,,1757045176.6866055
"(None, None)",40.9588859,29.1357974,-0.015,-0.056771181523799896,0.0011137319961562753,1.5877410173416138,,,1757045176.8004897
"(None, None)",40.9588859,29.1357974,-0.015,-0.056771181523799896,0.0011137319961562753,1.5877410173416138,,,1757045176.9060752
"(None, None)",40.9588859,29.1357974,-0.015,-0.056771181523799896,0.0011137319961562753,1.5877410173416138,,,1757045177.0092294
"(None, None)",40.9588859,29.1357974,-0.015,-0.056771181523799896,0.0011137319961562753,1.5877410173416138,,,1757045177.1123755
"(None, None)",40.9588859,29.1357974,-0.015,-0.056771181523799896,0.0011137319961562753,1.5877410173416138,,,1757045177.215067
"(None, None)",40.9588859,29.1357974,-0.015,-0.056771181523799896,0.0011137319961562753,1.5877410173416138,,,1757045177.319897
"(None, None)",40.9588859,29.1357974,-0.015,-0.056771181523799896,0.0011137319961562753,1.5877410173416138,,,1757045177.4232595
"(None, None)",40.9588859,29.1357974,-0.015,-0.056771181523799896,0.0011137319961562753,1.5877410173416138,,,1757045177.5334847
"(None, None)",40.9588859,29.1357974,-0.015,-0.056771181523799896,0.0011137319961562753,1.5877410173416138,,,1757045177.636814
"(None, None)",40.9588859,29.1357974,-0.015,-0.056771181523799896,0.0011137319961562753,1.5877410173416138,,,1757045177.740544
"(None, None)",40.9588859,29.1357974,-0.015,-0.056771181523799896,0.0011137319961562753,1.5877410173416138,,,1757045177.842956
"(None, None)",40.9588859,29.1357974,-0.015,-0.056771181523799896,0.0011137319961562753,1.5877410173416138,,,1757045177.9496734
"(None, None)",40.9588859,29.1357974,-0.015,-0.056771181523799896,0.0011137319961562753,1.5877410173416138,,,1757045178.056038
"(None, None)",40.9588859,29.1357974,-0.015,-0.056771181523799896,0.0011137319961562753,1.5877410173416138,,,1757045178.1580098
"(None, None)",40.9588859,29.1357974,-0.015,-0.056771181523799896,0.0011137319961562753,1.5877410173416138,,,1757045178.2618678
"(None, None)",40.9588859,29.1357974,-0.015,-0.056771181523799896,0.0011137319961562753,1.5877410173416138,,,1757045178.3710477
"(None, None)",40.9588859,29.1357974,-0.015,-0.056771181523799896,0.0011137319961562753,1.5877410173416138,,,1757045178.4740355
"(None, None)",40.9588859,29.1357974,-0.015,-0.056771181523799896,0.0011137319961562753,1.5877410173416138,,,1757045178.5776417
"(None, None)",40.9588859,29.1357974,-0.015,-0.056771181523799896,0.0011137319961562753,1.5877410173416138,,,1757045178.6822584
"(None, None)",40.9588859,29.1357974,-0.015,-0.056771181523799896,0.0011137319961562753,1.5877410173416138,,,1757045178.7873192
"(None, None)",40.9588859,29.1357974,-0.015,-0.056771181523799896,0.0011137319961562753,1.5877410173416138,,,1757045178.886935
"(None, None)",40.9588859,29.1357974,-0.015,-0.056771181523799896,0.0011137319961562753,1.5877410173416138,,,1757045178.989079
"(None, None)",40.9588859,29.1357974,-0.015,-0.056771181523799896,0.0011137319961562753,1.5877410173416138,,,1757045179.092685
"(None, None)",40.9588859,29.1357974,-0.015,-0.056771181523799896,0.0011137319961562753,1.5877410173416138,,,1757045179.1942425
"(None, None)",40.9588859,29.1357974,-0.015,-0.056771181523799896,0.0011137319961562753,1.5877410173416138,,,1757045179.2964988
"(None, None)",40.9588859,29.1357974,-0.015,-0.056771181523799896,0.0011137319961562753,1.5877410173416138,,,1757045179.4002883
"(None, None)",40.9588859,29.1357974,-0.015,-0.056771181523799896,0.0011137319961562753,1.5877410173416138,,,1757045179.5159435
"(None, None)",40.9588859,29.1357974,-0.015,-0.056771181523799896,0.0011137319961562753,1.5877410173416138,,,1757045179.6171367
"(None, None)",40.9588859,29.1357974,-0.015,-0.056771181523799896,0.0011137319961562753,1.5877410173416138,,,1757045179.7234123
"(None, None)",40.9588859,29.1357974,-0.015,-0.056771181523799896,0.0011137319961562753,1.5877410173416138,,,1757045179.8268192
"(None, None)",40.9588859,29.1357974,-0.015,-0.056771181523799896,0.0011137319961562753,1.5877410173416138,,,1757045179.9308636
"(None, None)",40.9588859,29.1357974,-0.015,-0.056771181523799896,0.0011137319961562753,1.5877410173416138,,,1757045180.0313146
"(None, None)",40.9588859,29.1357974,-0.015,-0.056771181523799896,0.0011137319961562753,1.5877410173416138,,,1757045180.1386213
"(None, None)",40.9588859,29.1357974,-0.015,-0.056771181523799896,0.0011137319961562753,1.5877410173416138,,,1757045180.239054
"(None, None)",40.9588859,29.1357974,-0.015,-0.056771181523799896,0.0011137319961562753,1.5877410173416138,,,1757045180.343561
"(None, None)",40.9588859,29.1357974,-0.015,-0.056771181523799896,0.0011137319961562753,1.5877410173416138,,,1757045180.4433699
"(None, None)",40.9588859,29.1357974,-0.015,-0.056771181523799896,0.0011137319961562753,1.5877410173416138,,,1757045180.546888
"(None, None)",40.9588859,29.1357974,-0.015,-0.056771181523799896,0.0011137319961562753,1.5877410173416138,,,1757045180.649604
"(None, None)",40.9588859,29.1357974,-0.015,-0.056771181523799896,0.0011137319961562753,1.5877410173416138,,,1757045180.7570794
"(None, None)",40.9588859,29.1357974,-0.015,-0.056771181523799896,0.0011137319961562753,1.5877410173416138,,,1757045180.859941
"(None, None)",40.9588859,29.1357974,-0.015,-0.056771181523799896,0.0011137319961562753,1.5877410173416138,,,1757045180.963808
"(None, None)",40.9588859,29.1357974,-0.015,-0.056771181523799896,0.0011137319961562753,1.5877410173416138,,,1757045181.0672512
"(None, None)",40.9588859,29.1357974,-0.015,-0.056771181523799896,0.0011137319961562753,1.5877410173416138,,,1757045181.1704695
"(None, None)",40.9588859,29.1357974,-0.015,-0.056771181523799896,0.0011137319961562753,1.5877410173416138,,,1757045181.2737424
"(None, None)",40.9588859,29.1357974,-0.015,-0.056771181523799896,0.0011137319961562753,1.5877410173416138,,,1757045181.3758154
"(None, None)",40.9588859,29.1357974,-0.015,-0.056771181523799896,0.0011137319961562753,1.5877410173416138,,,1757045181.4816995
"(None, None)",40.9588859,29.1357974,-0.015,-0.056771181523799896,0.0011137319961562753,1.5877410173416138,,,1757045181.5844047
"(None, None)",40.9588859,29.1357974,-0.015,-0.056771181523799896,0.0011137319961562753,1.5877410173416138,,,1757045181.6902256
"(None, None)",40.9588859,29.1357974,-0.015,-0.056771181523799896,0.0011137319961562753,1.5877410173416138,,,1757045181.7944849
"(None, None)",40.9588859,29.1357974,-0.015,-0.056771181523799896,0.0011137319961562753,1.5877410173416138,,,1757045181.8970318
"(None, None)",40.9588859,29.1357974,-0.015,-0.056771181523799896,0.0011137319961562753,1.5877410173416138,,,1757045182.0036697
"(None, None)",40.9588859,29.1357974,-0.015,-0.056771181523799896,0.0011137319961562753,1.5877410173416138,,,1757045182.1122475
"(None, None)",40.9588859,29.1357974,-0.015,-0.056771181523799896,0.0011137319961562753,1.5877410173416138,,,1757045182.2215838
"(None, None)",40.9588859,29.1357974,-0.015,-0.056771181523799896,0.0011137319961562753,1.5877410173416138,,,1757045182.3285851
"(None, None)",40.9588859,29.1357974,-0.015,-0.056771181523799896,0.0011137319961562753,1.5877410173416138,,,1757045182.4309063
"(None, None)",40.9588859,29.1357974,-0.015,-0.056771181523799896,0.0011137319961562753,1.5877410173416138,,,1757045182.5334153
"(None, None)",40.9588859,29.1357974,-0.015,-0.056771181523799896,0.0011137319961562753,1.5877410173416138,,,1757045182.6380274
"(None, None)",40.9588859,29.1357974,-0.015,-0.056771181523799896,0.0011137319961562753,1.5877410173416138,,,1757045182.7458212
"(None, None)",40.9588859,29.1357974,-0.015,-0.056771181523799896,0.0011137319961562753,1.5877410173416138,,,1757045182.85199
"(None, None)",40.9588859,29.1357974,-0.015,-0.056771181523799896,0.0011137319961562753,1.5877410173416138,,,1757045182.9569628
"(None, None)",40.9588859,29.1357974,-0.015,-0.056771181523799896,0.0011137319961562753,1.5877410173416138,,,1757045183.069883
"(None, None)",40.9588859,29.1357974,-0.015,-0.056771181523799896,0.0011137319961562753,1.5877410173416138,,,1757045183.1789522
"(None, None)",40.9588859,29.1357974,-0.015,-0.056771181523799896,0.0011137319961562753,1.5877410173416138,,,1757045183.2964926
"(None, None)",40.9588859,29.1357974,-0.015,-0.056771181523799896,0.0011137319961562753,1.5877410173416138,,,1757045183.4068255
"(None, None)",40.9588859,29.1357974,-0.015,-0.056771181523799896,0.0011137319961562753,1.5877410173416138,,,1757045183.5116434
"(None, None)",40.9588859,29.1357974,-0.015,-0.056771181523799896,0.0011137319961562753,1.5877410173416138,,,1757045183.6161523
"(None, None)",40.9588859,29.1357974,-0.015,-0.056771181523799896,0.0011137319961562753,1.5877410173416138,,,1757045183.7238202
"(None, None)",40.9588859,29.1357974,-0.015,-0.056771181523799896,0.0011137319961562753,1.5877410173416138,,,1757045183.8399425
"(None, None)",40.9588859,29.1357974,-0.015,-0.056771181523799896,0.0011137319961562753,1.5877410173416138,,,1757045183.9527004
"(None, None)",40.9588859,29.1357974,-0.015,-0.056771181523799896,0.0011137319961562753,1.5877410173416138,,,1757045184.0634177
"(None, None)",40.9588859,29.1357974,-0.015,-0.056771181523799896,0.0011137319961562753,1.5877410173416138,,,1757045184.1719923
"(None, None)",40.9588859,29.1357974,-0.015,-0.056771181523799896,0.0011137319961562753,1.5877410173416138,,,1757045184.2824857
"(None, None)",40.9588859,29.1357974,-0.015,-0.056771181523799896,0.0011137319961562753,1.5877410173416138,,,1757045184.3838387
"(None, None)",40.9588859,29.1357974,-0.015,-0.056771181523799896,0.0011137319961562753,1.5877410173416138,,,1757045184.4979541
"(None, None)",40.9588859,29.1357974,-0.015,-0.056771181523799896,0.0011137319961562753,1.5877410173416138,,,1757045184.605833
"(None, None)",40.9588859,29.1357974,-0.015,-0.056771181523799896,0.0011137319961562753,1.5877410173416138,,,1757045184.7181473
"(None, None)",40.9588859,29.1357974,-0.015,-0.056771181523799896,0.0011137319961562753,1.5877410173416138,,,1757045184.8307235
"(None, None)",40.9588859,29.1357974,-0.015,-0.056771181523799896,0.0011137319961562753,1.5877410173416138,,,1757045184.9377017
"(None, None)",40.9588859,29.1357974,-0.015,-0.056771181523799896,0.0011137319961562753,1.5877410173416138,,,1757045185.0475025
"(None, None)",40.9588859,29.1357974,-0.015,-0.056771181523799896,0.0011137319961562753,1.5877410173416138,,,1757045185.2576802
"(None, None)",40.9588859,29.1357974,-0.015,-0.056771181523799896,0.0011137319961562753,1.5877410173416138,,,1757045185.3652308
"(None, None)",40.9588859,29.1357974,-0.015,-0.056771181523799896,0.0011137319961562753,1.5877410173416138,,,1757045185.4685512
"(None, None)",40.9588859,29.1357974,-0.015,-0.056771181523799896,0.0011137319961562753,1.5877410173416138,,,1757045185.5749454
"(None, None)",40.9588859,29.1357974,-0.015,-0.056771181523799896,0.0011137319961562753,1.5877410173416138,,,1757045185.6868527
"(None, None)",40.9588859,29.1357974,-0.015,-0.056771181523799896,0.0011137319961562753,1.5877410173416138,,,1757045185.796132
"(None, None)",40.9588859,29.1357974,-0.015,-0.056771181523799896,0.0011137319961562753,1.5877410173416138,,,1757045185.9075532
"(None, None)",40.9588859,29.1357974,-0.015,-0.056771181523799896,0.0011137319961562753,1.5877410173416138,,,1757045186.014539
"(None, None)",40.9588859,29.1357974,-0.015,-0.056771181523799896,0.0011137319961562753,1.5877410173416138,,,1757045186.1221054
"(None, None)",40.9588859,29.1357974,-0.015,-0.056771181523799896,0.0011137319961562753,1.5877410173416138,,,1757045186.228205
"(None, None)",40.9588859,29.1357974,-0.015,-0.056771181523799896,0.0011137319961562753,1.5877410173416138,,,1757045186.3403661
"(None, None)",40.9588859,29.1357974,-0.015,-0.056771181523799896,0.0011137319961562753,1.5877410173416138,,,1757045186.4421797
"(None, None)",40.9588859,29.1357974,-0.015,-0.056771181523799896,0.0011137319961562753,1.5877410173416138,,,1757045186.5491073
"(None, None)",40.9588859,29.1357974,-0.015,-0.056771181523799896,0.0011137319961562753,1.5877410173416138,,,1757045186.653648
"(None, None)",40.9588859,29.1357974,-0.015,-0.056771181523799896,0.0011137319961562753,1.5877410173416138,,,1757045186.7623224
"(None, None)",40.9588859,29.1357974,-0.015,-0.056771181523799896,0.0011137319961562753,1.5877410173416138,,,1757045186.8722405
"(None, None)",40.9588859,29.1357974,-0.015,-0.056771181523799896,0.0011137319961562753,1.5877410173416138,,,1757045186.9806342
"(None, None)",40.9588859,29.1357974,-0.015,-0.056771181523799896,0.0011137319961562753,1.5877410173416138,,,1757045187.0870278
"(None, None)",40.9588859,29.1357974,-0.015,-0.056771181523799896,0.0011137319961562753,1.5877410173416138,,,1757045187.194202
"(None, None)",40.9588859,29.1357974,-0.015,-0.056771181523799896,0.0011137319961562753,1.5877410173416138,,,1757045187.2989914
"(None, None)",40.9588859,29.1357974,-0.015,-0.056771181523799896,0.0011137319961562753,1.5877410173416138,,,1757045187.402904
"(None, None)",40.9588859,29.1357974,-0.015,-0.056771181523799896,0.0011137319961562753,1.5877410173416138,,,1757045187.5094242
"(None, None)",40.9588859,29.1357974,-0.015,-0.056771181523799896,0.0011137319961562753,1.5877410173416138,,,1757045187.6213937
"(None, None)",40.9588859,29.1357974,-0.015,-0.056771181523799896,0.0011137319961562753,1.5877410173416138,,,1757045187.7245471
"(None, None)",40.9588859,29.1357974,-0.015,-0.056771181523799896,0.0011137319961562753,1.5877410173416138,,,1757045187.8274667
"(None, None)",40.9588859,29.1357974,-0.015,-0.056771181523799896,0.0011137319961562753,1.5877410173416138,,,1757045187.93987
"(None, None)",40.9588859,29.1357974,-0.015,-0.056771181523799896,0.0011137319961562753,1.5877410173416138,,,1757045188.050472
"(None, None)",40.9588859,29.1357974,-0.015,-0.056771181523799896,0.0011137319961562753,1.5877410173416138,,,1757045188.1593482
"(None, None)",40.9588859,29.1357974,-0.015,-0.056771181523799896,0.0011137319961562753,1.5877410173416138,,,1757045188.2714553
"(None, None)",40.9588859,29.1357974,-0.015,-0.056771181523799896,0.0011137319961562753,1.5877410173416138,,,1757045188.3748844
"(None, None)",40.9588859,29.1357974,-0.015,-0.056771181523799896,0.0011137319961562753,1.5877410173416138,,,1757045188.4872808
"(None, None)",40.9588859,29.1357974,-0.015,-0.056771181523799896,0.0011137319961562753,1.5877410173416138,,,1757045188.5914562
"(None, None)",40.9588859,29.1357974,-0.015,-0.056771181523799896,0.0011137319961562753,1.5877410173416138,,,1757045188.7037005
"(None, None)",40.9588859,29.1357974,-0.015,-0.056771181523799896,0.0011137319961562753,1.5877410173416138,,,1757045188.8161888
"(None, None)",40.9588859,29.1357974,-0.015,-0.056771181523799896,0.0011137319961562753,1.5877410173416138,,,1757045188.9266393
"(None, None)",40.9588859,29.1357974,-0.015,-0.056771181523799896,0.0011137319961562753,1.5877410173416138,,,1757045189.0320823
"(None, None)",40.9588859,29.1357974,-0.015,-0.056771181523799896,0.0011137319961562753,1.5877410173416138,,,1757045189.1405375
"(None, None)",40.9588859,29.1357974,-0.015,-0.056771181523799896,0.0011137319961562753,1.5877410173416138,,,1757045189.2543952
"(None, None)",40.9588859,29.1357974,-0.015,-0.056771181523799896,0.0011137319961562753,1.5877410173416138,,,1757045189.367326
"(None, None)",40.9588859,29.1357974,-0.015,-0.056771181523799896,0.0011137319961562753,1.5877410173416138,,,1757045189.471391
"(None, None)",40.9588859,29.1357974,-0.015,-0.056771181523799896,0.0011137319961562753,1.5877410173416138,,,1757045189.5799928
"(None, None)",40.9588859,29.1357974,-0.015,-0.056771181523799896,0.0011137319961562753,1.5877410173416138,,,1757045189.6911242
"(None, None)",40.9588859,29.1357974,-0.015,-0.056771181523799896,0.0011137319961562753,1.5877410173416138,,,1757045189.8016737
"(None, None)",40.9588859,29.1357974,-0.015,-0.056771181523799896,0.0011137319961562753,1.5877410173416138,,,1757045189.9079065
"(None, None)",40.9588859,29.1357974,-0.015,-0.056771181523799896,0.0011137319961562753,1.5877410173416138,,,1757045190.0137696
"(None, None)",40.9588859,29.1357974,-0.015,-0.056771181523799896,0.0011137319961562753,1.5877410173416138,,,1757045190.122399
"(None, None)",40.9588859,29.1357974,-0.015,-0.056771181523799896,0.0011137319961562753,1.5877410173416138,,,1757045190.2342882
"(None, None)",40.9588859,29.1357974,-0.015,-0.056771181523799896,0.0011137319961562753,1.5877410173416138,,,1757045190.3419013
"(None, None)",40.9588859,29.1357974,-0.015,-0.056771181523799896,0.0011137319961562753,1.5877410173416138,,,1757045190.447812
"(None, None)",40.9588859,29.1357974,-0.015,-0.056771181523799896,0.0011137319961562753,1.5877410173416138,,,1757045190.5494337
"(None, None)",40.9588859,29.1357974,-0.015,-0.056771181523799896,0.0011137319961562753,1.5877410173416138,,,1757045190.6602027
"(None, None)",40.9588859,29.1357974,-0.015,-0.056771181523799896,0.0011137319961562753,1.5877410173416138,,,1757045190.7613666
"(None, None)",40.9588859,29.1357974,-0.015,-0.056771181523799896,0.0011137319961562753,1.5877410173416138,,,1757045190.8660352
"(None, None)",40.9588859,29.1357974,-0.015,-0.056771181523799896,0.0011137319961562753,1.5877410173416138,,,1757045190.9684012
"(None, None)",40.9588859,29.1357974,-0.015,-0.056771181523799896,0.0011137319961562753,1.5877410173416138,,,1757045191.069865
"(None, None)",40.9588859,29.1357974,-0.015,-0.056771181523799896,0.0011137319961562753,1.5877410173416138,,,1757045191.1724098
"(None, None)",40.9588859,29.1357974,-0.015,-0.056771181523799896,0.0011137319961562753,1.5877410173416138,,,1757045191.279624
"(None, None)",40.9588859,29.1357974,-0.015,-0.056771181523799896,0.0011137319961562753,1.5877410173416138,,,1757045191.3862617
"(None, None)",40.9588859,29.1357974,-0.015,-0.056771181523799896,0.0011137319961562753,1.5877410173416138,,,1757045191.4933703
"(None, None)",40.9588859,29.1357974,-0.015,-0.056771181523799896,0.0011137319961562753,1.5877410173416138,,,1757045191.5952911
"(None, None)",40.9588859,29.1357974,-0.015,-0.056771181523799896,0.0011137319961562753,1.5877410173416138,,,1757045191.7030702
"(None, None)",40.9588859,29.1357974,-0.015,-0.056771181523799896,0.0011137319961562753,1.5877410173416138,,,1757045191.8059368
"(None, None)",40.9588859,29.1357974,-0.015,-0.056771181523799896,0.0011137319961562753,1.5877410173416138,,,1757045191.9168477
"(None, None)",40.9588859,29.1357974,-0.015,-0.056771181523799896,0.0011137319961562753,1.5877410173416138,,,1757045192.0209563
"(None, None)",40.9588859,29.1357974,-0.015,-0.056771181523799896,0.0011137319961562753,1.5877410173416138,,,1757045192.1262171
"(None, None)",40.9588859,29.1357974,-0.015,-0.056771181523799896,0.0011137319961562753,1.5877410173416138,,,1757045192.2280552
"(None, None)",40.9588859,29.1357974,-0.015,-0.056771181523799896,0.0011137319961562753,1.5877410173416138,,,1757045192.3313293
"(None, None)",40.9588859,29.1357974,-0.015,-0.056771181523799896,0.0011137319961562753,1.5877410173416138,,,1757045192.4397032
"(None, None)",40.9588859,29.1357974,-0.015,-0.056771181523799896,0.0011137319961562753,1.5877410173416138,,,1757045192.546142
"(None, None)",40.9588859,29.1357974,-0.015,-0.056771181523799896,0.0011137319961562753,1.5877410173416138,,,1757045192.6479998
"(None, None)",40.9588859,29.1357974,-0.015,-0.056771181523799896,0.0011137319961562753,1.5877410173416138,,,1757045192.7536647
"(None, None)",40.9588859,29.1357974,-0.015,-0.056771181523799896,0.0011137319961562753,1.5877410173416138,,,1757045192.8599803
"(None, None)",40.9588859,29.1357974,-0.015,-0.056771181523799896,0.0011137319961562753,1.5877410173416138,,,1757045192.965098
"(None, None)",40.9588859,29.1357974,-0.015,-0.056771181523799896,0.0011137319961562753,1.5877410173416138,,,1757045193.072916
"(None, None)",40.9588859,29.1357974,-0.015,-0.056771181523799896,0.0011137319961562753,1.5877410173416138,,,1757045193.1760964
"(None, None)",40.9588859,29.1357974,-0.015,-0.056771181523799896,0.0011137319961562753,1.5877410173416138,,,1757045193.280461
"(None, None)",40.9588859,29.1357974,-0.015,-0.056771181523799896,0.0011137319961562753,1.5877410173416138,,,1757045193.3852112
"(None, None)",40.9588859,29.1357974,-0.015,-0.056771181523799896,0.0011137319961562753,1.5877410173416138,,,1757045193.4913955
"(None, None)",40.9588859,29.1357974,-0.015,-0.056771181523799896,0.0011137319961562753,1.5877410173416138,,,1757045193.598743
"(None, None)",40.9588859,29.1357974,-0.015,-0.056771181523799896,0.0011137319961562753,1.5877410173416138,,,1757045193.7161028
"(None, None)",40.9588859,29.1357974,-0.015,-0.056771181523799896,0.0011137319961562753,1.5877410173416138,,,1757045193.8208942
"(None, None)",40.9588859,29.1357974,-0.015,-0.056771181523799896,0.0011137319961562753,1.5877410173416138,,,1757045194.0174966
"(None, None)",40.9588859,29.1357974,-0.015,-0.056771181523799896,0.0011137319961562753,1.5877410173416138,,,1757045194.122828
"(None, None)",40.9588859,29.1357974,-0.015,-0.056771181523799896,0.0011137319961562753,1.5877410173416138,,,1757045194.2248156
"(None, None)",40.9588859,29.1357974,-0.015,-0.056771181523799896,0.0011137319961562753,1.5877410173416138,,,1757045194.3315141
"(None, None)",40.9588859,29.1357974,-0.015,-0.056771181523799896,0.0011137319961562753,1.5877410173416138,,,1757045194.441918
"(None, None)",40.9588859,29.1357974,-0.015,-0.056771181523799896,0.0011137319961562753,1.5877410173416138,,,1757045194.5595386
"(None, None)",40.9588859,29.1357974,-0.015,-0.056771181523799896,0.0011137319961562753,1.5877410173416138,,,1757045194.6690717
"(None, None)",40.9588859,29.1357974,-0.015,-0.056771181523799896,0.0011137319961562753,1.5877410173416138,,,1757045194.7733092
"(None, None)",40.9588859,29.1357974,-0.015,-0.056771181523799896,0.0011137319961562753,1.5877410173416138,,,1757045194.8841856
"(None, None)",40.9588859,29.1357974,-0.015,-0.056771181523799896,0.0011137319961562753,1.5877410173416138,,,1757045194.9824803
"(None, None)",40.9588859,29.1357974,-0.015,-0.056771181523799896,0.0011137319961562753,1.5877410173416138,,,1757045195.0873868
"(None, None)",40.9588859,29.1357974,-0.015,-0.056771181523799896,0.0011137319961562753,1.5877410173416138,,,1757045195.1934912
"(None, None)",40.9588859,29.1357974,-0.015,-0.056771181523799896,0.0011137319961562753,1.5877410173416138,,,1757045195.2955878
"(None, None)",40.9588859,29.1357974,-0.015,-0.056771181523799896,0.0011137319961562753,1.5877410173416138,,,1757045195.4034784
"(None, None)",40.9588859,29.1357974,-0.015,-0.056771181523799896,0.0011137319961562753,1.5877410173416138,,,1757045195.5070007
"(None, None)",40.9588859,29.1357974,-0.015,-0.056771181523799896,0.0011137319961562753,1.5877410173416138,,,1757045195.6123147
"(None, None)",40.9588859,29.1357974,-0.015,-0.056771181523799896,0.0011137319961562753,1.5877410173416138,,,1757045195.7183886
"(None, None)",40.9588859,29.1357974,-0.015,-0.056771181523799896,0.0011137319961562753,1.5877410173416138,,,1757045195.8261015
"(None, None)",40.9588859,29.1357974,-0.015,-0.056771181523799896,0.0011137319961562753,1.5877410173416138,,,1757045195.9317956
"(None, None)",40.9588859,29.1357974,-0.015,-0.056771181523799896,0.0011137319961562753,1.5877410173416138,,,1757045196.0338283
"(None, None)",40.9588859,29.1357974,-0.015,-0.056771181523799896,0.0011137319961562753,1.5877410173416138,,,1757045196.13921
"(None, None)",40.9588859,29.1357974,-0.015,-0.056771181523799896,0.0011137319961562753,1.5877410173416138,,,1757045196.242424
"(None, None)",40.9588859,29.1357974,-0.015,-0.056771181523799896,0.0011137319961562753,1.5877410173416138,,,1757045196.3471417
"(None, None)",40.9588859,29.1357974,-0.015,-0.056771181523799896,0.0011137319961562753,1.5877410173416138,,,1757045196.452864
"(None, None)",40.9588859,29.1357974,-0.015,-0.056771181523799896,0.0011137319961562753,1.5877410173416138,,,1757045196.5586555
"(None, None)",40.9588859,29.1357974,-0.015,-0.056771181523799896,0.0011137319961562753,1.5877410173416138,,,1757045196.663512
"(None, None)",40.9588859,29.1357974,-0.015,-0.056771181523799896,0.0011137319961562753,1.5877410173416138,,,1757045196.7713454
"(None, None)",40.9588859,29.1357974,-0.015,-0.056771181523799896,0.0011137319961562753,1.5877410173416138,,,1757045196.8781257
"(318, 240)",40.9588858,29.1357972,4.998,0.004848495125770569,0.001579859177581966,1.5653965473175049,40.9588855842946,29.13579768632566,1757045309.417577
"(319, 242)",40.9588858,29.1357972,4.998,-0.0007444576476700604,0.0015212465077638626,1.5655452013015747,40.95888627123335,29.135797395636054,1757045309.9726818
"(317, 242)",40.9588858,29.1357972,4.998,-0.0013144180411472917,0.0015409773914143443,1.5657308101654053,40.95888629900013,29.135797973097926,1757045310.1400323
"(318, 241)",40.9588858,29.1357972,4.998,-0.0013144180411472917,0.0015409773914143443,1.5657308101654053,40.9588860793852,29.135797685217614,1757045310.2459726
"(317, 243)",40.9588858,29.1357972,4.999,0.003405830590054393,0.0015701509546488523,1.565561056137085,40.958886305745224,29.135797971309906,1757045310.3501048
"(317, 240)",40.9588858,29.1357972,4.999,0.003405830590054393,0.0015701509546488523,1.565561056137085,40.958885650123335,29.135797975898203,1757045310.4579697
"(317, 241)",40.9588857,29.1357972,5.0,0.0016336779808625579,0.0015247160336002707,1.5655337572097778,40.958885848306984,29.135797976672826,1757045310.558379
"(317, 238)",40.9588857,29.1357972,5.0,0.0016336779808625579,0.0015247160336002707,1.5655337572097778,40.95888519252159,29.135797981263508,1757045310.6680934
"(320, 242)",40.9588857,29.1357972,5.0,0.0016336779808625579,0.0015247160336002707,1.5655337572097778,40.95888606345219,29.135797106780526,1757045310.772549
"(318, 240)",40.9588857,29.1357972,5.0,-0.0022719737607985735,0.0014196338597685099,1.5655022859573364,40.95888580402184,29.135797693772936,1757045310.880494
"(316, 241)",40.9588857,29.1357972,5.0,-0.0022719737607985735,0.0014196338597685099,1.5655022859573364,40.95888602493008,29.135798271159903,1757045310.9812968
"(320, 242)",40.9588857,29.1357972,5.0,0.003129401244223118,0.0015828714240342379,1.565500259399414,40.958885996251695,29.13579710377671,1757045311.0876608
"(317, 240)",40.9588857,29.1357972,5.0,0.003129401244223118,0.0015828714240342379,1.565500259399414,40.95888556254171,29.13579797522093,1757045311.189693
"(317, 243)",40.9588857,29.1357972,5.0,0.0035141808912158012,0.0015834512887522578,1.565486192703247,40.95888620101968,29.13579797065604,1757045311.2962735
"(317, 244)",40.9588857,29.1357972,5.0,0.0035141808912158012,0.0015834512887522578,1.565486192703247,40.958886419588765,29.13579796910428,1757045311.3981538
"(317, 244)",40.9588857,29.1357972,5.0,0.0035141808912158012,0.0015834512887522578,1.565486192703247,40.958886419588765,29.13579796910428,1757045311.5028841
"(317, 245)",40.9588857,29.1357972,5.0,-0.0015171687118709087,0.0015403387369588017,1.565427303314209,40.958886864298215,29.13579796853845,1757045311.6059856
"(320, 242)",40.9588857,29.1357972,5.0,-0.0015171687118709087,0.0015403387369588017,1.565427303314209,40.958886204975116,29.135797104793852,1757045311.7127204
"(320, 242)",40.9588857,29.1357972,5.001,0.0018397393869236112,0.0015082235913723707,1.5654473304748535,40.95888605426502,29.135797107766955,1757045311.8167624
"(317, 243)",40.9588857,29.1357972,5.001,0.0018397393869236112,0.0015082235913723707,1.5654473304748535,40.95888627639307,29.13579797474474,1757045311.9235115
"(317, 244)",40.9588857,29.1357972,5.001,0.0018397393869236112,0.0015082235913723707,1.5654473304748535,40.95888649501658,29.135797973188424,1757045312.0276384
"(317, 245)",40.9588857,29.1357972,5.001,0.004669851157814264,0.0015223226509988308,1.5654796361923218,40.95888658641943,29.135797971680315,1757045312.1335797
"(316, 245)",40.9588857,29.1357972,5.001,0.004669851157814264,0.0015223226509988308,1.5654796361923218,40.95888658757517,29.1357982611581,1757045312.2346828
"(316, 245)",40.9588857,29.1357972,5.001,0.004669851157814264,0.0015223226509988308,1.5654796361923218,40.95888658757517,29.1357982611581,1757045312.3349025
"(317, 244)",40.9588857,29.1357972,5.001,-0.0005995191168040037,0.001576095586642623,1.5655688047409058,40.958886604547324,29.13579796855917,1757045312.4391785
"(320, 242)",40.9588857,29.1357972,5.001,-0.0005995191168040037,0.001576095586642623,1.5655688047409058,40.95888616384845,29.135797103027745,1757045312.545272
"(320, 242)",40.9588857,29.1357972,5.001,0.0006474006804637611,0.0015820893459022045,1.5655726194381714,40.95888610782517,29.135797103061048,1757045312.6520443
"(320, 242)",40.9588857,29.1357972,5.001,0.0006474006804637611,0.0015820893459022045,1.5655726194381714,40.95888610782517,29.135797103061048,1757045312.757926
"(317, 244)",40.9588857,29.1357972,5.001,0.005169918294996023,0.0015212411526590586,1.5655173063278198,40.95888634533185,29.135797973487463,1757045312.861242
"(317, 244)",40.9588857,29.1357972,5.001,0.005169918294996023,0.0015212411526590586,1.5655173063278198,40.95888634533185,29.135797973487463,1757045312.9685776
"(317, 245)",40.9588857,29.1357972,5.001,0.005169918294996023,0.0015212411526590586,1.5655173063278198,40.958886563924644,29.135797971937546,1757045313.06966
"(317, 244)",40.9588857,29.1357972,5.001,0.0007241876446641982,0.001496467855758965,1.565470814704895,40.95888654513658,29.135797973576686,1757045313.172949
"(317, 243)",40.9588857,29.1357972,5.001,0.0007241876446641982,0.001496467855758965,1.565470814704895,40.95888632650531,29.135797975121545,1757045313.2756562
"(320, 242)",40.9588857,29.1357972,5.001,-0.0006968773668631911,0.0014906347496435046,1.5656095743179321,40.9588861682455,29.135797108106647,1757045313.3839025
"(319, 241)",40.9588857,29.1357972,5.001,-0.0006968773668631911,0.0014906347496435046,1.5656095743179321,40.9588859507339,29.135797399129984,1757045313.4878669
"(319, 242)",40.9588857,29.1357972,5.001,-0.0006968773668631911,0.0014906347496435046,1.5656095743179321,40.95888616937615,29.135797397629265,1757045313.5939608
"(318, 241)",40.9588857,29.1357971,5.001,0.00465161819010973,0.0011948912870138884,1.5655739307403564,40.95888571167276,29.135797607882616,1757045313.6983376
"(317, 243)",40.9588857,29.1357971,5.001,0.00465161819010973,0.0011948912870138884,1.5655739307403564,40.958886150059314,29.135797894330068,1757045313.8040595
"(317, 244)",40.9588857,29.1357971,5.001,0.00465161819010973,0.0011948912870138884,1.5655739307403564,40.95888636866688,29.135797892798628,1757045313.9126036
"(317, 243)",40.9588857,29.1357971,5.001,0.001562679884955287,0.001080492977052927,1.5655831098556519,40.958886288865635,29.135797900214847,1757045314.0126824
"(317, 242)",40.9588857,29.1357971,5.001,0.001562679884955287,0.001080492977052927,1.5655831098556519,40.95888607023554,29.13579790173073,1757045314.1144388
"(319, 240)",40.9588857,29.1357971,5.001,-0.0001293619570787996,0.001635401276871562,1.565550684928894,40.95888570657296,29.135797292193256,1757045360.3583972
"(318, 240)",40.9588857,29.1357971,5.001,-0.0001653106592129916,0.0013983482494950294,1.5655598640441895,40.9588857093872,29.135797595800703,1757045360.897559
"(317, 242)",40.9588857,29.1357971,5.001,-0.0001653106592129916,0.0013983482494950294,1.5655598640441895,40.958886147806645,29.135797882282645,1757045361.077368
"(318, 240)",40.9588857,29.1357971,5.001,-0.0001157213919213973,0.0015240130014717579,1.5656529664993286,40.95888570709557,29.13579758834097,1757045361.1835341
"(319, 240)",40.9588857,29.1357971,5.001,-0.0001157213919213973,0.0015240130014717579,1.5656529664993286,40.95888570597107,29.135797298824656,1757045361.2926643
"(318, 241)",40.9588857,29.1357971,5.001,0.004885963164269924,0.0015570895047858357,1.5655956268310547,40.958885701052175,29.135797586407495,1757045361.3970149
"(318, 244)",40.9588857,29.1357971,5.001,0.004885963164269924,0.0015570895047858357,1.5655956268310547,40.95888635690426,29.135797581849495,1757045361.4987202
"(318, 241)",40.9588857,29.1357971,5.001,0.004885963164269924,0.0015570895047858357,1.5655956268310547,40.958885701052175,29.135797586407495,1757045361.6020727
"(318, 242)",40.9588857,29.1357971,5.001,0.0007182711269706488,0.001684746821410954,1.5656019449234009,40.958886106884115,29.135797576024192,1757045361.7045476
"(317, 243)",40.9588857,29.1357971,5.001,0.0007182711269706488,0.001684746821410954,1.5656019449234009,40.958886326648916,29.135797864026348,1757045361.8096306
"(317, 242)",40.9588857,29.1357971,5.001,-0.0011897627264261246,0.0015392792411148548,1.5655632019042969,40.958886193797376,29.1357978735898,1757045361.9154074
"(318, 240)",40.9588857,29.1357971,5.001,-0.0011897627264261246,0.0015392792411148548,1.5655632019042969,40.958885755374816,29.135797587097958,1757045362.015618
"(319, 240)",40.9588857,29.1357971,5.001,-0.0011897627264261246,0.0015392792411148548,1.5655632019042969,40.958885754231055,29.13579729758162,1757045362.1200109
"(317, 242)",40.9588857,29.1357971,5.001,0.004418876953423023,0.0017367308028042316,1.5656323432922363,40.95888594173514,29.135797863570538,1757045362.2204611
"(318, 244)",40.9588857,29.1357971,5.001,0.004418876953423023,0.0017367308028042316,1.5656323432922363,40.958886377836016,29.13579757105473,1757045362.3280523
"(318, 242)",40.9588857,29.1357971,5.001,0.0017147216713055968,0.001700320397503674,1.565622091293335,40.95888606210592,29.135797575410365,1757045362.4339497
"(318, 242)",40.9588857,29.1357971,5.001,0.0017147216713055968,0.001700320397503674,1.565622091293335,40.95888606210592,29.135797575410365,1757045362.538237
"(318, 242)",40.9588857,29.1357971,5.001,0.0017147216713055968,0.001700320397503674,1.565622091293335,40.95888606210592,29.135797575410365,1757045362.641624
"(319, 241)",40.9588857,29.1357971,5.0,-0.0016529519343748689,0.0015179832698777318,1.5654550790786743,40.958885993643925,29.13579729711022,1757045362.74906
"(317, 239)",40.9588857,29.1357971,5.0,-0.0016529519343748689,0.0015179832698777318,1.5654550790786743,40.95888555878797,29.135797879105898,1757045362.853358
"(319, 241)",40.9588857,29.1357971,5.0,0.0039789145812392235,0.0014426105190068483,1.5655676126480103,40.95888574068616,29.135797303382315,1757045362.9581742
"(317, 242)",40.9588857,29.1357971,5.0,0.0039789145812392235,0.0014426105190068483,1.5655676126480103,40.95888596155532,29.1357978807585,1757045363.0616488
"(318, 243)",40.9588857,29.1357971,5.0,0.0030428278259932995,0.0015915663680061698,1.5656356811523438,40.958886220979906,29.135797580690223,1757045363.1693978
"(318, 243)",40.9588857,29.1357971,5.0,0.0030428278259932995,0.0015915663680061698,1.5656356811523438,40.958886220979906,29.135797580690223,1757045363.2712784
"(318, 244)",40.9588857,29.1357971,5.0,0.0030428278259932995,0.0015915663680061698,1.5656356811523438,40.95888643955369,29.135797579187976,1757045363.3769758
"(317, 242)",40.9588857,29.1357971,4.999,-0.0018647679826244712,0.0015318368095904589,1.5655877590179443,40.95888622390248,29.13579787353662,1757045363.4874387
"(319, 241)",40.9588857,29.1357971,4.999,-0.0018647679826244712,0.0015318368095904589,1.5655877590179443,40.9588860030744,29.135797296233374,1757045363.58944
"(317, 241)",40.9588857,29.1357971,4.999,0.0026774276047945023,0.0015108550433069468,1.5655843019485474,40.958885801380774,29.13579787767282,1757045363.6924872
"(319, 241)",40.9588857,29.1357971,4.999,0.0026774276047945023,0.0015108550433069468,1.5655843019485474,40.95888579910407,29.135797298881595,1757045363.7973912
"(318, 242)",40.9588857,29.1357971,4.999,0.0026774276047945023,0.0015108550433069468,1.5655843019485474,40.958886018786245,29.135797586763456,1757045363.9065304
"(318, 243)",40.9588857,29.1357971,4.999,0.0036443518474698067,0.0016648879973217845,1.5656346082687378,40.958886193843604,29.135797576413783,1757045364.0068598
"(318, 243)",40.9588857,29.1357971,4.999,0.0036443518474698067,0.0016648879973217845,1.5656346082687378,40.958886193843604,29.135797576413783,1757045364.111126
"(318, 244)",40.9588857,29.1357971,4.999,-0.0017933993367478251,0.001618013484403491,1.565590739250183,40.95888665666675,29.13579757603056,1757045364.2252426
"(319, 241)",40.9588857,29.1357971,4.999,-0.0017933993367478251,0.001618013484403491,1.565590739250183,40.95888599984871,29.135797291132047,1757045364.327734
"(319, 240)",40.9588857,29.1357971,4.999,-0.0017933993367478251,0.001618013484403491,1.565590739250183,40.95888578129373,29.13579729263607,1757045364.4303908
"(318, 239)",40.9588857,29.1357971,4.999,0.0013022253988310695,0.0015668735140934587,1.5656265020370483,40.95888542486631,29.135797587532828,1757045364.5376434
"(319, 241)",40.9588857,29.1357971,4.999,0.0013022253988310695,0.0015668735140934587,1.5656265020370483,40.958885860839914,29.135797295134378,1757045364.6486654
"(317, 242)",40.9588857,29.1357971,5.0,0.004182669799774885,0.0015079794684424996,1.5655728578567505,40.95888595238486,29.135797876934063,1757045364.7533824
"(318, 244)",40.9588857,29.1357971,5.0,0.004182669799774885,0.0015079794684424996,1.5655728578567505,40.958886388388144,29.135797584441946,1757045364.8584464
"(318, 244)",40.9588857,29.1357971,5.0,0.004182669799774885,0.0015079794684424996,1.5655728578567505,40.958886388388144,29.135797584441946,1757045364.9626186
"(318, 243)",40.9588857,29.1357971,5.0,-0.001302353455685079,0.001551225665025413,1.5654877424240112,40.9588864162423,29.135797581649985,1757045365.0674722
"(319, 241)",40.9588857,29.1357971,5.0,-0.001302353455685079,0.001551225665025413,1.5654877424240112,40.95888597788339,29.135797295255827,1757045365.1701357
"(318, 242)",40.9588857,29.1357971,5.001,-0.0001666034950176254,0.0015586107037961483,1.5655832290649414,40.95888614667605,29.13579758324859,1757045365.2745283
"(320, 240)",40.9588857,29.1357971,5.001,-0.0001666034950176254,0.0015586107037961483,1.5655832290649414,40.95888570711951,29.13579700722967,1757045365.3795512
"(319, 241)",40.9588857,29.1357971,5.001,-0.0001666034950176254,0.0015586107037961483,1.5655832290649414,40.95888592689927,29.13579729524108,1757045365.4825852
"(318, 242)",40.9588857,29.1357971,5.001,0.004410007502883673,0.001662624068558216,1.5655922889709473,40.95888594103844,29.13579757846272,1757045365.5854588
"(318, 245)",40.9588857,29.1357971,5.001,0.004410007502883673,0.001662624068558216,1.5655922889709473,40.958886596866506,29.13579757390601,1757045365.692651
"(318, 245)",40.9588857,29.1357971,5.001,0.004410007502883673,0.001662624068558216,1.5655922889709473,40.958886596866506,29.13579757390601,1757045365.7980149
"(318, 243)",40.9588857,29.1357971,5.001,0.00017644732724875212,0.001552229281514883,1.5656158924102783,40.95888634989041,29.135797582251016,1757045365.8989065
"(319, 241)",40.9588857,29.1357971,5.001,0.00017644732724875212,0.001552229281514883,1.5656158924102783,40.95888591148441,29.135797295735756,1757045366.0048351
"(319, 241)",40.9588857,29.1357971,5.001,-0.001317328424192965,0.001549445209093392,1.5656241178512573,40.95888597859202,29.135797295446405,1757045366.1109884
"(318, 241)",40.9588857,29.1357971,5.001,-0.001317328424192965,0.001549445209093392,1.5656241178512573,40.95888597972078,29.13579758496471,1757045366.2178273
"(319, 241)",40.9588857,29.1357971,5.001,-0.001317328424192965,0.001549445209093392,1.5656241178512573,40.95888597859202,29.135797295446405,1757045366.3203382
"(318, 243)",40.9588857,29.1357971,5.001,0.004200496710836887,0.001617833157069981,1.5656421184539795,40.95888616906272,29.13579757957578,1757045366.4248939
"(318, 245)",40.9588857,29.1357971,5.001,0.004200496710836887,0.001617833157069981,1.5656421184539795,40.95888660627511,29.13579757656805,1757045366.5270169
"(318, 246)",40.9588857,29.1357971,5.001,0.0016253225039690733,0.0015188110992312431,1.5656652450561523,40.958886940649435,29.135797580242343,1757045366.6345925
"(318, 245)",40.9588857,29.1357971,5.001,0.0016253225039690733,0.0015188110992312431,1.5656652450561523,40.95888672202956,29.13579758173235,1757045366.7413983
"(318, 242)",40.9588857,29.1357971,5.001,0.0016253225039690733,0.0015188110992312431,1.5656652450561523,40.95888606614919,29.135797586202518,1757045366.8446572
"(319, 241)",40.9588857,29.1357971,5.001,-0.001967906951904297,0.0014675318961963058,1.5656284093856812,40.95888600783824,29.13579730012211,1757045366.9490855
"(319, 241)",40.9588857,29.1357971,5.001,-0.001967906951904297,0.0014675318961963058,1.5656284093856812,40.95888600783824,29.13579730012211,1757045367.059099
"(319, 241)",40.9588857,29.1357971,5.001,0.003504229476675391,0.0015215573366731405,1.5654982328414917,40.958885762010866,29.135797298573358,1757045367.1579325
"(318, 243)",40.9588857,29.1357971,5.001,0.003504229476675391,0.0015215573366731405,1.5654982328414917,40.95888620042051,29.135797584998897,1757045367.2645278
"(None, None)",40.9588859,29.1357975,-0.014,0.060668136924505234,0.000639632111415267,1.5925081968307495,,,1757045733.957871
"(None, None)",40.9588859,29.1357975,-0.014,0.06068725511431694,0.0005503186257556081,1.5923103094100952,,,1757045734.4755526
"(None, None)",40.9588859,29.1357975,-0.014,0.060837384313344955,0.0005069973412901163,1.592206597328186,,,1757045734.5790958
"(None, None)",40.9588859,29.1357975,-0.014,0.060837384313344955,0.0005069973412901163,1.592206597328186,,,1757045734.6803246
"(None, None)",40.9588859,29.1357975,-0.014,0.060837384313344955,0.0005069973412901163,1.592206597328186,,,1757045734.7859519
"(None, None)",40.9588859,29.1357975,-0.014,0.06069287285208702,0.0004725462931673974,1.5921188592910767,,,1757045734.8891573
"(None, None)",40.9588859,29.1357975,-0.014,0.06069287285208702,0.0004725462931673974,1.5921188592910767,,,1757045734.9940467
"(None, None)",40.9588859,29.1357975,-0.014,0.06072646751999855,0.00043786311289295554,1.5920244455337524,,,1757045735.1376388
"(None, None)",40.9588859,29.1357975,-0.014,0.06072646751999855,0.00043786311289295554,1.5920244455337524,,,1757045735.282441
"(None, None)",40.9588859,29.1357975,-0.014,0.06072646751999855,0.00043786311289295554,1.5920244455337524,,,1757045735.4233444
"(None, None)",40.9588859,29.1357975,-0.014,0.060788776725530624,0.0004062271909788251,1.5919444561004639,,,1757045735.5242674
"(None, None)",40.9588859,29.1357975,-0.014,0.060788776725530624,0.0004062271909788251,1.5919444561004639,,,1757045735.6314144
"(None, None)",40.958886,29.1357975,-0.014,0.06080126389861107,0.000408526771934703,1.5918667316436768,,,1757045735.7347245
"(None, None)",40.958886,29.1357975,-0.014,0.06080126389861107,0.000408526771934703,1.5918667316436768,,,1757045735.8408654
"(None, None)",40.958886,29.1357975,-0.014,0.06080126389861107,0.000408526771934703,1.5918667316436768,,,1757045735.9404354
"(None, None)",40.9588859,29.1357975,-0.014,0.06101427227258682,0.00048057606909424067,1.5914989709854126,,,1757045737.0586448
"(None, None)",40.9588859,29.1357975,-0.014,0.06101427227258682,0.00048057606909424067,1.5914989709854126,,,1757045737.159306
"(None, None)",40.9588859,29.1357975,-0.015,0.06106572225689888,0.0004842085181735456,1.5914334058761597,,,1757045737.2686028
"(None, None)",40.9588859,29.1357975,-0.015,0.06106572225689888,0.0004842085181735456,1.5914334058761597,,,1757045737.367136
"(None, None)",40.9588859,29.1357975,-0.015,0.06108546257019043,0.00047762729809619486,1.5912339687347412,,,1757045738.5070856
"(None, None)",40.9588859,29.1357975,-0.015,0.06108546257019043,0.00047762729809619486,1.5912339687347412,,,1757045738.6059291
"(None, None)",40.9588859,29.1357975,-0.015,0.06108546257019043,0.00047762729809619486,1.5912339687347412,,,1757045738.7106361
"(None, None)",40.9588859,29.1357975,-0.015,0.06107857823371887,0.00046252174070104957,1.5912103652954102,,,1757045738.8131495
"(None, None)",40.9588859,29.1357975,-0.015,0.06107857823371887,0.00046252174070104957,1.5912103652954102,,,1757045738.9185107
"(None, None)",40.9588859,29.1357975,-0.015,0.0610625185072422,0.0004392766277305782,1.5911951065063477,,,1757045739.0209732
"(None, None)",40.9588858,29.1357975,-0.015,0.06097184494137764,0.00036713952431455255,1.5911325216293335,,,1757045740.1618516
"(None, None)",40.9588858,29.1357975,-0.015,0.060873843729496,0.00032138507231138647,1.5910930633544922,,,1757045741.297238
"(None, None)",40.9588858,29.1357974,-0.015,0.06086860969662666,0.0009168575052171946,1.5891947746276855,,,1757045783.7445638
"(None, None)",40.9588858,29.1357974,-0.015,0.06086860969662666,0.0009168575052171946,1.5891947746276855,,,1757045783.844494
"(None, None)",40.9588858,29.1357974,-0.015,0.06086860969662666,0.0009168575052171946,1.5891947746276855,,,1757045783.9449096
"(None, None)",40.9588858,29.1357974,-0.015,0.06086860969662666,0.0009168575052171946,1.5891947746276855,,,1757045784.0448294
"(None, None)",40.9588858,29.1357974,-0.015,0.06086860969662666,0.0009168575052171946,1.5891947746276855,,,1757045785.173627
"(None, None)",40.9588858,29.1357974,-0.015,0.06086860969662666,0.0009168575052171946,1.5891947746276855,,,1757045813.1164925
"(None, None)",40.9588858,29.1357974,-0.015,0.06086860969662666,0.0009168575052171946,1.5891947746276855,,,1757045813.214296
"(None, None)",40.9588858,29.1357974,-0.015,0.06086860969662666,0.0009168575052171946,1.5891947746276855,,,1757045813.3200977
"(None, None)",40.9588858,29.1357974,-0.015,0.06086860969662666,0.0009168575052171946,1.5891947746276855,,,1757045813.5309463
"(None, None)",40.9588858,29.1357974,-0.015,0.06086860969662666,0.0009168575052171946,1.5891947746276855,,,1757045813.6322224
"(None, None)",40.9588858,29.1357974,-0.015,0.06086860969662666,0.0009168575052171946,1.5891947746276855,,,1757045813.740009
"(None, None)",40.9588858,29.1357974,-0.015,0.06086860969662666,0.0009168575052171946,1.5891947746276855,,,1757045813.841756
"(None, None)",40.9588858,29.1357974,-0.015,0.06086860969662666,0.0009168575052171946,1.5891947746276855,,,1757045813.9465275
"(None, None)",40.9588858,29.1357974,-0.015,0.06086860969662666,0.0009168575052171946,1.5891947746276855,,,1757045814.0502691
"(None, None)",40.9588858,29.1357974,-0.015,0.06086860969662666,0.0009168575052171946,1.5891947746276855,,,1757045814.158877
"(None, None)",40.9588858,29.1357974,-0.015,0.06086860969662666,0.0009168575052171946,1.5891947746276855,,,1757045814.263665
"(None, None)",40.9588858,29.1357974,-0.015,0.06086860969662666,0.0009168575052171946,1.5891947746276855,,,1757045814.3672342
"(None, None)",40.9588858,29.1357974,-0.015,0.06086860969662666,0.0009168575052171946,1.5891947746276855,,,1757045814.4701133
"(None, None)",40.9588858,29.1357974,-0.015,0.06086860969662666,0.0009168575052171946,1.5891947746276855,,,1757045814.578684
"(None, None)",40.9588858,29.1357974,-0.015,0.06086860969662666,0.0009168575052171946,1.5891947746276855,,,1757045814.6829934
"(None, None)",40.9588858,29.1357974,-0.015,0.06086860969662666,0.0009168575052171946,1.5891947746276855,,,1757045814.792456
"(None, None)",40.9588858,29.1357974,-0.015,0.06086860969662666,0.0009168575052171946,1.5891947746276855,,,1757045814.8931391
"(None, None)",40.9588858,29.1357974,-0.015,0.06086860969662666,0.0009168575052171946,1.5891947746276855,,,1757045814.9994998
"(None, None)",40.9588858,29.1357974,-0.015,0.06086860969662666,0.0009168575052171946,1.5891947746276855,,,1757045815.100201
"(None, None)",40.9588858,29.1357974,-0.015,0.06086860969662666,0.0009168575052171946,1.5891947746276855,,,1757045815.2116933
"(None, None)",40.9588858,29.1357974,-0.015,0.06086860969662666,0.0009168575052171946,1.5891947746276855,,,1757045815.320468
"(None, None)",40.9588858,29.1357974,-0.015,0.06086860969662666,0.0009168575052171946,1.5891947746276855,,,1757045815.4210153
"(None, None)",40.9588858,29.1357974,-0.015,0.06086860969662666,0.0009168575052171946,1.5891947746276855,,,1757045815.52899
"(None, None)",40.9588858,29.1357974,-0.015,0.06086860969662666,0.0009168575052171946,1.5891947746276855,,,1757045815.6305618
"(None, None)",40.9588858,29.1357974,-0.015,0.06086860969662666,0.0009168575052171946,1.5891947746276855,,,1757045815.7378066
"(None, None)",40.9588858,29.1357974,-0.015,0.06086860969662666,0.0009168575052171946,1.5891947746276855,,,1757045815.84053
"(None, None)",40.9588858,29.1357974,-0.015,0.06086860969662666,0.0009168575052171946,1.5891947746276855,,,1757045815.9486494
"(None, None)",40.9588858,29.1357974,-0.015,0.06086860969662666,0.0009168575052171946,1.5891947746276855,,,1757045816.0527792
"(None, None)",40.9588858,29.1357974,-0.015,0.06086860969662666,0.0009168575052171946,1.5891947746276855,,,1757045816.161914
"(None, None)",40.9588858,29.1357974,-0.015,0.06086860969662666,0.0009168575052171946,1.5891947746276855,,,1757045816.2623937
"(None, None)",40.9588858,29.1357974,-0.015,0.06086860969662666,0.0009168575052171946,1.5891947746276855,,,1757045816.3695524
"(None, None)",40.9588858,29.1357974,-0.015,0.06086860969662666,0.0009168575052171946,1.5891947746276855,,,1757045816.4704223
"(None, None)",40.9588858,29.1357974,-0.015,0.06086860969662666,0.0009168575052171946,1.5891947746276855,,,1757045816.5805519
"(None, None)",40.9588858,29.1357974,-0.015,0.06086860969662666,0.0009168575052171946,1.5891947746276855,,,1757045816.683745
"(None, None)",40.9588858,29.1357974,-0.015,0.06086860969662666,0.0009168575052171946,1.5891947746276855,,,1757045816.7938995
"(None, None)",40.9588858,29.1357974,-0.015,0.06086860969662666,0.0009168575052171946,1.5891947746276855,,,1757045816.9009192
"(None, None)",40.9588858,29.1357974,-0.015,0.06086860969662666,0.0009168575052171946,1.5891947746276855,,,1757045817.0065145
"(None, None)",40.9588858,29.1357974,-0.015,0.06086860969662666,0.0009168575052171946,1.5891947746276855,,,1757045817.1126893
"(None, None)",40.9588858,29.1357974,-0.015,0.06086860969662666,0.0009168575052171946,1.5891947746276855,,,1757045817.2218735
"(None, None)",40.9588858,29.1357974,-0.015,0.06086860969662666,0.0009168575052171946,1.5891947746276855,,,1757045817.3266635
"(None, None)",40.9588858,29.1357974,-0.015,0.06086860969662666,0.0009168575052171946,1.5891947746276855,,,1757045817.4336228
"(None, None)",40.9588858,29.1357974,-0.015,0.06086860969662666,0.0009168575052171946,1.5891947746276855,,,1757045817.5380075
"(None, None)",40.9588858,29.1357974,-0.015,0.06086860969662666,0.0009168575052171946,1.5891947746276855,,,1757045817.6490257
"(None, None)",40.9588858,29.1357974,-0.015,0.06086860969662666,0.0009168575052171946,1.5891947746276855,,,1757045817.7606838
"(None, None)",40.9588858,29.1357974,-0.015,0.06086860969662666,0.0009168575052171946,1.5891947746276855,,,1757045817.8761158
"(None, None)",40.9588858,29.1357974,-0.015,0.06086860969662666,0.0009168575052171946,1.5891947746276855,,,1757045817.9859154
"(None, None)",40.9588858,29.1357974,-0.015,0.06086860969662666,0.0009168575052171946,1.5891947746276855,,,1757045818.089651
"(None, None)",40.9588858,29.1357974,-0.015,0.06086860969662666,0.0009168575052171946,1.5891947746276855,,,1757045818.1987982
"(None, None)",40.9588858,29.1357974,-0.015,0.06086860969662666,0.0009168575052171946,1.5891947746276855,,,1757045818.3037171
"(None, None)",40.9588858,29.1357974,-0.015,0.06086860969662666,0.0009168575052171946,1.5891947746276855,,,1757045818.4156756
"(None, None)",40.9588858,29.1357974,-0.015,0.06086860969662666,0.0009168575052171946,1.5891947746276855,,,1757045818.5169346
"(None, None)",40.9588858,29.1357974,-0.015,0.06086860969662666,0.0009168575052171946,1.5891947746276855,,,1757045818.625865
"(None, None)",40.9588858,29.1357974,-0.015,0.06086860969662666,0.0009168575052171946,1.5891947746276855,,,1757045818.7316015
"(None, None)",40.9588858,29.1357974,-0.015,0.06086860969662666,0.0009168575052171946,1.5891947746276855,,,1757045818.8406708
"(None, None)",40.9588858,29.1357974,-0.015,0.06086860969662666,0.0009168575052171946,1.5891947746276855,,,1757045818.9516277
"(None, None)",40.9588858,29.1357974,-0.015,0.06086860969662666,0.0009168575052171946,1.5891947746276855,,,1757045819.0618975
"(None, None)",40.9588858,29.1357974,-0.015,0.06086860969662666,0.0009168575052171946,1.5891947746276855,,,1757045819.1652987
"(None, None)",40.9588858,29.1357974,-0.015,0.06086860969662666,0.0009168575052171946,1.5891947746276855,,,1757045819.2809184
"(None, None)",40.9588858,29.1357974,-0.015,0.06086860969662666,0.0009168575052171946,1.5891947746276855,,,1757045819.3847244
"(None, None)",40.9588858,29.1357974,-0.015,0.06086860969662666,0.0009168575052171946,1.5891947746276855,,,1757045819.487443
"(None, None)",40.9588858,29.1357974,-0.015,0.06086860969662666,0.0009168575052171946,1.5891947746276855,,,1757045819.595473
"(None, None)",40.9588858,29.1357974,-0.015,0.06086860969662666,0.0009168575052171946,1.5891947746276855,,,1757045819.6987104
"(None, None)",40.9588858,29.1357974,-0.015,0.06086860969662666,0.0009168575052171946,1.5891947746276855,,,1757045819.8036625
"(None, None)",40.9588858,29.1357974,-0.015,0.06086860969662666,0.0009168575052171946,1.5891947746276855,,,1757045819.9109006
"(None, None)",40.9588858,29.1357974,-0.015,0.06086860969662666,0.0009168575052171946,1.5891947746276855,,,1757045820.0199313
"(None, None)",40.9588858,29.1357974,-0.015,0.06086860969662666,0.0009168575052171946,1.5891947746276855,,,1757045820.1228442
"(None, None)",40.9588858,29.1357974,-0.015,0.06086860969662666,0.0009168575052171946,1.5891947746276855,,,1757045820.2313545
"(None, None)",40.9588858,29.1357974,-0.015,0.06086860969662666,0.0009168575052171946,1.5891947746276855,,,1757045820.3369498
"(None, None)",40.9588858,29.1357974,-0.015,0.06086860969662666,0.0009168575052171946,1.5891947746276855,,,1757045820.442337
"(None, None)",40.9588858,29.1357974,-0.015,0.06086860969662666,0.0009168575052171946,1.5891947746276855,,,1757045820.5457442
"(None, None)",40.9588858,29.1357974,-0.015,0.06086860969662666,0.0009168575052171946,1.5891947746276855,,,1757045820.6546223
"(None, None)",40.9588858,29.1357974,-0.015,0.06086860969662666,0.0009168575052171946,1.5891947746276855,,,1757045820.7559495
"(None, None)",40.9588858,29.1357974,-0.015,0.06086860969662666,0.0009168575052171946,1.5891947746276855,,,1757045820.8648143
"(None, None)",40.9588858,29.1357974,-0.015,0.06086860969662666,0.0009168575052171946,1.5891947746276855,,,1757045820.9703958
"(None, None)",40.9588858,29.1357974,-0.015,0.06086860969662666,0.0009168575052171946,1.5891947746276855,,,1757045821.084131
"(None, None)",40.9588858,29.1357974,-0.015,0.06086860969662666,0.0009168575052171946,1.5891947746276855,,,1757045821.1889298
"(None, None)",40.9588858,29.1357974,-0.015,0.06086860969662666,0.0009168575052171946,1.5891947746276855,,,1757045821.2986562
"(None, None)",40.9588858,29.1357974,-0.015,0.06086860969662666,0.0009168575052171946,1.5891947746276855,,,1757045821.403234
"(None, None)",40.9588858,29.1357974,-0.015,0.06086860969662666,0.0009168575052171946,1.5891947746276855,,,1757045821.5130515
"(None, None)",40.9588858,29.1357974,-0.015,0.06086860969662666,0.0009168575052171946,1.5891947746276855,,,1757045821.6205003
"(None, None)",40.9588858,29.1357974,-0.015,0.06086860969662666,0.0009168575052171946,1.5891947746276855,,,1757045821.7259297
"(None, None)",40.9588858,29.1357974,-0.015,0.06086860969662666,0.0009168575052171946,1.5891947746276855,,,1757045821.8290923
"(None, None)",40.9588858,29.1357974,-0.015,0.06086860969662666,0.0009168575052171946,1.5891947746276855,,,1757045821.9294384
"(None, None)",40.9588858,29.1357974,-0.015,0.06086860969662666,0.0009168575052171946,1.5891947746276855,,,1757045822.0349348
"(None, None)",40.9588858,29.1357974,-0.015,0.06086860969662666,0.0009168575052171946,1.5891947746276855,,,1757045822.1389349
"(None, None)",40.9588858,29.1357974,-0.015,0.06086860969662666,0.0009168575052171946,1.5891947746276855,,,1757045822.2462292
"(None, None)",40.9588858,29.1357974,-0.015,0.06086860969662666,0.0009168575052171946,1.5891947746276855,,,1757045822.3493376
"(None, None)",40.9588858,29.1357974,-0.015,0.06086860969662666,0.0009168575052171946,1.5891947746276855,,,1757045822.4490178
"(None, None)",40.9588858,29.1357974,-0.015,0.06086860969662666,0.0009168575052171946,1.5891947746276855,,,1757045822.5595021
"(None, None)",40.9588858,29.1357974,-0.015,0.06086860969662666,0.0009168575052171946,1.5891947746276855,,,1757045822.6716826
"(None, None)",40.9588858,29.1357974,-0.015,0.06086860969662666,0.0009168575052171946,1.5891947746276855,,,1757045822.7803965
"(None, None)",40.9588858,29.1357974,-0.015,0.06086860969662666,0.0009168575052171946,1.5891947746276855,,,1757045822.8918216
"(None, None)",40.9588858,29.1357974,-0.015,0.06086860969662666,0.0009168575052171946,1.5891947746276855,,,1757045823.0037954
"(None, None)",40.9588858,29.1357974,-0.015,0.06086860969662666,0.0009168575052171946,1.5891947746276855,,,1757045823.119215
"(None, None)",40.9588858,29.1357974,-0.015,0.06086860969662666,0.0009168575052171946,1.5891947746276855,,,1757045823.2309475
"(None, None)",40.9588858,29.1357974,-0.015,0.06086860969662666,0.0009168575052171946,1.5891947746276855,,,1757045823.3343408
"(None, None)",40.9588858,29.1357974,-0.015,0.06086860969662666,0.0009168575052171946,1.5891947746276855,,,1757045823.441509
"(None, None)",40.9588858,29.1357974,-0.015,0.06086860969662666,0.0009168575052171946,1.5891947746276855,,,1757045823.5488894
"(None, None)",40.9588858,29.1357974,-0.015,0.06086860969662666,0.0009168575052171946,1.5891947746276855,,,1757045823.660138
"(None, None)",40.9588858,29.1357974,-0.015,0.06086860969662666,0.0009168575052171946,1.5891947746276855,,,1757045823.7614954
"(None, None)",40.9588858,29.1357974,-0.015,0.06086860969662666,0.0009168575052171946,1.5891947746276855,,,1757045823.8708827
"(None, None)",40.9588858,29.1357974,-0.015,0.06086860969662666,0.0009168575052171946,1.5891947746276855,,,1757045823.9762704
"(None, None)",40.9588858,29.1357974,-0.015,0.06086860969662666,0.0009168575052171946,1.5891947746276855,,,1757045824.089469
"(None, None)",40.9588858,29.1357974,-0.015,0.06086860969662666,0.0009168575052171946,1.5891947746276855,,,1757045824.198155
"(None, None)",40.9588858,29.1357974,-0.015,0.06086860969662666,0.0009168575052171946,1.5891947746276855,,,1757045824.3057437
"(None, None)",40.9588858,29.1357974,-0.015,0.06086860969662666,0.0009168575052171946,1.5891947746276855,,,1757045824.4145646
"(None, None)",40.9588858,29.1357974,-0.015,0.06086860969662666,0.0009168575052171946,1.5891947746276855,,,1757045824.5211308
"(None, None)",40.9588858,29.1357974,-0.015,0.06086860969662666,0.0009168575052171946,1.5891947746276855,,,1757045824.62394
"(None, None)",40.9588858,29.1357974,-0.015,0.06086860969662666,0.0009168575052171946,1.5891947746276855,,,1757045824.7282233
"(None, None)",40.9588858,29.1357974,-0.015,0.06086860969662666,0.0009168575052171946,1.5891947746276855,,,1757045824.8345978
"(None, None)",40.9588858,29.1357974,-0.015,0.06086860969662666,0.0009168575052171946,1.5891947746276855,,,1757045824.9376442
"(None, None)",40.9588858,29.1357974,-0.015,0.06086860969662666,0.0009168575052171946,1.5891947746276855,,,1757045825.0480688
"(None, None)",40.9588858,29.1357974,-0.015,0.06086860969662666,0.0009168575052171946,1.5891947746276855,,,1757045825.2571423
"(None, None)",40.9588858,29.1357974,-0.015,0.06086860969662666,0.0009168575052171946,1.5891947746276855,,,1757045825.3585548
"(None, None)",40.9588858,29.1357974,-0.015,0.06086860969662666,0.0009168575052171946,1.5891947746276855,,,1757045825.468447
"(None, None)",40.9588858,29.1357974,-0.015,0.06086860969662666,0.0009168575052171946,1.5891947746276855,,,1757045825.5758634
"(None, None)",40.9588858,29.1357974,-0.015,0.06086860969662666,0.0009168575052171946,1.5891947746276855,,,1757045825.6788864
"(None, None)",40.9588858,29.1357974,-0.015,0.06086860969662666,0.0009168575052171946,1.5891947746276855,,,1757045825.7919068
"(None, None)",40.9588858,29.1357974,-0.015,0.06086860969662666,0.0009168575052171946,1.5891947746276855,,,1757045825.9925776
"(None, None)",40.9588858,29.1357974,-0.015,0.06086860969662666,0.0009168575052171946,1.5891947746276855,,,1757045826.0984478
"(None, None)",40.9588858,29.1357974,-0.015,0.06086860969662666,0.0009168575052171946,1.5891947746276855,,,1757045826.2019355
"(None, None)",40.9588858,29.1357974,-0.015,0.06086860969662666,0.0009168575052171946,1.5891947746276855,,,1757045826.3056467
"(None, None)",40.9588858,29.1357974,-0.015,0.06086860969662666,0.0009168575052171946,1.5891947746276855,,,1757045826.4112728
"(None, None)",40.9588858,29.1357974,-0.015,0.06086860969662666,0.0009168575052171946,1.5891947746276855,,,1757045826.5207014
"(None, None)",40.9588858,29.1357974,-0.015,0.06086860969662666,0.0009168575052171946,1.5891947746276855,,,1757045826.6384366
"(None, None)",40.9588858,29.1357974,-0.015,0.06086860969662666,0.0009168575052171946,1.5891947746276855,,,1757045826.7474375
"(None, None)",40.9588858,29.1357974,-0.015,0.06086860969662666,0.0009168575052171946,1.5891947746276855,,,1757045826.850949
"(None, None)",40.9588858,29.1357974,-0.015,0.06086860969662666,0.0009168575052171946,1.5891947746276855,,,1757045826.9574795
"(None, None)",40.9588858,29.1357974,-0.015,0.06086860969662666,0.0009168575052171946,1.5891947746276855,,,1757045827.062909
"(None, None)",40.9588858,29.1357974,-0.015,0.06086860969662666,0.0009168575052171946,1.5891947746276855,,,1757045827.1682427
"(None, None)",40.9588858,29.1357974,-0.015,0.06086860969662666,0.0009168575052171946,1.5891947746276855,,,1757045827.2735353
"(None, None)",40.9588858,29.1357974,-0.015,0.06086860969662666,0.0009168575052171946,1.5891947746276855,,,1757045827.374436
"(None, None)",40.9588858,29.1357974,-0.015,0.06086860969662666,0.0009168575052171946,1.5891947746276855,,,1757045827.477868
"(None, None)",40.9588858,29.1357974,-0.015,0.06086860969662666,0.0009168575052171946,1.5891947746276855,,,1757045827.5859911
"(None, None)",40.9588858,29.1357974,-0.015,0.06086860969662666,0.0009168575052171946,1.5891947746276855,,,1757045827.6890106
"(None, None)",40.9588858,29.1357974,-0.015,0.06086860969662666,0.0009168575052171946,1.5891947746276855,,,1757045827.7927513
"(None, None)",40.9588858,29.1357974,-0.015,0.06086860969662666,0.0009168575052171946,1.5891947746276855,,,1757045827.8964822
"(None, None)",40.9588858,29.1357974,-0.015,0.06086860969662666,0.0009168575052171946,1.5891947746276855,,,1757045828.002131
"(None, None)",40.9588858,29.1357974,-0.015,0.06086860969662666,0.0009168575052171946,1.5891947746276855,,,1757045828.105567
"(None, None)",40.9588858,29.1357974,-0.015,0.06086860969662666,0.0009168575052171946,1.5891947746276855,,,1757045828.2135181
"(None, None)",40.9588858,29.1357974,-0.015,0.06086860969662666,0.0009168575052171946,1.5891947746276855,,,1757045828.4206877
"(None, None)",40.9588858,29.1357974,-0.015,0.06086860969662666,0.0009168575052171946,1.5891947746276855,,,1757045828.527197
"(None, None)",40.9588858,29.1357974,-0.015,0.06086860969662666,0.0009168575052171946,1.5891947746276855,,,1757045828.6312773
"(None, None)",40.9588858,29.1357974,-0.015,0.06086860969662666,0.0009168575052171946,1.5891947746276855,,,1757045828.7342603
"(None, None)",40.9588858,29.1357974,-0.015,0.06086860969662666,0.0009168575052171946,1.5891947746276855,,,1757045828.8411372
"(None, None)",40.9588858,29.1357974,-0.015,0.06086860969662666,0.0009168575052171946,1.5891947746276855,,,1757045828.944577
"(None, None)",40.9588858,29.1357974,-0.015,0.06086860969662666,0.0009168575052171946,1.5891947746276855,,,1757045829.052879
"(None, None)",40.9588858,29.1357974,-0.015,0.06086860969662666,0.0009168575052171946,1.5891947746276855,,,1757045829.1652012
"(None, None)",40.9588858,29.1357974,-0.015,0.06086860969662666,0.0009168575052171946,1.5891947746276855,,,1757045829.267907
"(None, None)",40.9588858,29.1357974,-0.015,0.06086860969662666,0.0009168575052171946,1.5891947746276855,,,1757045829.3706813
"(None, None)",40.9588858,29.1357974,-0.015,0.06086860969662666,0.0009168575052171946,1.5891947746276855,,,1757045829.4733903
"(None, None)",40.9588858,29.1357974,-0.015,0.06086860969662666,0.0009168575052171946,1.5891947746276855,,,1757045829.577261
"(None, None)",40.9588858,29.1357974,-0.015,0.06086860969662666,0.0009168575052171946,1.5891947746276855,,,1757045829.683828
"(None, None)",40.9588858,29.1357974,-0.015,0.06086860969662666,0.0009168575052171946,1.5891947746276855,,,1757045829.7875679
"(None, None)",40.9588858,29.1357974,-0.015,0.06086860969662666,0.0009168575052171946,1.5891947746276855,,,1757045829.8908777
"(None, None)",40.9588858,29.1357974,-0.015,0.06086860969662666,0.0009168575052171946,1.5891947746276855,,,1757045829.9949658
"(None, None)",40.9588858,29.1357974,-0.015,0.06086860969662666,0.0009168575052171946,1.5891947746276855,,,1757045830.0986342
"(None, None)",40.9588858,29.1357974,-0.015,0.06086860969662666,0.0009168575052171946,1.5891947746276855,,,1757045830.204796
"(None, None)",40.9588858,29.1357974,-0.015,0.06086860969662666,0.0009168575052171946,1.5891947746276855,,,1757045830.3041046
"(None, None)",40.9588858,29.1357974,-0.015,0.06086860969662666,0.0009168575052171946,1.5891947746276855,,,1757045830.4057934
"(None, None)",40.9588858,29.1357974,-0.015,0.06086860969662666,0.0009168575052171946,1.5891947746276855,,,1757045830.5060349
"(None, None)",40.9588858,29.1357974,-0.015,0.06086860969662666,0.0009168575052171946,1.5891947746276855,,,1757045830.612246
"(None, None)",40.9588858,29.1357974,-0.015,0.06086860969662666,0.0009168575052171946,1.5891947746276855,,,1757045830.716378
"(None, None)",40.9588858,29.1357974,-0.015,0.06086860969662666,0.0009168575052171946,1.5891947746276855,,,1757045830.8183146
"(None, None)",40.9588858,29.1357974,-0.015,0.06086860969662666,0.0009168575052171946,1.5891947746276855,,,1757045830.9206712
"(None, None)",40.9588858,29.1357974,-0.015,0.06086860969662666,0.0009168575052171946,1.5891947746276855,,,1757045831.0232441
"(None, None)",40.9588858,29.1357974,-0.015,0.06086860969662666,0.0009168575052171946,1.5891947746276855,,,1757045831.124914
"(None, None)",40.9588858,29.1357974,-0.015,0.06086860969662666,0.0009168575052171946,1.5891947746276855,,,1757045831.2296271
"(None, None)",40.9588858,29.1357974,-0.015,0.06086860969662666,0.0009168575052171946,1.5891947746276855,,,1757045831.3370292
"(None, None)",40.9588858,29.1357974,-0.015,0.06086860969662666,0.0009168575052171946,1.5891947746276855,,,1757045831.4408095
"(None, None)",40.9588858,29.1357974,-0.015,0.06086860969662666,0.0009168575052171946,1.5891947746276855,,,1757045831.544393
"(None, None)",40.9588858,29.1357974,-0.015,0.06086860969662666,0.0009168575052171946,1.5891947746276855,,,1757045831.6474574
"(None, None)",40.9588858,29.1357974,-0.015,0.06086860969662666,0.0009168575052171946,1.5891947746276855,,,1757045831.751228
"(None, None)",40.9588858,29.1357974,-0.015,0.06086860969662666,0.0009168575052171946,1.5891947746276855,,,1757045831.8585227
"(None, None)",40.9588858,29.1357974,-0.015,0.06086860969662666,0.0009168575052171946,1.5891947746276855,,,1757045831.962976
"(None, None)",40.9588858,29.1357974,-0.015,0.06086860969662666,0.0009168575052171946,1.5891947746276855,,,1757045832.0692878
"(None, None)",40.9588858,29.1357974,-0.015,0.06086860969662666,0.0009168575052171946,1.5891947746276855,,,1757045832.1732254
"(None, None)",40.9588858,29.1357974,-0.015,0.06086860969662666,0.0009168575052171946,1.5891947746276855,,,1757045832.2803755
"(None, None)",40.9588858,29.1357974,-0.015,0.06086860969662666,0.0009168575052171946,1.5891947746276855,,,1757045832.3847134
"(None, None)",40.9588858,29.1357974,-0.015,0.06086860969662666,0.0009168575052171946,1.5891947746276855,,,1757045832.490373
"(None, None)",40.9588858,29.1357974,-0.015,0.06086860969662666,0.0009168575052171946,1.5891947746276855,,,1757045832.5966682
"(None, None)",40.9588858,29.1357974,-0.015,0.06086860969662666,0.0009168575052171946,1.5891947746276855,,,1757045832.7027993
"(None, None)",40.9588858,29.1357974,-0.015,0.06086860969662666,0.0009168575052171946,1.5891947746276855,,,1757045832.8024113
"(None, None)",40.9588858,29.1357974,-0.015,0.06086860969662666,0.0009168575052171946,1.5891947746276855,,,1757045832.9113126
"(None, None)",40.9588858,29.1357974,-0.015,0.06086860969662666,0.0009168575052171946,1.5891947746276855,,,1757045833.0161917
"(None, None)",40.9588858,29.1357974,-0.015,0.06086860969662666,0.0009168575052171946,1.5891947746276855,,,1757045833.1181674
"(None, None)",40.9588858,29.1357974,-0.015,0.06086860969662666,0.0009168575052171946,1.5891947746276855,,,1757045833.2218761
"(None, None)",40.9588858,29.1357974,-0.015,0.06086860969662666,0.0009168575052171946,1.5891947746276855,,,1757045833.3266647
"(None, None)",40.9588858,29.1357974,-0.015,0.06086860969662666,0.0009168575052171946,1.5891947746276855,,,1757045833.4328969
"(None, None)",40.9588858,29.1357974,-0.015,0.06086860969662666,0.0009168575052171946,1.5891947746276855,,,1757045833.5361128
"(None, None)",40.9588858,29.1357974,-0.015,0.06086860969662666,0.0009168575052171946,1.5891947746276855,,,1757045833.6426892
"(None, None)",40.9588858,29.1357974,-0.015,0.06086860969662666,0.0009168575052171946,1.5891947746276855,,,1757045833.7447813
"(None, None)",40.9588858,29.1357974,-0.015,0.06086860969662666,0.0009168575052171946,1.5891947746276855,,,1757045833.854292
"(None, None)",40.9588858,29.1357974,-0.015,0.06086860969662666,0.0009168575052171946,1.5891947746276855,,,1757045833.956833
"(None, None)",40.9588858,29.1357974,-0.015,0.06086860969662666,0.0009168575052171946,1.5891947746276855,,,1757045834.0627623
"(None, None)",40.9588858,29.1357974,-0.015,0.06086860969662666,0.0009168575052171946,1.5891947746276855,,,1757045834.1747882
"(None, None)",40.9588858,29.1357974,-0.015,0.06086860969662666,0.0009168575052171946,1.5891947746276855,,,1757045834.2786553
"(None, None)",40.9588858,29.1357974,-0.015,0.06086860969662666,0.0009168575052171946,1.5891947746276855,,,1757045834.3842125
"(None, None)",40.9588858,29.1357974,-0.015,0.06086860969662666,0.0009168575052171946,1.5891947746276855,,,1757045834.4893212
"(None, None)",40.9588858,29.1357974,-0.015,0.06086860969662666,0.0009168575052171946,1.5891947746276855,,,1757045834.5890775
"(None, None)",40.9588858,29.1357974,-0.015,0.06086860969662666,0.0009168575052171946,1.5891947746276855,,,1757045834.6936827
"(None, None)",40.9588858,29.1357974,-0.015,0.06086860969662666,0.0009168575052171946,1.5891947746276855,,,1757045834.7987287
"(None, None)",40.9588858,29.1357974,-0.015,0.06086860969662666,0.0009168575052171946,1.5891947746276855,,,1757045834.906314
"(None, None)",40.9588858,29.1357974,-0.015,0.06086860969662666,0.0009168575052171946,1.5891947746276855,,,1757045835.0112295
"(None, None)",40.9588858,29.1357974,-0.015,0.06086860969662666,0.0009168575052171946,1.5891947746276855,,,1757045835.1164398
"(None, None)",40.9588858,29.1357974,-0.015,0.06086860969662666,0.0009168575052171946,1.5891947746276855,,,1757045835.2196598
"(None, None)",40.9588858,29.1357974,-0.015,0.06086860969662666,0.0009168575052171946,1.5891947746276855,,,1757045835.3186886
"(None, None)",40.9588858,29.1357974,-0.015,0.06086860969662666,0.0009168575052171946,1.5891947746276855,,,1757045835.4239097
"(None, None)",40.9588858,29.1357974,-0.015,0.06086860969662666,0.0009168575052171946,1.5891947746276855,,,1757045835.5278955
"(None, None)",40.9588858,29.1357974,-0.015,0.06086860969662666,0.0009168575052171946,1.5891947746276855,,,1757045835.6348774
"(None, None)",40.9588858,29.1357974,-0.015,0.06086860969662666,0.0009168575052171946,1.5891947746276855,,,1757045835.7440515
"(None, None)",40.9588858,29.1357974,-0.015,0.06086860969662666,0.0009168575052171946,1.5891947746276855,,,1757045835.8451967
"(None, None)",40.9588858,29.1357974,-0.015,0.06086860969662666,0.0009168575052171946,1.5891947746276855,,,1757045835.9495606
"(None, None)",40.9588858,29.1357974,-0.015,0.06086860969662666,0.0009168575052171946,1.5891947746276855,,,1757045836.059152
"(None, None)",40.9588858,29.1357974,-0.015,0.06086860969662666,0.0009168575052171946,1.5891947746276855,,,1757045836.1622396
"(None, None)",40.9588858,29.1357974,-0.015,0.06086860969662666,0.0009168575052171946,1.5891947746276855,,,1757045836.2649462
"(None, None)",40.9588858,29.1357974,-0.015,0.06086860969662666,0.0009168575052171946,1.5891947746276855,,,1757045836.368611
"(None, None)",40.9588858,29.1357974,-0.015,0.06086860969662666,0.0009168575052171946,1.5891947746276855,,,1757045836.469656
"(None, None)",40.9588858,29.1357974,-0.015,0.06086860969662666,0.0009168575052171946,1.5891947746276855,,,1757045836.5771787
"(None, None)",40.9588858,29.1357974,-0.015,0.06086860969662666,0.0009168575052171946,1.5891947746276855,,,1757045836.685518
"(None, None)",40.9588858,29.1357974,-0.015,0.06086860969662666,0.0009168575052171946,1.5891947746276855,,,1757045836.7888217
"(None, None)",40.9588858,29.1357974,-0.015,0.06086860969662666,0.0009168575052171946,1.5891947746276855,,,1757045836.8979373
"(None, None)",40.9588858,29.1357974,-0.015,0.06086860969662666,0.0009168575052171946,1.5891947746276855,,,1757045836.9992704
"(None, None)",40.9588858,29.1357974,-0.015,0.06086860969662666,0.0009168575052171946,1.5891947746276855,,,1757045837.1003985
"(None, None)",40.9588858,29.1357974,-0.015,0.06086860969662666,0.0009168575052171946,1.5891947746276855,,,1757045837.2064204
"(None, None)",40.9588858,29.1357974,-0.015,0.06086860969662666,0.0009168575052171946,1.5891947746276855,,,1757045837.4347048
"(None, None)",40.9588858,29.1357974,-0.015,0.06086860969662666,0.0009168575052171946,1.5891947746276855,,,1757045837.5362144
"(None, None)",40.9588858,29.1357974,-0.015,0.06086860969662666,0.0009168575052171946,1.5891947746276855,,,1757045837.641236
"(None, None)",40.9588858,29.1357974,-0.015,0.06086860969662666,0.0009168575052171946,1.5891947746276855,,,1757045837.751945
"(None, None)",40.9588858,29.1357974,-0.015,0.06086860969662666,0.0009168575052171946,1.5891947746276855,,,1757045837.8563313
"(None, None)",40.9588858,29.1357974,-0.015,0.06086860969662666,0.0009168575052171946,1.5891947746276855,,,1757045837.9593034
"(None, None)",40.9588858,29.1357974,-0.015,0.06086860969662666,0.0009168575052171946,1.5891947746276855,,,1757045838.0625708
"(None, None)",40.9588858,29.1357974,-0.015,0.06086860969662666,0.0009168575052171946,1.5891947746276855,,,1757045838.1652932
"(None, None)",40.9588858,29.1357974,-0.015,0.06086860969662666,0.0009168575052171946,1.5891947746276855,,,1757045838.2724683
"(None, None)",40.9588858,29.1357974,-0.015,0.06086860969662666,0.0009168575052171946,1.5891947746276855,,,1757045838.373825
"(None, None)",40.9588858,29.1357974,-0.015,0.06086860969662666,0.0009168575052171946,1.5891947746276855,,,1757045838.4768045
"(None, None)",40.9588858,29.1357974,-0.015,0.06086860969662666,0.0009168575052171946,1.5891947746276855,,,1757045838.582114
"(None, None)",40.9588858,29.1357974,-0.015,0.06086860969662666,0.0009168575052171946,1.5891947746276855,,,1757045838.6900327
"(None, None)",40.9588858,29.1357974,-0.015,0.06086860969662666,0.0009168575052171946,1.5891947746276855,,,1757045838.7932782
"(None, None)",40.9588858,29.1357974,-0.015,0.06086860969662666,0.0009168575052171946,1.5891947746276855,,,1757045838.8975809
"(None, None)",40.9588858,29.1357974,-0.015,0.06086860969662666,0.0009168575052171946,1.5891947746276855,,,1757045839.0036561
"(None, None)",40.9588858,29.1357974,-0.015,0.06086860969662666,0.0009168575052171946,1.5891947746276855,,,1757045839.1078706
"(None, None)",40.9588858,29.1357974,-0.015,0.06086860969662666,0.0009168575052171946,1.5891947746276855,,,1757045839.212736
"(None, None)",40.9588858,29.1357974,-0.015,0.06086860969662666,0.0009168575052171946,1.5891947746276855,,,1757045839.317677
"(None, None)",40.9588858,29.1357974,-0.015,0.06086860969662666,0.0009168575052171946,1.5891947746276855,,,1757045839.4238417
"(None, None)",40.9588858,29.1357974,-0.015,0.06086860969662666,0.0009168575052171946,1.5891947746276855,,,1757045839.5269136
"(None, None)",40.9588858,29.1357974,-0.015,0.06086860969662666,0.0009168575052171946,1.5891947746276855,,,1757045839.6366556
"(None, None)",40.9588858,29.1357974,-0.015,0.06086860969662666,0.0009168575052171946,1.5891947746276855,,,1757045839.7419674
"(None, None)",40.9588858,29.1357974,-0.015,0.06086860969662666,0.0009168575052171946,1.5891947746276855,,,1757045839.849469
"(None, None)",40.9588858,29.1357974,-0.015,0.06086860969662666,0.0009168575052171946,1.5891947746276855,,,1757045839.9526153
"(None, None)",40.9588858,29.1357974,-0.015,0.06086860969662666,0.0009168575052171946,1.5891947746276855,,,1757045840.0539482
"(None, None)",40.9588858,29.1357974,-0.015,0.06086860969662666,0.0009168575052171946,1.5891947746276855,,,1757045840.1556118
"(None, None)",40.9588858,29.1357974,-0.015,0.06086860969662666,0.0009168575052171946,1.5891947746276855,,,1757045840.2638826
"(None, None)",40.9588858,29.1357974,-0.015,0.06086860969662666,0.0009168575052171946,1.5891947746276855,,,1757045840.3685288
"(None, None)",40.9588858,29.1357974,-0.015,0.06086860969662666,0.0009168575052171946,1.5891947746276855,,,1757045840.4738967
"(None, None)",40.9588858,29.1357974,-0.015,0.06086860969662666,0.0009168575052171946,1.5891947746276855,,,1757045840.5770998
"(None, None)",40.9588858,29.1357974,-0.015,0.06086860969662666,0.0009168575052171946,1.5891947746276855,,,1757045840.6818764
"(None, None)",40.9588858,29.1357974,-0.015,0.06086860969662666,0.0009168575052171946,1.5891947746276855,,,1757045840.7849803
"(None, None)",40.9588858,29.1357974,-0.015,0.06086860969662666,0.0009168575052171946,1.5891947746276855,,,1757045840.8900583
"(None, None)",40.9588858,29.1357974,-0.015,0.06086860969662666,0.0009168575052171946,1.5891947746276855,,,1757045840.9935386
"(None, None)",40.9588858,29.1357974,-0.015,0.06086860969662666,0.0009168575052171946,1.5891947746276855,,,1757045841.1033096
"(None, None)",40.9588858,29.1357974,-0.015,0.06086860969662666,0.0009168575052171946,1.5891947746276855,,,1757045841.2057528
"(None, None)",40.9588858,29.1357974,-0.015,0.06086860969662666,0.0009168575052171946,1.5891947746276855,,,1757045841.311209
"(None, None)",40.9588858,29.1357974,-0.015,0.06086860969662666,0.0009168575052171946,1.5891947746276855,,,1757045841.4194145
"(None, None)",40.9588858,29.1357974,-0.015,0.06086860969662666,0.0009168575052171946,1.5891947746276855,,,1757045841.522372
"(None, None)",40.9588858,29.1357974,-0.015,0.06086860969662666,0.0009168575052171946,1.5891947746276855,,,1757045841.625108
"(None, None)",40.9588858,29.1357974,-0.015,0.06086860969662666,0.0009168575052171946,1.5891947746276855,,,1757045841.7344406
"(None, None)",40.9588858,29.1357974,-0.015,0.06086860969662666,0.0009168575052171946,1.5891947746276855,,,1757045841.8466713
"(None, None)",40.9588858,29.1357974,-0.015,0.06086860969662666,0.0009168575052171946,1.5891947746276855,,,1757045841.952495
"(None, None)",40.9588858,29.1357974,-0.015,0.06086860969662666,0.0009168575052171946,1.5891947746276855,,,1757045842.0566735
"(None, None)",40.9588858,29.1357974,-0.015,0.06086860969662666,0.0009168575052171946,1.5891947746276855,,,1757045842.1605556
"(None, None)",40.9588858,29.1357974,-0.015,0.06086860969662666,0.0009168575052171946,1.5891947746276855,,,1757045842.2659738
"(None, None)",40.9588858,29.1357974,-0.015,0.06086860969662666,0.0009168575052171946,1.5891947746276855,,,1757045842.3713698
"(None, None)",40.9588858,29.1357974,-0.015,0.06086860969662666,0.0009168575052171946,1.5891947746276855,,,1757045842.4779763
"(None, None)",40.9588858,29.1357974,-0.015,0.06086860969662666,0.0009168575052171946,1.5891947746276855,,,1757045842.5826418
"(None, None)",40.9588858,29.1357974,-0.015,0.06086860969662666,0.0009168575052171946,1.5891947746276855,,,1757045842.689486
"(None, None)",40.9588858,29.1357974,-0.015,0.06086860969662666,0.0009168575052171946,1.5891947746276855,,,1757045842.7922199
"(None, None)",40.9588858,29.1357974,-0.015,0.06086860969662666,0.0009168575052171946,1.5891947746276855,,,1757045842.899343
"(None, None)",40.9588858,29.1357974,-0.015,0.06086860969662666,0.0009168575052171946,1.5891947746276855,,,1757045843.0021663
"(None, None)",40.9588858,29.1357974,-0.015,0.06086860969662666,0.0009168575052171946,1.5891947746276855,,,1757045843.1123362
"(None, None)",40.9588858,29.1357974,-0.015,0.06086860969662666,0.0009168575052171946,1.5891947746276855,,,1757045843.214349
"(None, None)",40.9588858,29.1357974,-0.015,0.06086860969662666,0.0009168575052171946,1.5891947746276855,,,1757045843.3179986
"(None, None)",40.9588858,29.1357974,-0.015,0.06086860969662666,0.0009168575052171946,1.5891947746276855,,,1757045843.4278681
"(None, None)",40.9588858,29.1357974,-0.015,0.06086860969662666,0.0009168575052171946,1.5891947746276855,,,1757045843.5334616
"(None, None)",40.9588858,29.1357974,-0.015,0.06086860969662666,0.0009168575052171946,1.5891947746276855,,,1757045843.636126
"(None, None)",40.9588858,29.1357974,-0.015,0.06086860969662666,0.0009168575052171946,1.5891947746276855,,,1757045843.7378042
"(None, None)",40.9588858,29.1357974,-0.015,0.06086860969662666,0.0009168575052171946,1.5891947746276855,,,1757045843.8409982
"(None, None)",40.9588858,29.1357974,-0.015,0.06086860969662666,0.0009168575052171946,1.5891947746276855,,,1757045843.9435248
"(None, None)",40.9588858,29.1357974,-0.015,0.06086860969662666,0.0009168575052171946,1.5891947746276855,,,1757045844.0478103
"(None, None)",40.9588858,29.1357974,-0.015,0.06086860969662666,0.0009168575052171946,1.5891947746276855,,,1757045844.1578221
"(None, None)",40.9588858,29.1357974,-0.015,0.06086860969662666,0.0009168575052171946,1.5891947746276855,,,1757045844.2576888
"(None, None)",40.9588858,29.1357974,-0.015,0.06086860969662666,0.0009168575052171946,1.5891947746276855,,,1757045844.363501
"(None, None)",40.9588858,29.1357974,-0.015,0.06086860969662666,0.0009168575052171946,1.5891947746276855,,,1757045844.4742105
"(None, None)",40.9588858,29.1357974,-0.015,0.06086860969662666,0.0009168575052171946,1.5891947746276855,,,1757045844.573354
"(None, None)",40.9588858,29.1357974,-0.015,0.06086860969662666,0.0009168575052171946,1.5891947746276855,,,1757045844.6805155
"(None, None)",40.9588858,29.1357974,-0.015,0.06086860969662666,0.0009168575052171946,1.5891947746276855,,,1757045844.7900522
"(None, None)",40.9588858,29.1357974,-0.015,0.06086860969662666,0.0009168575052171946,1.5891947746276855,,,1757045844.8948996
"(None, None)",40.9588858,29.1357974,-0.015,0.06086860969662666,0.0009168575052171946,1.5891947746276855,,,1757045845.0008395
"(None, None)",40.9588858,29.1357974,-0.015,0.06086860969662666,0.0009168575052171946,1.5891947746276855,,,1757045845.103697
"(None, None)",40.9588858,29.1357974,-0.015,0.06086860969662666,0.0009168575052171946,1.5891947746276855,,,1757045845.206081
"(None, None)",40.9588858,29.1357974,-0.015,0.06086860969662666,0.0009168575052171946,1.5891947746276855,,,1757045845.31315
"(None, None)",40.9588858,29.1357974,-0.015,0.06086860969662666,0.0009168575052171946,1.5891947746276855,,,1757045845.417297
"(None, None)",40.9588858,29.1357974,-0.015,0.06086860969662666,0.0009168575052171946,1.5891947746276855,,,1757045845.521307
"(None, None)",40.9588858,29.1357974,-0.015,0.06086860969662666,0.0009168575052171946,1.5891947746276855,,,1757045845.6286774
"(None, None)",40.9588858,29.1357974,-0.015,0.06086860969662666,0.0009168575052171946,1.5891947746276855,,,1757045845.734546
"(None, None)",40.9588858,29.1357974,-0.015,0.06086860969662666,0.0009168575052171946,1.5891947746276855,,,1757045845.836764
"(None, None)",40.9588858,29.1357974,-0.015,0.06086860969662666,0.0009168575052171946,1.5891947746276855,,,1757045845.9419394
"(None, None)",40.9588858,29.1357974,-0.015,0.06086860969662666,0.0009168575052171946,1.5891947746276855,,,1757045846.047963
"(None, None)",40.9588858,29.1357974,-0.015,0.06086860969662666,0.0009168575052171946,1.5891947746276855,,,1757045846.1566393
"(None, None)",40.9588858,29.1357974,-0.015,0.06086860969662666,0.0009168575052171946,1.5891947746276855,,,1757045846.2605717
"(None, None)",40.9588858,29.1357974,-0.015,0.06086860969662666,0.0009168575052171946,1.5891947746276855,,,1757045846.3664722
"(None, None)",40.9588858,29.1357974,-0.015,0.06086860969662666,0.0009168575052171946,1.5891947746276855,,,1757045846.4717023
"(None, None)",40.9588858,29.1357974,-0.015,0.06086860969662666,0.0009168575052171946,1.5891947746276855,,,1757045846.574094
"(None, None)",40.9588858,29.1357974,-0.015,0.06086860969662666,0.0009168575052171946,1.5891947746276855,,,1757045846.6809933
"(None, None)",40.9588858,29.1357974,-0.015,0.06086860969662666,0.0009168575052171946,1.5891947746276855,,,1757045846.7851558
"(None, None)",40.9588858,29.1357974,-0.015,0.06086860969662666,0.0009168575052171946,1.5891947746276855,,,1757045846.8947046
"(None, None)",40.9588858,29.1357974,-0.015,0.06086860969662666,0.0009168575052171946,1.5891947746276855,,,1757045846.9966738
"(None, None)",40.9588858,29.1357974,-0.015,0.06086860969662666,0.0009168575052171946,1.5891947746276855,,,1757045847.101952
"(None, None)",40.9588858,29.1357974,-0.015,0.06086860969662666,0.0009168575052171946,1.5891947746276855,,,1757045847.2046876
"(None, None)",40.9588858,29.1357974,-0.015,0.06086860969662666,0.0009168575052171946,1.5891947746276855,,,1757045847.3100197
"(None, None)",40.9588858,29.1357974,-0.015,0.06086860969662666,0.0009168575052171946,1.5891947746276855,,,1757045847.412397
"(None, None)",40.9588858,29.1357974,-0.015,0.06086860969662666,0.0009168575052171946,1.5891947746276855,,,1757045847.518372
"(None, None)",40.9588858,29.1357974,-0.015,0.06086860969662666,0.0009168575052171946,1.5891947746276855,,,1757045847.6177447
"(None, None)",40.9588858,29.1357974,-0.015,0.06086860969662666,0.0009168575052171946,1.5891947746276855,,,1757045847.7190652
"(None, None)",40.9588858,29.1357974,-0.015,0.06086860969662666,0.0009168575052171946,1.5891947746276855,,,1757045847.824254
"(None, None)",40.9588858,29.1357974,-0.015,0.06086860969662666,0.0009168575052171946,1.5891947746276855,,,1757045847.931295
"(None, None)",40.9588858,29.1357974,-0.015,0.06086860969662666,0.0009168575052171946,1.5891947746276855,,,1757045848.0406659
"(None, None)",40.9588858,29.1357974,-0.015,0.06086860969662666,0.0009168575052171946,1.5891947746276855,,,1757045848.1400535
"(None, None)",40.9588858,29.1357974,-0.015,0.06086860969662666,0.0009168575052171946,1.5891947746276855,,,1757045848.2431304
"(None, None)",40.9588858,29.1357974,-0.015,0.06086860969662666,0.0009168575052171946,1.5891947746276855,,,1757045848.3502452
"(None, None)",40.9588858,29.1357974,-0.015,0.06086860969662666,0.0009168575052171946,1.5891947746276855,,,1757045848.452313
"(None, None)",40.9588858,29.1357974,-0.015,0.06086860969662666,0.0009168575052171946,1.5891947746276855,,,1757045848.5594509
"(None, None)",40.9588858,29.1357974,-0.015,0.06086860969662666,0.0009168575052171946,1.5891947746276855,,,1757045848.6624637
"(None, None)",40.9588858,29.1357974,-0.015,0.06086860969662666,0.0009168575052171946,1.5891947746276855,,,1757045848.7662039
"(None, None)",40.9588858,29.1357974,-0.015,0.06086860969662666,0.0009168575052171946,1.5891947746276855,,,1757045848.8720343
"(None, None)",40.9588858,29.1357974,-0.015,0.06086860969662666,0.0009168575052171946,1.5891947746276855,,,1757045848.9770732
"(None, None)",40.9588858,29.1357974,-0.015,0.06086860969662666,0.0009168575052171946,1.5891947746276855,,,1757045849.0824614
"(None, None)",40.9588858,29.1357974,-0.015,0.06086860969662666,0.0009168575052171946,1.5891947746276855,,,1757045849.1910472
"(None, None)",40.9588858,29.1357974,-0.015,0.06086860969662666,0.0009168575052171946,1.5891947746276855,,,1757045849.2930324
"(None, None)",40.9588858,29.1357974,-0.015,0.06086860969662666,0.0009168575052171946,1.5891947746276855,,,1757045849.3992286
"(None, None)",40.9588858,29.1357974,-0.015,0.06086860969662666,0.0009168575052171946,1.5891947746276855,,,1757045849.5062168
"(None, None)",40.9588858,29.1357974,-0.015,0.06086860969662666,0.0009168575052171946,1.5891947746276855,,,1757045849.6075146
"(None, None)",40.9588858,29.1357974,-0.015,0.06086860969662666,0.0009168575052171946,1.5891947746276855,,,1757045849.7115426
"(None, None)",40.9588858,29.1357974,-0.015,0.06086860969662666,0.0009168575052171946,1.5891947746276855,,,1757045849.8146455
"(None, None)",40.9588858,29.1357974,-0.015,0.06086860969662666,0.0009168575052171946,1.5891947746276855,,,1757045849.920812
"(None, None)",40.9588858,29.1357974,-0.015,0.06086860969662666,0.0009168575052171946,1.5891947746276855,,,1757045850.0221653
"(None, None)",40.9588858,29.1357974,-0.015,0.06086860969662666,0.0009168575052171946,1.5891947746276855,,,1757045850.1258516
"(None, None)",40.9588858,29.1357974,-0.015,0.06086860969662666,0.0009168575052171946,1.5891947746276855,,,1757045850.2342682
"(None, None)",40.9588858,29.1357974,-0.015,0.06086860969662666,0.0009168575052171946,1.5891947746276855,,,1757045850.3373258
"(None, None)",40.9588858,29.1357974,-0.015,0.06086860969662666,0.0009168575052171946,1.5891947746276855,,,1757045850.4376416
"(None, None)",40.9588858,29.1357974,-0.015,0.06086860969662666,0.0009168575052171946,1.5891947746276855,,,1757045850.5434532
"(None, None)",40.9588858,29.1357974,-0.015,0.06086860969662666,0.0009168575052171946,1.5891947746276855,,,1757045850.653514
"(None, None)",40.9588858,29.1357974,-0.015,0.06086860969662666,0.0009168575052171946,1.5891947746276855,,,1757045850.7574573
"(None, None)",40.9588858,29.1357974,-0.015,0.06086860969662666,0.0009168575052171946,1.5891947746276855,,,1757045850.8664424
"(None, None)",40.9588858,29.1357974,-0.015,0.06086860969662666,0.0009168575052171946,1.5891947746276855,,,1757045850.9729948
"(None, None)",40.9588858,29.1357974,-0.015,0.06086860969662666,0.0009168575052171946,1.5891947746276855,,,1757045851.0786142
"(None, None)",40.9588858,29.1357974,-0.015,0.06086860969662666,0.0009168575052171946,1.5891947746276855,,,1757045851.184588
"(None, None)",40.9588858,29.1357974,-0.015,0.06086860969662666,0.0009168575052171946,1.5891947746276855,,,1757045851.2885134
"(None, None)",40.9588858,29.1357974,-0.015,0.06086860969662666,0.0009168575052171946,1.5891947746276855,,,1757045851.3935664
"(None, None)",40.9588858,29.1357974,-0.015,0.06086860969662666,0.0009168575052171946,1.5891947746276855,,,1757045851.4989657
"(None, None)",40.9588858,29.1357974,-0.015,0.06086860969662666,0.0009168575052171946,1.5891947746276855,,,1757045851.6043193
"(None, None)",40.9588858,29.1357974,-0.015,0.06086860969662666,0.0009168575052171946,1.5891947746276855,,,1757045851.7141066
"(None, None)",40.9588858,29.1357974,-0.015,0.06086860969662666,0.0009168575052171946,1.5891947746276855,,,1757045851.8205273
"(None, None)",40.9588858,29.1357974,-0.015,0.06086860969662666,0.0009168575052171946,1.5891947746276855,,,1757045851.9256842
"(None, None)",40.9588858,29.1357974,-0.015,0.06086860969662666,0.0009168575052171946,1.5891947746276855,,,1757045852.032344
"(None, None)",40.9588858,29.1357974,-0.015,0.06086860969662666,0.0009168575052171946,1.5891947746276855,,,1757045852.141252
"(None, None)",40.9588858,29.1357974,-0.015,0.06086860969662666,0.0009168575052171946,1.5891947746276855,,,1757045852.2474627
"(None, None)",40.9588858,29.1357974,-0.015,0.06086860969662666,0.0009168575052171946,1.5891947746276855,,,1757045852.3576524
"(None, None)",40.9588858,29.1357974,-0.015,0.06086860969662666,0.0009168575052171946,1.5891947746276855,,,1757045852.4609125
"(None, None)",40.9588858,29.1357974,-0.015,0.06086860969662666,0.0009168575052171946,1.5891947746276855,,,1757045852.5667937
"(None, None)",40.9588858,29.1357974,-0.015,0.06086860969662666,0.0009168575052171946,1.5891947746276855,,,1757045852.6760974
"(None, None)",40.9588858,29.1357974,-0.015,0.06086860969662666,0.0009168575052171946,1.5891947746276855,,,1757045852.782563
"(None, None)",40.9588858,29.1357974,-0.015,0.06086860969662666,0.0009168575052171946,1.5891947746276855,,,1757045852.8871093
"(None, None)",40.9588858,29.1357974,-0.015,0.06086860969662666,0.0009168575052171946,1.5891947746276855,,,1757045852.9957383
"(None, None)",40.9588858,29.1357974,-0.015,0.06086860969662666,0.0009168575052171946,1.5891947746276855,,,1757045853.0957367
"(None, None)",40.9588858,29.1357974,-0.015,0.06086860969662666,0.0009168575052171946,1.5891947746276855,,,1757045853.3037624
"(None, None)",40.9588858,29.1357974,-0.015,0.06086860969662666,0.0009168575052171946,1.5891947746276855,,,1757045853.4053967
"(None, None)",40.9588858,29.1357974,-0.015,0.06086860969662666,0.0009168575052171946,1.5891947746276855,,,1757045853.5125883
"(None, None)",40.9588858,29.1357974,-0.015,0.06086860969662666,0.0009168575052171946,1.5891947746276855,,,1757045853.6195884
"(None, None)",40.9588858,29.1357974,-0.015,0.06086860969662666,0.0009168575052171946,1.5891947746276855,,,1757045853.7243824
"(None, None)",40.9588858,29.1357974,-0.015,0.06086860969662666,0.0009168575052171946,1.5891947746276855,,,1757045853.8313408
"(None, None)",40.9588858,29.1357974,-0.015,0.06086860969662666,0.0009168575052171946,1.5891947746276855,,,1757045853.9389257
"(None, None)",40.9588858,29.1357974,-0.015,0.06086860969662666,0.0009168575052171946,1.5891947746276855,,,1757045854.0471067
"(None, None)",40.9588858,29.1357974,-0.015,0.06086860969662666,0.0009168575052171946,1.5891947746276855,,,1757045854.1632028
"(None, None)",40.9588858,29.1357974,-0.015,0.06086860969662666,0.0009168575052171946,1.5891947746276855,,,1757045854.264522
"(None, None)",40.9588858,29.1357974,-0.015,0.06086860969662666,0.0009168575052171946,1.5891947746276855,,,1757045854.3678904
"(None, None)",40.9588858,29.1357974,-0.015,0.06086860969662666,0.0009168575052171946,1.5891947746276855,,,1757045854.479143
"(None, None)",40.9588858,29.1357974,-0.015,0.06086860969662666,0.0009168575052171946,1.5891947746276855,,,1757045854.5874233
"(None, None)",40.9588858,29.1357974,-0.015,0.06086860969662666,0.0009168575052171946,1.5891947746276855,,,1757045854.6897035
"(None, None)",40.9588858,29.1357974,-0.015,0.06086860969662666,0.0009168575052171946,1.5891947746276855,,,1757045854.7921972
"(None, None)",40.9588858,29.1357974,-0.015,0.06086860969662666,0.0009168575052171946,1.5891947746276855,,,1757045854.8948164
"(None, None)",40.9588858,29.1357974,-0.015,0.06086860969662666,0.0009168575052171946,1.5891947746276855,,,1757045855.002791
"(None, None)",40.9588858,29.1357974,-0.015,0.06086860969662666,0.0009168575052171946,1.5891947746276855,,,1757045855.1100981
"(None, None)",40.9588858,29.1357974,-0.015,0.06086860969662666,0.0009168575052171946,1.5891947746276855,,,1757045855.2180083
"(None, None)",40.9588858,29.1357974,-0.015,0.06086860969662666,0.0009168575052171946,1.5891947746276855,,,1757045855.3246045
"(None, None)",40.9588858,29.1357974,-0.015,0.06086860969662666,0.0009168575052171946,1.5891947746276855,,,1757045855.431315
"(None, None)",40.9588858,29.1357974,-0.015,0.06086860969662666,0.0009168575052171946,1.5891947746276855,,,1757045855.5393777
"(None, None)",40.9588858,29.1357974,-0.015,0.06086860969662666,0.0009168575052171946,1.5891947746276855,,,1757045855.6436608
"(None, None)",40.9588858,29.1357974,-0.015,0.06086860969662666,0.0009168575052171946,1.5891947746276855,,,1757045855.748703
"(None, None)",40.9588858,29.1357974,-0.015,0.06086860969662666,0.0009168575052171946,1.5891947746276855,,,1757045855.8573647
"(None, None)",40.9588858,29.1357974,-0.015,0.06086860969662666,0.0009168575052171946,1.5891947746276855,,,1757045855.958047
"(None, None)",40.9588858,29.1357974,-0.015,0.06086860969662666,0.0009168575052171946,1.5891947746276855,,,1757045856.064158
"(None, None)",40.9588858,29.1357974,-0.015,0.06086860969662666,0.0009168575052171946,1.5891947746276855,,,1757045856.1660259
"(None, None)",40.9588858,29.1357974,-0.015,0.06086860969662666,0.0009168575052171946,1.5891947746276855,,,1757045856.2728174
"(None, None)",40.9588858,29.1357974,-0.015,0.06086860969662666,0.0009168575052171946,1.5891947746276855,,,1757045856.4808974
"(None, None)",40.9588858,29.1357974,-0.015,0.06086860969662666,0.0009168575052171946,1.5891947746276855,,,1757045856.5884988
"(None, None)",40.9588858,29.1357974,-0.015,0.06086860969662666,0.0009168575052171946,1.5891947746276855,,,1757045856.6927357
"(None, None)",40.9588858,29.1357974,-0.015,0.06086860969662666,0.0009168575052171946,1.5891947746276855,,,1757045856.7970686
"(None, None)",40.9588858,29.1357974,-0.015,0.06086860969662666,0.0009168575052171946,1.5891947746276855,,,1757045856.9046123
"(None, None)",40.9588858,29.1357974,-0.015,0.06086860969662666,0.0009168575052171946,1.5891947746276855,,,1757045857.011648
"(None, None)",40.9588858,29.1357974,-0.015,0.06086860969662666,0.0009168575052171946,1.5891947746276855,,,1757045857.1152706
"(None, None)",40.9588858,29.1357974,-0.015,0.06086860969662666,0.0009168575052171946,1.5891947746276855,,,1757045857.221878
"(None, None)",40.9588858,29.1357974,-0.015,0.06086860969662666,0.0009168575052171946,1.5891947746276855,,,1757045857.3284833
"(None, None)",40.9588858,29.1357974,-0.015,0.06086860969662666,0.0009168575052171946,1.5891947746276855,,,1757045857.4345188
"(None, None)",40.9588858,29.1357974,-0.015,0.06086860969662666,0.0009168575052171946,1.5891947746276855,,,1757045857.5395715
"(None, None)",40.9588858,29.1357974,-0.015,0.06086860969662666,0.0009168575052171946,1.5891947746276855,,,1757045857.6427011
"(None, None)",40.9588858,29.1357974,-0.015,0.06086860969662666,0.0009168575052171946,1.5891947746276855,,,1757045857.7431161
"(None, None)",40.9588858,29.1357974,-0.015,0.06086860969662666,0.0009168575052171946,1.5891947746276855,,,1757045857.8487365
"(None, None)",40.9588858,29.1357974,-0.015,0.06086860969662666,0.0009168575052171946,1.5891947746276855,,,1757045857.9567003
"(None, None)",40.9588858,29.1357974,-0.015,0.06086860969662666,0.0009168575052171946,1.5891947746276855,,,1757045858.0626228
"(None, None)",40.9588858,29.1357974,-0.015,0.06086860969662666,0.0009168575052171946,1.5891947746276855,,,1757045858.1688802
"(None, None)",40.9588858,29.1357974,-0.015,0.06086860969662666,0.0009168575052171946,1.5891947746276855,,,1757045858.2721045
"(None, None)",40.9588858,29.1357974,-0.015,0.06086860969662666,0.0009168575052171946,1.5891947746276855,,,1757045858.3743641
"(None, None)",40.9588858,29.1357974,-0.015,0.06086860969662666,0.0009168575052171946,1.5891947746276855,,,1757045858.4800022
"(None, None)",40.9588858,29.1357974,-0.015,0.06086860969662666,0.0009168575052171946,1.5891947746276855,,,1757045858.5835752
"(None, None)",40.9588858,29.1357974,-0.015,0.06086860969662666,0.0009168575052171946,1.5891947746276855,,,1757045858.786687
"(None, None)",40.9588858,29.1357974,-0.015,0.06086860969662666,0.0009168575052171946,1.5891947746276855,,,1757045858.8878605
"(None, None)",40.9588858,29.1357974,-0.015,0.06086860969662666,0.0009168575052171946,1.5891947746276855,,,1757045858.9919193
"(None, None)",40.9588858,29.1357974,-0.015,0.06086860969662666,0.0009168575052171946,1.5891947746276855,,,1757045859.098586
"(None, None)",40.9588858,29.1357974,-0.015,0.06086860969662666,0.0009168575052171946,1.5891947746276855,,,1757045859.2058203
"(None, None)",40.9588858,29.1357974,-0.015,0.06086860969662666,0.0009168575052171946,1.5891947746276855,,,1757045859.3059146
"(None, None)",40.9588858,29.1357974,-0.015,0.06086860969662666,0.0009168575052171946,1.5891947746276855,,,1757045859.4128692
"(None, None)",40.9588858,29.1357974,-0.015,0.06086860969662666,0.0009168575052171946,1.5891947746276855,,,1757045859.5215516
"(None, None)",40.9588858,29.1357974,-0.015,0.06086860969662666,0.0009168575052171946,1.5891947746276855,,,1757045859.630239
"(None, None)",40.9588858,29.1357974,-0.015,0.06086860969662666,0.0009168575052171946,1.5891947746276855,,,1757045859.8339975
"(None, None)",40.9588858,29.1357974,-0.015,0.06086860969662666,0.0009168575052171946,1.5891947746276855,,,1757045859.9441738
"(None, None)",40.9588858,29.1357974,-0.015,0.06086860969662666,0.0009168575052171946,1.5891947746276855,,,1757045860.1509752
"(None, None)",40.9588858,29.1357974,-0.015,0.06086860969662666,0.0009168575052171946,1.5891947746276855,,,1757045860.253928
"(None, None)",40.9588858,29.1357974,-0.015,0.06086860969662666,0.0009168575052171946,1.5891947746276855,,,1757045860.3619714
"(None, None)",40.9588858,29.1357974,-0.015,0.06086860969662666,0.0009168575052171946,1.5891947746276855,,,1757045860.4612968
"(None, None)",40.9588858,29.1357974,-0.015,0.06086860969662666,0.0009168575052171946,1.5891947746276855,,,1757045860.5721958
"(None, None)",40.9588858,29.1357974,-0.015,0.06086860969662666,0.0009168575052171946,1.5891947746276855,,,1757045860.67674
"(None, None)",40.9588858,29.1357974,-0.015,0.06086860969662666,0.0009168575052171946,1.5891947746276855,,,1757045860.805216
"(None, None)",40.9588858,29.1357974,-0.015,0.06086860969662666,0.0009168575052171946,1.5891947746276855,,,1757045860.9104993
"(None, None)",40.9588858,29.1357974,-0.015,0.06086860969662666,0.0009168575052171946,1.5891947746276855,,,1757045861.119038
"(None, None)",40.9588858,29.1357974,-0.015,0.06086860969662666,0.0009168575052171946,1.5891947746276855,,,1757045861.2306697
"(None, None)",40.9588858,29.1357974,-0.015,0.06086860969662666,0.0009168575052171946,1.5891947746276855,,,1757045861.3359478
"(None, None)",40.9588858,29.1357974,-0.015,0.06086860969662666,0.0009168575052171946,1.5891947746276855,,,1757045861.4412112
"(None, None)",40.9588858,29.1357974,-0.015,0.06086860969662666,0.0009168575052171946,1.5891947746276855,,,1757045861.550007
"(None, None)",40.9588858,29.1357974,-0.015,0.06086860969662666,0.0009168575052171946,1.5891947746276855,,,1757045861.650005
"(None, None)",40.9588858,29.1357974,-0.015,0.06086860969662666,0.0009168575052171946,1.5891947746276855,,,1757045861.753803
"(None, None)",40.9588858,29.1357974,-0.015,0.06086860969662666,0.0009168575052171946,1.5891947746276855,,,1757045861.8623614
"(None, None)",40.9588858,29.1357974,-0.015,0.06086860969662666,0.0009168575052171946,1.5891947746276855,,,1757045861.969203
"(None, None)",40.9588858,29.1357974,-0.015,0.06086860969662666,0.0009168575052171946,1.5891947746276855,,,1757045862.0724123
"(None, None)",40.9588858,29.1357974,-0.015,0.06086860969662666,0.0009168575052171946,1.5891947746276855,,,1757045862.178762
"(None, None)",40.9588858,29.1357974,-0.015,0.06086860969662666,0.0009168575052171946,1.5891947746276855,,,1757045862.282212
"(None, None)",40.9588858,29.1357974,-0.015,0.06086860969662666,0.0009168575052171946,1.5891947746276855,,,1757045862.3875518
"(None, None)",40.9588858,29.1357974,-0.015,0.06086860969662666,0.0009168575052171946,1.5891947746276855,,,1757045862.4972951
"(None, None)",40.9588858,29.1357974,-0.015,0.06086860969662666,0.0009168575052171946,1.5891947746276855,,,1757045862.5991578
"(None, None)",40.9588858,29.1357974,-0.015,0.06086860969662666,0.0009168575052171946,1.5891947746276855,,,1757045862.7033272
"(None, None)",40.9588858,29.1357974,-0.015,0.06086860969662666,0.0009168575052171946,1.5891947746276855,,,1757045862.8107042
"(None, None)",40.9588858,29.1357974,-0.015,0.06086860969662666,0.0009168575052171946,1.5891947746276855,,,1757045862.916693
"(None, None)",40.9588858,29.1357974,-0.015,0.06086860969662666,0.0009168575052171946,1.5891947746276855,,,1757045863.0191915
"(None, None)",40.9588858,29.1357974,-0.015,0.06086860969662666,0.0009168575052171946,1.5891947746276855,,,1757045863.1270385
"(None, None)",40.9588858,29.1357974,-0.015,0.06086860969662666,0.0009168575052171946,1.5891947746276855,,,1757045863.2323477
"(None, None)",40.9588858,29.1357974,-0.015,0.06086860969662666,0.0009168575052171946,1.5891947746276855,,,1757045863.3330073
"(None, None)",40.9588858,29.1357974,-0.015,0.06086860969662666,0.0009168575052171946,1.5891947746276855,,,1757045863.438572
"(None, None)",40.9588858,29.1357974,-0.015,0.06086860969662666,0.0009168575052171946,1.5891947746276855,,,1757045863.5427163
"(None, None)",40.9588858,29.1357974,-0.015,0.06086860969662666,0.0009168575052171946,1.5891947746276855,,,1757045863.6451373
"(None, None)",40.9588858,29.1357974,-0.015,0.06086860969662666,0.0009168575052171946,1.5891947746276855,,,1757045863.7504315
"(None, None)",40.9588858,29.1357974,-0.015,0.06086860969662666,0.0009168575052171946,1.5891947746276855,,,1757045863.8562021
"(None, None)",40.9588858,29.1357974,-0.015,0.06086860969662666,0.0009168575052171946,1.5891947746276855,,,1757045863.9595819
"(None, None)",40.9588858,29.1357974,-0.015,0.06086860969662666,0.0009168575052171946,1.5891947746276855,,,1757045864.1679127
"(None, None)",40.9588858,29.1357974,-0.015,0.06086860969662666,0.0009168575052171946,1.5891947746276855,,,1757045864.2745893
"(None, None)",40.9588858,29.1357974,-0.015,0.06086860969662666,0.0009168575052171946,1.5891947746276855,,,1757045864.3770528
"(None, None)",40.9588858,29.1357974,-0.015,0.06086860969662666,0.0009168575052171946,1.5891947746276855,,,1757045864.482679
"(None, None)",40.9588858,29.1357974,-0.015,0.06086860969662666,0.0009168575052171946,1.5891947746276855,,,1757045864.5851753
"(None, None)",40.9588858,29.1357974,-0.015,0.06086860969662666,0.0009168575052171946,1.5891947746276855,,,1757045864.6922717
"(None, None)",40.9588858,29.1357974,-0.015,0.06086860969662666,0.0009168575052171946,1.5891947746276855,,,1757045864.79877
"(None, None)",40.9588858,29.1357974,-0.015,0.06086860969662666,0.0009168575052171946,1.5891947746276855,,,1757045864.9004185
"(None, None)",40.9588858,29.1357974,-0.015,0.06086860969662666,0.0009168575052171946,1.5891947746276855,,,1757045865.0079608
"(None, None)",40.9588858,29.1357974,-0.015,0.06086860969662666,0.0009168575052171946,1.5891947746276855,,,1757045865.111484
"(None, None)",40.9588858,29.1357974,-0.015,0.06086860969662666,0.0009168575052171946,1.5891947746276855,,,1757045865.2167103
"(None, None)",40.9588858,29.1357974,-0.015,0.06086860969662666,0.0009168575052171946,1.5891947746276855,,,1757045865.3233824
"(None, None)",40.9588858,29.1357974,-0.015,0.06086860969662666,0.0009168575052171946,1.5891947746276855,,,1757045865.4275637
"(None, None)",40.9588858,29.1357974,-0.015,0.06086860969662666,0.0009168575052171946,1.5891947746276855,,,1757045865.5341382
"(None, None)",40.9588858,29.1357974,-0.015,0.06086860969662666,0.0009168575052171946,1.5891947746276855,,,1757045865.6377554
"(None, None)",40.9588858,29.1357974,-0.015,0.06086860969662666,0.0009168575052171946,1.5891947746276855,,,1757045865.744655
"(None, None)",40.9588858,29.1357974,-0.015,0.06086860969662666,0.0009168575052171946,1.5891947746276855,,,1757045865.8532357
"(None, None)",40.9588858,29.1357974,-0.015,0.06086860969662666,0.0009168575052171946,1.5891947746276855,,,1757045865.9562943
"(None, None)",40.9588858,29.1357974,-0.015,0.06086860969662666,0.0009168575052171946,1.5891947746276855,,,1757045866.1637793
"(None, None)",40.9588858,29.1357974,-0.015,0.06086860969662666,0.0009168575052171946,1.5891947746276855,,,1757045866.2702646
"(None, None)",40.9588858,29.1357974,-0.015,0.06086860969662666,0.0009168575052171946,1.5891947746276855,,,1757045866.374374
"(None, None)",40.9588858,29.1357974,-0.015,0.06086860969662666,0.0009168575052171946,1.5891947746276855,,,1757045866.47607
"(None, None)",40.9588858,29.1357974,-0.015,0.06086860969662666,0.0009168575052171946,1.5891947746276855,,,1757045866.5818443
"(None, None)",40.9588858,29.1357974,-0.015,0.06086860969662666,0.0009168575052171946,1.5891947746276855,,,1757045866.6837792
"(None, None)",40.9588858,29.1357974,-0.015,0.06086860969662666,0.0009168575052171946,1.5891947746276855,,,1757045866.7879624
"(None, None)",40.9588858,29.1357974,-0.015,0.06086860969662666,0.0009168575052171946,1.5891947746276855,,,1757045866.891925
"(None, None)",40.9588858,29.1357974,-0.015,0.06086860969662666,0.0009168575052171946,1.5891947746276855,,,1757045867.0955932
"(None, None)",40.9588858,29.1357974,-0.015,0.06086860969662666,0.0009168575052171946,1.5891947746276855,,,1757045867.1976485
"(None, None)",40.9588858,29.1357974,-0.015,0.06086860969662666,0.0009168575052171946,1.5891947746276855,,,1757045867.302257
"(None, None)",40.9588858,29.1357974,-0.015,0.06086860969662666,0.0009168575052171946,1.5891947746276855,,,1757045867.40362
"(None, None)",40.9588858,29.1357974,-0.015,0.06086860969662666,0.0009168575052171946,1.5891947746276855,,,1757045867.5072258
"(None, None)",40.9588858,29.1357974,-0.015,0.06086860969662666,0.0009168575052171946,1.5891947746276855,,,1757045867.6126745
"(None, None)",40.9588858,29.1357974,-0.015,0.06086860969662666,0.0009168575052171946,1.5891947746276855,,,1757045867.7178695
"(None, None)",40.9588858,29.1357974,-0.015,0.06086860969662666,0.0009168575052171946,1.5891947746276855,,,1757045867.8251224
"(None, None)",40.9588858,29.1357974,-0.015,0.06086860969662666,0.0009168575052171946,1.5891947746276855,,,1757045867.9286265
"(None, None)",40.9588858,29.1357974,-0.015,0.06086860969662666,0.0009168575052171946,1.5891947746276855,,,1757045868.0322766
"(None, None)",40.9588858,29.1357974,-0.015,0.06086860969662666,0.0009168575052171946,1.5891947746276855,,,1757045868.1366558
"(None, None)",40.9588858,29.1357974,-0.015,0.06086860969662666,0.0009168575052171946,1.5891947746276855,,,1757045868.2425156
"(None, None)",40.9588858,29.1357974,-0.015,0.06086860969662666,0.0009168575052171946,1.5891947746276855,,,1757045868.3485682
"(None, None)",40.9588858,29.1357974,-0.015,0.06086860969662666,0.0009168575052171946,1.5891947746276855,,,1757045868.4553142
"(None, None)",40.9588858,29.1357974,-0.015,0.06086860969662666,0.0009168575052171946,1.5891947746276855,,,1757045868.5687914
"(None, None)",40.9588858,29.1357974,-0.015,0.06086860969662666,0.0009168575052171946,1.5891947746276855,,,1757045868.7740715
"(None, None)",40.9588858,29.1357974,-0.015,0.06086860969662666,0.0009168575052171946,1.5891947746276855,,,1757045868.878013
"(None, None)",40.9588858,29.1357974,-0.015,0.06086860969662666,0.0009168575052171946,1.5891947746276855,,,1757045868.982199
"(None, None)",40.9588858,29.1357974,-0.015,0.06086860969662666,0.0009168575052171946,1.5891947746276855,,,1757045869.089024
"(None, None)",40.9588858,29.1357974,-0.015,0.06086860969662666,0.0009168575052171946,1.5891947746276855,,,1757045869.1926641
"(None, None)",40.9588858,29.1357974,-0.015,0.06086860969662666,0.0009168575052171946,1.5891947746276855,,,1757045869.2980115
"(None, None)",40.9588858,29.1357974,-0.015,0.06086860969662666,0.0009168575052171946,1.5891947746276855,,,1757045869.4031029
"(None, None)",40.9588858,29.1357974,-0.015,0.06086860969662666,0.0009168575052171946,1.5891947746276855,,,1757045869.5066452
"(None, None)",40.9588858,29.1357974,-0.015,0.06086860969662666,0.0009168575052171946,1.5891947746276855,,,1757045869.613924
"(None, None)",40.9588858,29.1357974,-0.015,0.06086860969662666,0.0009168575052171946,1.5891947746276855,,,1757045869.7153826
"(None, None)",40.9588858,29.1357974,-0.015,0.06086860969662666,0.0009168575052171946,1.5891947746276855,,,1757045869.8190312
"(None, None)",40.9588858,29.1357974,-0.015,0.06086860969662666,0.0009168575052171946,1.5891947746276855,,,1757045869.9248965
"(None, None)",40.9588858,29.1357974,-0.015,0.06086860969662666,0.0009168575052171946,1.5891947746276855,,,1757045870.0290506
"(None, None)",40.9588858,29.1357974,-0.015,0.06086860969662666,0.0009168575052171946,1.5891947746276855,,,1757045870.135241
"(None, None)",40.9588858,29.1357974,-0.015,0.06086860969662666,0.0009168575052171946,1.5891947746276855,,,1757045870.2400587
"(None, None)",40.9588858,29.1357974,-0.015,0.06086860969662666,0.0009168575052171946,1.5891947746276855,,,1757045870.3459089
"(None, None)",40.9588858,29.1357974,-0.015,0.06086860969662666,0.0009168575052171946,1.5891947746276855,,,1757045870.45373
"(None, None)",40.9588858,29.1357974,-0.015,0.06086860969662666,0.0009168575052171946,1.5891947746276855,,,1757045870.5617595
"(None, None)",40.9588858,29.1357974,-0.015,0.06086860969662666,0.0009168575052171946,1.5891947746276855,,,1757045870.6664534
"(None, None)",40.9588858,29.1357974,-0.015,0.06086860969662666,0.0009168575052171946,1.5891947746276855,,,1757045870.7711277
"(None, None)",40.9588858,29.1357974,-0.015,0.06086860969662666,0.0009168575052171946,1.5891947746276855,,,1757045870.8830779
"(None, None)",40.9588858,29.1357974,-0.015,0.06086860969662666,0.0009168575052171946,1.5891947746276855,,,1757045870.9860253
"(None, None)",40.9588858,29.1357974,-0.015,0.06086860969662666,0.0009168575052171946,1.5891947746276855,,,1757045871.0914197
"(None, None)",40.9588858,29.1357974,-0.015,0.06086860969662666,0.0009168575052171946,1.5891947746276855,,,1757045871.1965315
"(None, None)",40.9588858,29.1357974,-0.015,0.06086860969662666,0.0009168575052171946,1.5891947746276855,,,1757045871.302721
"(None, None)",40.9588858,29.1357974,-0.015,0.06086860969662666,0.0009168575052171946,1.5891947746276855,,,1757045871.409517
"(None, None)",40.9588858,29.1357974,-0.015,0.06086860969662666,0.0009168575052171946,1.5891947746276855,,,1757045871.517025
"(None, None)",40.9588858,29.1357974,-0.015,0.06086860969662666,0.0009168575052171946,1.5891947746276855,,,1757045871.624121
"(None, None)",40.9588858,29.1357974,-0.015,0.06086860969662666,0.0009168575052171946,1.5891947746276855,,,1757045871.7264087
"(None, None)",40.9588858,29.1357974,-0.015,0.06086860969662666,0.0009168575052171946,1.5891947746276855,,,1757045871.8379445
"(None, None)",40.9588858,29.1357974,-0.015,0.06086860969662666,0.0009168575052171946,1.5891947746276855,,,1757045871.9400134
"(None, None)",40.9588858,29.1357974,-0.015,0.06086860969662666,0.0009168575052171946,1.5891947746276855,,,1757045872.0467584
"(None, None)",40.9588858,29.1357974,-0.015,0.06086860969662666,0.0009168575052171946,1.5891947746276855,,,1757045872.154179
"(None, None)",40.9588858,29.1357974,-0.015,0.06086860969662666,0.0009168575052171946,1.5891947746276855,,,1757045872.2598324
"(None, None)",40.9588858,29.1357974,-0.015,0.06086860969662666,0.0009168575052171946,1.5891947746276855,,,1757045872.36577
"(None, None)",40.9588858,29.1357974,-0.015,0.06086860969662666,0.0009168575052171946,1.5891947746276855,,,1757045872.4691133
"(None, None)",40.9588858,29.1357974,-0.015,0.06086860969662666,0.0009168575052171946,1.5891947746276855,,,1757045872.5799766
"(None, None)",40.9588858,29.1357974,-0.015,0.06086860969662666,0.0009168575052171946,1.5891947746276855,,,1757045872.6873136
"(None, None)",40.9588858,29.1357974,-0.015,0.06086860969662666,0.0009168575052171946,1.5891947746276855,,,1757045872.7962887
"(None, None)",40.9588858,29.1357974,-0.015,0.06086860969662666,0.0009168575052171946,1.5891947746276855,,,1757045872.8979192
"(None, None)",40.9588858,29.1357974,-0.015,0.06086860969662666,0.0009168575052171946,1.5891947746276855,,,1757045873.0081015
"(None, None)",40.9588858,29.1357974,-0.015,0.06086860969662666,0.0009168575052171946,1.5891947746276855,,,1757045873.1123526
"(None, None)",40.9588858,29.1357974,-0.015,0.06086860969662666,0.0009168575052171946,1.5891947746276855,,,1757045873.2177389
"(None, None)",40.9588858,29.1357974,-0.015,0.06086860969662666,0.0009168575052171946,1.5891947746276855,,,1757045873.3238318
"(None, None)",40.9588858,29.1357974,-0.015,0.06086860969662666,0.0009168575052171946,1.5891947746276855,,,1757045873.4328463
"(None, None)",40.9588858,29.1357974,-0.015,0.06086860969662666,0.0009168575052171946,1.5891947746276855,,,1757045873.636609
"(None, None)",40.9588858,29.1357974,-0.015,0.06086860969662666,0.0009168575052171946,1.5891947746276855,,,1757045873.739982
"(None, None)",40.9588858,29.1357974,-0.015,0.06086860969662666,0.0009168575052171946,1.5891947746276855,,,1757045873.8448858
"(None, None)",40.9588858,29.1357974,-0.015,0.06086860969662666,0.0009168575052171946,1.5891947746276855,,,1757045873.9521666
"(None, None)",40.9588858,29.1357974,-0.015,0.06086860969662666,0.0009168575052171946,1.5891947746276855,,,1757045874.054651
"(None, None)",40.9588858,29.1357974,-0.015,0.06086860969662666,0.0009168575052171946,1.5891947746276855,,,1757045874.166093
"(None, None)",40.9588858,29.1357974,-0.015,0.06086860969662666,0.0009168575052171946,1.5891947746276855,,,1757045874.276218
"(None, None)",40.9588858,29.1357974,-0.015,0.06086860969662666,0.0009168575052171946,1.5891947746276855,,,1757045874.382281
"(None, None)",40.9588858,29.1357974,-0.015,0.06086860969662666,0.0009168575052171946,1.5891947746276855,,,1757045874.4897754
"(None, None)",40.9588858,29.1357974,-0.015,0.06086860969662666,0.0009168575052171946,1.5891947746276855,,,1757045874.597879
"(None, None)",40.9588858,29.1357974,-0.015,0.06086860969662666,0.0009168575052171946,1.5891947746276855,,,1757045874.7056792
"(None, None)",40.9588858,29.1357974,-0.015,0.06086860969662666,0.0009168575052171946,1.5891947746276855,,,1757045874.811647
"(None, None)",40.9588858,29.1357974,-0.015,0.06086860969662666,0.0009168575052171946,1.5891947746276855,,,1757045875.020938
"(None, None)",40.9588858,29.1357974,-0.015,0.06086860969662666,0.0009168575052171946,1.5891947746276855,,,1757045875.1284876
"(None, None)",40.9588858,29.1357974,-0.015,0.06086860969662666,0.0009168575052171946,1.5891947746276855,,,1757045875.2340922
"(None, None)",40.9588858,29.1357974,-0.015,0.06086860969662666,0.0009168575052171946,1.5891947746276855,,,1757045875.3430386
"(None, None)",40.9588858,29.1357974,-0.015,0.06086860969662666,0.0009168575052171946,1.5891947746276855,,,1757045875.444747
"(None, None)",40.9588858,29.1357974,-0.015,0.06086860969662666,0.0009168575052171946,1.5891947746276855,,,1757045875.5511458
"(None, None)",40.9588858,29.1357974,-0.015,0.06086860969662666,0.0009168575052171946,1.5891947746276855,,,1757045875.656166
"(None, None)",40.9588858,29.1357974,-0.015,0.06086860969662666,0.0009168575052171946,1.5891947746276855,,,1757045875.761265
"(None, None)",40.9588858,29.1357974,-0.015,0.06086860969662666,0.0009168575052171946,1.5891947746276855,,,1757045875.8653286
"(None, None)",40.9588858,29.1357974,-0.015,0.06086860969662666,0.0009168575052171946,1.5891947746276855,,,1757045875.9699867
"(None, None)",40.9588858,29.1357974,-0.015,0.06086860969662666,0.0009168575052171946,1.5891947746276855,,,1757045876.0754392
"(None, None)",40.9588858,29.1357974,-0.015,0.06086860969662666,0.0009168575052171946,1.5891947746276855,,,1757045876.1802628
"(None, None)",40.9588858,29.1357974,-0.015,0.06086860969662666,0.0009168575052171946,1.5891947746276855,,,1757045876.2839432
"(None, None)",40.9588858,29.1357974,-0.015,0.06086860969662666,0.0009168575052171946,1.5891947746276855,,,1757045876.383781
"(None, None)",40.9588858,29.1357974,-0.015,0.06086860969662666,0.0009168575052171946,1.5891947746276855,,,1757045876.4928691
"(None, None)",40.9588858,29.1357974,-0.015,0.06086860969662666,0.0009168575052171946,1.5891947746276855,,,1757045876.6939929
"(None, None)",40.9588858,29.1357974,-0.015,0.06086860969662666,0.0009168575052171946,1.5891947746276855,,,1757045876.799696
"(None, None)",40.9588858,29.1357974,-0.015,0.06086860969662666,0.0009168575052171946,1.5891947746276855,,,1757045876.9023807
"(None, None)",40.9588858,29.1357974,-0.015,0.06086860969662666,0.0009168575052171946,1.5891947746276855,,,1757045877.0083592
"(None, None)",40.9588858,29.1357974,-0.015,0.06086860969662666,0.0009168575052171946,1.5891947746276855,,,1757045877.1094196
"(None, None)",40.9588858,29.1357974,-0.015,0.06086860969662666,0.0009168575052171946,1.5891947746276855,,,1757045877.21328
"(None, None)",40.9588858,29.1357974,-0.015,0.06086860969662666,0.0009168575052171946,1.5891947746276855,,,1757045877.315501
"(None, None)",40.9588858,29.1357974,-0.015,0.06086860969662666,0.0009168575052171946,1.5891947746276855,,,1757045877.4184277
"(None, None)",40.9588858,29.1357974,-0.015,0.06086860969662666,0.0009168575052171946,1.5891947746276855,,,1757045877.5207772
"(None, None)",40.9588858,29.1357974,-0.015,0.06086860969662666,0.0009168575052171946,1.5891947746276855,,,1757045877.626627
"(None, None)",40.9588858,29.1357974,-0.015,0.06086860969662666,0.0009168575052171946,1.5891947746276855,,,1757045877.7305465
"(None, None)",40.9588858,29.1357974,-0.015,0.06086860969662666,0.0009168575052171946,1.5891947746276855,,,1757045877.9349957
"(None, None)",40.9588858,29.1357974,-0.015,0.06086860969662666,0.0009168575052171946,1.5891947746276855,,,1757045878.0415566
"(None, None)",40.9588858,29.1357974,-0.015,0.06086860969662666,0.0009168575052171946,1.5891947746276855,,,1757045878.1473541
"(None, None)",40.9588858,29.1357974,-0.015,0.06086860969662666,0.0009168575052171946,1.5891947746276855,,,1757045878.2544322
"(None, None)",40.9588858,29.1357974,-0.015,0.06086860969662666,0.0009168575052171946,1.5891947746276855,,,1757045878.3613234
"(None, None)",40.9588858,29.1357974,-0.015,0.06086860969662666,0.0009168575052171946,1.5891947746276855,,,1757045878.4647632
"(None, None)",40.9588858,29.1357974,-0.015,0.06086860969662666,0.0009168575052171946,1.5891947746276855,,,1757045878.5680504
"(None, None)",40.9588858,29.1357974,-0.015,0.06086860969662666,0.0009168575052171946,1.5891947746276855,,,1757045878.671927
"(None, None)",40.9588858,29.1357974,-0.015,0.06086860969662666,0.0009168575052171946,1.5891947746276855,,,1757045878.7780776
"(None, None)",40.9588858,29.1357974,-0.015,0.06086860969662666,0.0009168575052171946,1.5891947746276855,,,1757045878.882474
"(None, None)",40.9588858,29.1357974,-0.015,0.06086860969662666,0.0009168575052171946,1.5891947746276855,,,1757045878.9901586
"(None, None)",40.9588858,29.1357974,-0.015,0.06086860969662666,0.0009168575052171946,1.5891947746276855,,,1757045879.2007635
"(320, 238)",40.9588861,29.1357976,4.998,0.003480189014226198,0.001656652893871069,1.5663707256317139,40.9588855063762,29.135797504984655,1757045879.3051538
"(321, 238)",40.9588861,29.1357976,4.998,0.003480189014226198,0.001656652893871069,1.5663707256317139,40.95888550540432,29.135797215620602,1757045879.4141145
"(321, 239)",40.9588861,29.1357976,4.998,0.005366080440580845,0.0016338159330189228,1.5665242671966553,40.95888563930046,29.13579721610014,1757045879.516896
"(321, 239)",40.9588861,29.1357976,4.998,0.005366080440580845,0.0016338159330189228,1.5665242671966553,40.95888563930046,29.13579721610014,1757045879.6279213
"(321, 239)",40.9588861,29.1357976,4.998,0.005366080440580845,0.0016338159330189228,1.5665242671966553,40.95888563930046,29.13579721610014,1757045879.7312758
"(321, 239)",40.9588861,29.1357976,4.998,-0.0007478183833882213,0.0015900647267699242,1.5664148330688477,40.95888591379294,29.1357972171881,1757045879.8360317
"(320, 238)",40.9588861,29.1357976,4.998,-0.0007478183833882213,0.0015900647267699242,1.5664148330688477,40.95888569624284,29.135797507807325,1757045879.9461584
"(320, 238)",40.9588861,29.1357976,4.998,-0.0007478183833882213,0.0015900647267699242,1.5664148330688477,40.95888569624284,29.135797507807325,1757045880.0493035
"(320, 238)",40.9588861,29.1357976,4.997,0.0035066173877567053,0.0016226447187364101,1.5664994716644287,40.95888550532427,29.135797506930707,1757045880.1517203
"(321, 239)",40.9588861,29.1357976,4.997,0.0035066173877567053,0.0016226447187364101,1.5664994716644287,40.958885722864,29.13579721638616,1757045880.3564477
"(321, 239)",40.9588861,29.1357976,4.997,0.004925976507365704,0.001628565019927919,1.5665240287780762,40.95888565915133,29.135797216378723,1757045880.4576874
"(321, 239)",40.9588861,29.1357976,4.998,-0.000624301319476217,0.0015934654511511326,1.5664714574813843,40.95888590826291,29.13579721700356,1757045880.5641513
"(320, 238)",40.9588861,29.1357976,4.998,-0.000624301319476217,0.0015934654511511326,1.5664714574813843,40.95888569070007,29.13579750760663,1757045880.6713588
"(320, 238)",40.9588861,29.1357976,4.998,-0.000624301319476217,0.0015934654511511326,1.5664714574813843,40.95888569070007,29.13579750760663,1757045880.7763517
"(320, 237)",40.9588861,29.1357976,4.998,0.0014700203901156783,0.0016310124192386866,1.566473126411438,40.958885378133886,29.135797507162785,1757045880.883515
"(321, 237)",40.9588861,29.1357976,4.998,0.0014700203901156783,0.0016310124192386866,1.566473126411438,40.95888537718346,29.1357972178037,1757045880.9931734
"(320, 238)",40.9588861,29.1357976,4.998,0.006617512553930283,0.0016696332022547722,1.5664879083633423,40.95888536549338,29.13579750492462,1757045881.0975845
"(321, 238)",40.9588861,29.1357976,4.998,0.006617512553930283,0.0016696332022547722,1.5664879083633423,40.95888536454588,29.135797215546976,1757045881.2016509
"(321, 239)",40.9588861,29.1357976,4.998,0.006617512553930283,0.0016696332022547722,1.5664879083633423,40.95888558308968,29.135797214309463,1757045881.3046403
"(321, 239)",40.9588861,29.1357976,4.998,0.0010663458378985524,0.001602427801117301,1.5664715766906738,40.958885832352884,29.135797216902894,1757045881.410608
"(320, 238)",40.9588861,29.1357976,4.998,0.0010663458378985524,0.001602427801117301,1.5664715766906738,40.95888561478507,29.13579750750847,1757045881.518463
"(320, 237)",40.9588861,29.1357976,4.998,0.0010663458378985524,0.001602427801117301,1.5664715766906738,40.95888539626788,29.13579750875988,1757045881.6230736
"(320, 238)",40.9588861,29.1357976,4.998,0.0017253224505111575,0.0016302786534652114,1.5664461851119995,40.95888558518781,29.135797506039427,1757045881.727494
"(320, 238)",40.9588861,29.1357976,4.998,0.0017253224505111575,0.0016302786534652114,1.5664461851119995,40.95888558518781,29.135797506039427,1757045881.8339474
"(320, 238)",40.9588861,29.1357976,4.998,0.006802280433475971,0.0017351156566292048,1.5664153099060059,40.958885357177365,29.135797501150265,1757045881.936364
"(320, 239)",40.9588861,29.1357976,4.998,0.006802280433475971,0.0017351156566292048,1.5664153099060059,40.958885575720444,29.135797499882425,1757045882.0438476
"(320, 239)",40.9588861,29.1357976,4.998,0.006802280433475971,0.0017351156566292048,1.5664153099060059,40.958885575720444,29.135797499882425,1757045882.147332
"(320, 239)",40.9588861,29.1357976,4.998,0.0026237275451421738,0.0016156231286004186,1.566467523574829,40.958885763371526,29.135797505874837,1757045882.2509446
"(320, 237)",40.9588861,29.1357976,4.998,0.0026237275451421738,0.0016156231286004186,1.566467523574829,40.958885326323646,29.135797508380076,1757045882.4833817
"(320, 237)",40.9588861,29.1357976,4.999,-0.0001007767059491016,0.0017517658416181803,1.5664277076721191,40.958885448517805,29.135797499598922,1757045882.5865777
"(320, 237)",40.9588861,29.1357976,4.999,-0.0001007767059491016,0.0017517658416181803,1.5664277076721191,40.958885448517805,29.135797499598922,1757045882.7000659
"(320, 238)",40.9588861,29.1357976,4.999,0.005533039104193449,0.0016646863659843802,1.566390037536621,40.95888541405237,29.13579750501075,1757045882.805346
"(320, 238)",40.9588861,29.1357976,4.999,0.005533039104193449,0.0016646863659843802,1.566390037536621,40.95888541405237,29.13579750501075,1757045882.9100032
"(320, 238)",40.9588861,29.1357976,4.999,0.0039817276410758495,0.001686990144662559,1.5664736032485962,40.95888548373251,29.13579750320971,1757045883.0229614
"(320, 238)",40.9588861,29.1357976,4.999,0.0039817276410758495,0.001686990144662559,1.5664736032485962,40.95888548373251,29.13579750320971,1757045883.1306148
"(320, 238)",40.9588861,29.1357976,4.999,0.0039817276410758495,0.001686990144662559,1.5664736032485962,40.95888548373251,29.13579750320971,1757045883.237361
"(320, 237)",40.9588861,29.1357976,5.0,-0.001432010787539184,0.0016660364344716072,1.5664527416229248,40.95888550821057,29.135797504312144,1757045883.3429928
"(320, 236)",40.9588861,29.1357976,5.0,-0.001432010787539184,0.0016660364344716072,1.5664527416229248,40.958885289622074,29.13579750556941,1757045883.4433084
"(320, 236)",40.9588861,29.1357976,4.999,0.003144998801872134,0.0016252525383606553,1.5664554834365845,40.958885084169985,29.135797509192496,1757045883.5468733
"(320, 237)",40.9588861,29.1357976,4.999,0.003144998801872134,0.0016252525383606553,1.5664554834365845,40.958885302750545,29.13579750793607,1757045883.6541352
"(320, 238)",40.9588861,29.1357976,4.999,0.003144998801872134,0.0016252525383606553,1.5664554834365845,40.95888552132442,29.135797506679676,1757045883.7638166
"(320, 238)",40.9588861,29.1357976,4.999,0.003448838833719492,0.0017763318028301,1.5665335655212402,40.95888550765416,29.135797497713007,1757045883.8693302
"(320, 238)",40.9588861,29.1357976,4.999,0.003448838833719492,0.0017763318028301,1.5665335655212402,40.95888550765416,29.135797497713007,1757045883.9755647
"(320, 238)",40.9588861,29.1357976,4.999,-0.002464789431542158,0.0015921631129458547,1.5664006471633911,40.95888577326876,29.135797507222858,1757045884.0825477
"(320, 237)",40.9588861,29.1357976,4.999,-0.002464789431542158,0.0015921631129458547,1.5664006471633911,40.958885554725626,29.135797508494942,1757045884.2886667
"(320, 237)",40.9588861,29.1357976,4.999,0.0015679214848205447,0.0016521798679605126,1.5665465593338013,40.95888537359301,29.135797505840035,1757045884.3927321
"(320, 238)",40.9588861,29.1357976,4.999,0.0015679214848205447,0.0016521798679605126,1.5665465593338013,40.95888559215697,29.13579750461006,1757045884.4947567
"(320, 238)",40.9588861,29.1357976,4.999,0.0032198531553149223,0.0016524980310350657,1.5665855407714844,40.95888551796641,29.135797504978623,1757045884.60125
"(320, 239)",40.9588861,29.1357976,4.999,0.0032198531553149223,0.0016524980310350657,1.5665855407714844,40.958885736534064,29.13579750375991,1757045884.705308
"(320, 239)",40.958886,29.1357976,4.999,-0.0026076913345605135,0.0017490653553977609,1.5665713548660278,40.95888589821672,29.135797496560254,1757045884.8089545
"(320, 238)",40.958886,29.1357976,4.999,-0.0026076913345605135,0.0017490653553977609,1.5665713548660278,40.95888567966842,29.135797497782967,1757045885.0444548
"(320, 238)",40.958886,29.1357976,5.0,0.001325564575381577,0.001577417366206646,1.5665991306304932,40.95888550296024,29.135797508941724,1757045885.1518419
"(320, 238)",40.958886,29.1357976,5.0,0.001325564575381577,0.001577417366206646,1.5665991306304932,40.95888550296024,29.135797508941724,1757045885.2575786
"(320, 239)",40.958886,29.1357976,5.0,0.004189915955066681,0.0017259599408134818,1.5666204690933228,40.95888559287607,29.135797499595533,1757045885.3872256
"(320, 240)",40.958886,29.1357976,5.0,0.004189915955066681,0.0017259599408134818,1.5666204690933228,40.958885811483256,29.13579749838671,1757045885.58651
"(320, 240)",40.958886,29.1357976,5.001,-0.0009714282350614667,0.0017231130041182041,1.5665977001190186,40.95888604331584,29.135797497252273,1757045885.69093
"(320, 239)",40.958886,29.1357976,5.001,-0.0009714282350614667,0.0017231130041182041,1.5665977001190186,40.958885824674084,29.13579749846788,1757045885.7935357
"(320, 238)",40.958886,29.1357976,5.001,0.0004996496718376875,0.001673157443292439,1.5665860176086426,40.9588855399497,29.13579750302983,1757045885.9035995
"(320, 238)",40.958886,29.1357976,5.001,0.0004996496718376875,0.001673157443292439,1.5665860176086426,40.9588855399497,29.13579750302983,1757045886.018619
"(320, 239)",40.958886,29.1357976,5.001,0.0004996496718376875,0.001673157443292439,1.5665860176086426,40.95888575859391,29.13579750181083,1757045886.1239913
"(320, 240)",40.958886,29.1357976,5.001,0.005226959008723497,0.001613312168046832,1.5666338205337524,40.95888576487809,29.135797505321094,1757045886.227095
"(320, 241)",40.958886,29.1357976,5.001,0.005226959008723497,0.001613312168046832,1.5666338205337524,40.958885983521085,29.135797504115942,1757045886.331318
"(320, 241)",40.958886,29.1357976,5.002,-0.0006499464507214725,0.0017088440945371985,1.5666840076446533,40.95888624757573,29.135797496973485,1757045886.4337323
"(320, 240)",40.958886,29.1357976,5.002,-0.0006499464507214725,0.0017088440945371985,1.5666840076446533,40.95888602888856,29.135797498164347,1757045886.5386467
"(320, 239)",40.958886,29.1357976,5.002,-0.0006499464507214725,0.0017088440945371985,1.5666840076446533,40.95888581020277,29.135797499355203,1757045886.6483216
"(320, 239)",40.9588861,29.1357976,5.001,0.00031294708605855703,0.0017142127035185695,1.5666335821151733,40.95888586697748,29.135797499307078,1757045886.8563185
"(320, 240)",40.9588861,29.1357976,5.001,0.00031294708605855703,0.0017142127035185695,1.5666335821151733,40.958886085620456,29.135797498101855,1757045886.9616406
"(320, 240)",40.9588861,29.1357976,5.001,0.005203645210713148,0.0016390285454690456,1.5665847063064575,40.95888586591709,29.13579750380072,1757045887.0690587
"(320, 241)",40.9588861,29.1357976,5.001,0.005203645210713148,0.0016390285454690456,1.5665847063064575,40.95888608456002,29.135797502581347,1757045887.1740284
"(320, 241)",40.9588861,29.1357976,5.001,-0.0005242162151262164,0.0016366294585168362,1.566659688949585,40.958886341889205,29.135797501312986,1757045887.2830653
"(320, 240)",40.9588861,29.1357976,5.001,-0.0005242162151262164,0.0016366294585168362,1.566659688949585,40.95888612324597,29.135797502510652,1757045887.3886611
"(320, 239)",40.9588861,29.1357976,5.001,0.0003442797460593283,0.001709580421447754,1.5666239261627197,40.95888586556998,29.1357974995934,1757045887.4926262
"(320, 239)",40.9588861,29.1357976,5.001,0.0003442797460593283,0.001709580421447754,1.5666239261627197,40.95888586556998,29.1357974995934,1757045887.5969844
"(320, 239)",40.9588861,29.1357976,5.001,0.0003442797460593283,0.001709580421447754,1.5666239261627197,40.95888586556998,29.1357974995934,1757045887.7033236
"(320, 240)",40.9588861,29.1357976,5.001,0.005498697981238365,0.0016614989144727588,1.5665717124938965,40.95888585265642,29.135797502542175,1757045887.942894
"(320, 241)",40.9588861,29.1357976,5.001,0.005498697981238365,0.0016614989144727588,1.5665717124938965,40.95888607129972,29.135797501319036,1757045888.0544891
"(320, 241)",40.9588861,29.1357976,5.002,0.0014208076754584908,0.0016621712129563093,1.5666831731796265,40.95888625453632,29.13579750025706,1757045888.161671
"(320, 240)",40.9588861,29.1357976,5.002,0.0014208076754584908,0.0016621712129563093,1.5666831731796265,40.95888603585102,29.135797501448156,1757045888.2661457
"(320, 239)",40.9588861,29.1357976,5.002,-0.0004350721137598157,0.0016746779438108206,1.566508412361145,40.958885900540814,29.135797501487055,1757045888.3751523
"(320, 239)",40.9588861,29.1357976,5.002,-0.0004350721137598157,0.0016746779438108206,1.566508412361145,40.958885900540814,29.135797501487055,1757045888.4843814
"(320, 239)",40.9588861,29.1357976,5.001,0.005718533415347338,0.0016381647437810898,1.56649649143219,40.95888562412342,29.135797505256143,1757045888.5865529
"(320, 240)",40.9588861,29.1357976,5.001,0.005718533415347338,0.0016381647437810898,1.56649649143219,40.95888584277912,29.13579750401116,1757045888.6904263
"(320, 241)",40.9588861,29.1357976,5.001,0.005718533415347338,0.0016381647437810898,1.56649649143219,40.95888606142265,29.13579750276624,1757045888.7945745
"(320, 241)",40.9588861,29.1357976,5.001,0.002040152670815587,0.0014336461899802089,1.5665019750595093,40.95888622671184,29.135797513992735,1757045888.906879
"(320, 240)",40.9588861,29.1357976,5.001,0.002040152670815587,0.0014336461899802089,1.5665019750595093,40.9588860080707,29.135797515236053,1757045889.1076615
"(320, 239)",40.9588861,29.1357976,5.001,-0.0006004493916407228,0.0013057488249614835,1.56649649143219,40.95888590808079,29.135797523414585,1757045889.2147129
"(320, 238)",40.9588861,29.1357976,5.001,-0.0006004493916407228,0.0013057488249614835,1.56649649143219,40.958885689440265,29.135797524659484,1757045889.320023
"(320, 239)",40.9588861,29.1357976,5.001,0.004312559962272644,0.0013134180335327983,1.5665427446365356,40.95888568735768,29.135797524189847,1757045889.430801
"(320, 240)",40.9588861,29.1357976,5.001,0.004312559962272644,0.0013134180335327983,1.5665427446365356,40.95888590600874,29.13579752295828,1757045889.533092
"(320, 240)",40.9588861,29.1357976,5.001,0.004312559962272644,0.0013134180335327983,1.5665427446365356,40.95888590600874,29.13579752295828,1757045889.6404796
"(320, 241)",40.9588861,29.1357976,5.001,0.004480571486055851,0.0013168164296075702,1.566433072090149,40.95888611709566,29.13579752156463,1757045889.744373
"(320, 240)",40.9588861,29.1357976,5.001,0.004480571486055851,0.0013168164296075702,1.566433072090149,40.95888589845374,29.1357975228279,1757045889.8515263
"(320, 240)",40.9588861,29.1357976,5.002,-0.00019674190843943506,0.0014381135115399957,1.5664316415786743,40.95888610855823,29.135797514380936,1757045889.9577298
"(320, 238)",40.9588861,29.1357976,5.002,-0.00019674190843943506,0.0014381135115399957,1.5664316415786743,40.958885671186934,29.13579751690881,1757045890.0657551
"(320, 238)",40.9588861,29.1357976,5.002,-0.00019674190843943506,0.0014381135115399957,1.5664316415786743,40.958885671186934,29.13579751690881,1757045890.1728718
"(320, 239)",40.9588861,29.1357976,5.001,0.0033803225960582495,0.001391814206726849,1.5664362907409668,40.95888572921954,29.135797519342546,1757045890.2758934
"(320, 240)",40.9588861,29.1357976,5.001,0.0033803225960582495,0.001391814206726849,1.5664362907409668,40.95888594786796,29.135797518080167,1757045890.483698
"(320, 240)",40.9588861,29.1357976,5.001,0.0065081482753157616,0.00153672369197011,1.5662890672683716,40.958885807310416,29.135797510328096,1757045890.5873492
"(320, 240)",40.9588861,29.1357976,5.001,0.0065081482753157616,0.00153672369197011,1.5662890672683716,40.958885807310416,29.135797510328096,1757045890.6941104
"(320, 239)",40.9588861,29.1357976,5.0,0.001389559474773705,0.001651941565796733,1.5664976835250854,40.958885818667724,29.135797503348073,1757045890.8059077
"(320, 238)",40.9588861,29.1357976,5.0,0.001389559474773705,0.001651941565796733,1.5664976835250854,40.958885600064114,29.135797504592418,1757045890.90748
"(320, 238)",40.9588861,29.1357976,4.999,0.0029014006722718477,0.0016009612008929253,1.5663886070251465,40.958885532265434,29.135797508111537,1757045891.010832
"(320, 238)",40.9588861,29.1357976,4.999,0.0029014006722718477,0.0016009612008929253,1.5663886070251465,40.958885532265434,29.135797508111537,1757045891.1123598
"(320, 239)",40.9588862,29.1357976,4.998,0.007585661020129919,0.0016332081286236644,1.5665414333343506,40.95888564057263,29.135797506051745,1757045891.2157154
"(320, 240)",40.9588862,29.1357976,4.998,0.007585661020129919,0.0016332081286236644,1.5665414333343506,40.958885859104626,29.135797504820466,1757045891.3237495
"(320, 240)",40.9588862,29.1357976,4.998,0.007585661020129919,0.0016332081286236644,1.5665414333343506,40.958885859104626,29.135797504820466,1757045891.4288256
"(320, 239)",40.9588862,29.1357976,4.998,0.003100224304944277,0.0017966486047953367,1.5663892030715942,40.95888584193528,29.135797495272154,1757045891.5332737
"(320, 238)",40.9588862,29.1357976,4.998,0.003100224304944277,0.0017966486047953367,1.5663892030715942,40.958885623412016,29.135797496547433,1757045891.637433
"(320, 237)",40.9588862,29.1357976,4.998,0.003100224304944277,0.0017966486047953367,1.5663892030715942,40.95888540488217,29.13579749782275,1757045891.7387447
"(320, 237)",40.9588862,29.1357976,4.998,0.0025757490657269955,0.0017354103038087487,1.5663143396377563,40.958885428443544,29.135797501402557,1757045891.8459191
"(320, 237)",40.9588862,29.1357976,4.998,0.0025757490657269955,0.0017354103038087487,1.5663143396377563,40.958885428443544,29.135797501402557,1757045891.9476414
"(320, 238)",40.9588862,29.1357976,4.998,0.007377655711025,0.0018940969603136182,1.5663379430770874,40.958885431299365,29.135797491927054,1757045892.0548465
"(320, 238)",40.9588862,29.1357976,4.998,0.007377655711025,0.0018940969603136182,1.5663379430770874,40.958885431299365,29.135797491927054,1757045892.1591856
"(320, 238)",40.9588862,29.1357976,4.998,0.007377655711025,0.0018940969603136182,1.5663379430770874,40.958885431299365,29.135797491927054,1757045892.2638714
"(320, 238)",40.9588862,29.1357976,4.997,0.0031226328574121,0.001948707620613277,1.5663414001464844,40.958885622487024,29.135797487572045,1757045892.3643684
"(320, 237)",40.9588862,29.1357976,4.997,0.0031226328574121,0.001948707620613277,1.5663414001464844,40.95888540400073,29.13579748886094,1757045892.4711692
"(320, 236)",40.9588862,29.1357976,4.998,0.0005153822712600231,0.002019093604758382,1.566252589225769,40.95888530239486,29.135797485357944,1757045892.5855973
"(320, 237)",40.9588862,29.1357976,4.998,0.0005153822712600231,0.002019093604758382,1.566252589225769,40.95888552090998,29.13579748404318,1757045892.7033777
"(320, 236)",40.9588862,29.1357976,4.998,0.005848961882293224,0.00214182585477829,1.5663163661956787,40.958885062787914,29.135797479406687,1757045892.808633
"(320, 237)",40.9588862,29.1357976,4.998,0.005848961882293224,0.00214182585477829,1.5663163661956787,40.958885281350284,29.1357974781101,1757045892.913651
"(320, 238)",40.9588862,29.1357976,4.998,0.005848961882293224,0.00214182585477829,1.5663163661956787,40.958885499900205,29.135797476813586,1757045893.0212867
"(320, 238)",40.9588862,29.1357976,4.998,0.0032441895455121994,0.0021035070531070232,1.5664008855819702,40.95888561688728,29.135797478332567,1757045893.1255305
"(320, 237)",40.9588862,29.1357976,4.998,0.0032441895455121994,0.0021035070531070232,1.5664008855819702,40.95888539835632,29.13579747960451,1757045893.2332711
"(321, 236)",40.9588862,29.1357976,4.997,-0.0008946404559537768,0.0017932053888216615,1.5662959814071655,40.95888536495102,29.135797209089066,1757045893.341272
"(321, 236)",40.9588862,29.1357976,4.997,-0.0008946404559537768,0.0017932053888216615,1.5662959814071655,40.95888536495102,29.135797209089066,1757045893.545314
"(321, 237)",40.9588862,29.1357976,4.997,0.004282852169126272,0.0019063809886574745,1.5664875507354736,40.95888535097404,29.135797202203985,1757045893.650081
"(321, 237)",40.9588862,29.1357976,4.997,0.004282852169126272,0.0019063809886574745,1.5664875507354736,40.95888535097404,29.135797202203985,1757045893.7612743
"(320, 237)",40.9588862,29.1357976,4.997,0.004282852169126272,0.0019063809886574745,1.5664875507354736,40.95888535192332,29.135797491520076,1757045893.8970542
"(321, 238)",40.9588862,29.1357976,4.998,0.003123767441138625,0.0017704147612676024,1.5664141178131104,40.95888562139937,29.135797208731184,1757045894.0024314
"(321, 237)",40.9588862,29.1357976,4.998,0.003123767441138625,0.0017704147612676024,1.5664141178131104,40.958885402867445,29.1357972099949,1757045894.1197457
"(321, 237)",40.9588862,29.1357976,4.998,-0.0017673890106379986,0.0016650680918246508,1.5664927959442139,40.95888562256551,29.13579721494513,1757045894.2331877
"(321, 237)",40.9588862,29.1357976,4.998,-0.0017673890106379986,0.0016650680918246508,1.5664927959442139,40.95888562256551,29.13579721494513,1757045894.3404222
"(321, 237)",40.9588862,29.1357976,4.998,0.0025056004524230957,0.0016500442288815975,1.5665301084518433,40.95888543068808,29.13579721687539,1757045894.443641
"(321, 237)",40.9588862,29.1357976,4.998,0.0025056004524230957,0.0016500442288815975,1.5665301084518433,40.95888543068808,29.13579721687539,1757045894.5520782
"(321, 238)",40.9588862,29.1357976,4.998,0.0025056004524230957,0.0016500442288815975,1.5665301084518433,40.95888564921588,29.135797215644384,1757045894.6581776
"(321, 238)",40.9588861,29.1357976,4.998,0.004115674179047346,0.0017092596972361207,1.5665256977081299,40.958885476901884,29.135797212529738,1757045894.7625039
"(321, 238)",40.9588861,29.1357976,4.998,0.004115674179047346,0.0017092596972361207,1.5665256977081299,40.958885476901884,29.135797212529738,1757045894.8687553
"(321, 238)",40.9588861,29.1357976,4.998,0.004115674179047346,0.0017092596972361207,1.5665256977081299,40.958885476901884,29.135797212529738,1757045894.973189
"(321, 237)",40.9588861,29.1357976,4.997,-0.0021572920959442854,0.0016788487555459142,1.5666208267211914,40.958885540220734,29.13579721400977,1757045895.0799232
"(321, 237)",40.9588861,29.1357976,4.997,-0.0021572920959442854,0.0016788487555459142,1.5666208267211914,40.958885540220734,29.13579721400977,1757045895.1885202
"(321, 237)",40.9588861,29.1357976,4.997,0.0006994827999733388,0.0018016216345131397,1.5665262937545776,40.95888541190699,29.135797207495603,1757045895.292963
"(321, 238)",40.9588861,29.1357976,4.997,0.0006994827999733388,0.0018016216345131397,1.5665262937545776,40.958885630380415,29.13579720626126,1757045895.3999918
"(321, 238)",40.9588861,29.1357976,4.997,0.0006994827999733388,0.0018016216345131397,1.5665262937545776,40.958885630380415,29.13579720626126,1757045895.5066054
"(321, 239)",40.9588861,29.1357976,4.997,0.0034627984277904034,0.001492331619374454,1.566729187965393,40.958885724921785,29.135797224007185,1757045895.6109002
"(322, 240)",40.9588861,29.1357976,4.997,0.0034627984277904034,0.001492331619374454,1.566729187965393,40.95888594250774,29.135796933534795,1757045895.7173579
"(321, 239)",40.958886,29.1357976,4.997,-0.0016287501202896237,0.0016315653920173645,1.5666275024414062,40.9588858534284,29.13579721452798,1757045895.8208172
"(321, 238)",40.958886,29.1357976,4.997,-0.0016287501202896237,0.0016315653920173645,1.5666275024414062,40.95888563496358,29.13579721573627,1757045895.9226265
"(321, 238)",40.958886,29.1357976,4.997,-0.0008113855728879571,0.0016307480400428176,1.5666621923446655,40.95888559828058,29.135797215966953,1757045896.030141
"(321, 237)",40.958886,29.1357976,4.997,-0.0008113855728879571,0.0016307480400428176,1.5666621923446655,40.958885379815285,29.13579721716406,1757045896.1422224
"(321, 238)",40.958886,29.1357976,4.997,-0.0008113855728879571,0.0016307480400428176,1.5666621923446655,40.95888559828058,29.135797215966953,1757045896.2492936
"(321, 239)",40.958886,29.1357976,4.997,0.004353949800133705,0.001665828749537468,1.566603183746338,40.95888558484708,29.135797213976428,1757045896.352985
"(321, 240)",40.958886,29.1357976,4.997,0.004353949800133705,0.001665828749537468,1.566603183746338,40.958885803325344,29.13579721276945,1757045896.455257
"(321, 240)",40.958886,29.1357976,4.997,-0.0010831558611243963,0.0015515662962570786,1.5667142868041992,40.95888604744551,29.135797218215934,1757045896.570576
"(321, 240)",40.958886,29.1357976,4.997,-0.0010831558611243963,0.0015515662962570786,1.5667142868041992,40.95888604744551,29.135797218215934,1757045896.6683698
"(321, 239)",40.958886,29.1357976,4.997,-0.0010831558611243963,0.0015515662962570786,1.5667142868041992,40.958885828977,29.13579721939837,1757045896.7807853
"(321, 238)",40.958886,29.1357976,4.997,-0.00011285708023933694,0.0016275709494948387,1.566638469696045,40.95888556691546,29.13579721633921,1757045896.8819275
"(321, 238)",40.958886,29.1357976,4.997,-0.00011285708023933694,0.0016275709494948387,1.566638469696045,40.95888556691546,29.13579721633921,1757045896.9901822
"(321, 239)",40.958886,29.1357976,4.997,-0.00011285708023933694,0.0016275709494948387,1.566638469696045,40.95888578538455,29.1357972151362,1757045897.0928197
"(322, 240)",40.958886,29.1357976,4.997,0.004501465708017349,0.0016721769934520125,1.5666903257369995,40.958885795828984,29.135796923102518,1757045897.1978877
"(321, 241)",40.958886,29.1357976,4.997,0.004501465708017349,0.0016721769934520125,1.5666903257369995,40.95888601519691,29.1357972112237,1757045897.306114
"(322, 241)",40.958886,29.1357976,4.998,0.000546479772310704,0.0016128391725942492,1.566615343093872,40.9588861918484,29.13579692432998,1757045897.5137985
"(321, 239)",40.958886,29.1357976,4.998,0.000546479772310704,0.0016128391725942492,1.566615343093872,40.958885755734116,29.135797216104564,1757045897.6344073
"(321, 239)",40.958886,29.1357976,4.998,-0.0010984991677105427,0.0016432496486231685,1.5666577816009521,40.95888582959829,29.135797213880206,1757045897.7452314
"(321, 239)",40.958886,29.1357976,4.998,-0.0010984991677105427,0.0016432496486231685,1.5666577816009521,40.95888582959829,29.135797213880206,1757045897.9618776
"(321, 241)",40.958886,29.1357976,4.998,0.004773057997226715,0.0017149964114651084,1.5667102336883545,40.95888600300403,29.13579720866646,1757045898.085068
"(321, 241)",40.958886,29.1357976,4.998,0.001334871631115675,0.001641840790398419,1.5666546821594238,40.95888615736899,29.135797212167308,1757045898.1853547
"(321, 240)",40.958886,29.1357976,4.998,0.001334871631115675,0.001641840790398419,1.5666546821594238,40.95888593885681,29.135797213363823,1757045898.2910624
"(321, 239)",40.958886,29.1357976,4.998,0.001334871631115675,0.001641840790398419,1.5666546821594238,40.9588857203418,29.135797214560355,1757045898.3984997
"(321, 239)",40.958886,29.1357976,4.998,-0.001962251029908657,0.0015995627036318183,1.5666215419769287,40.95888586837697,29.135797216272238,1757045898.5107007
"(321, 238)",40.958886,29.1357976,4.998,-0.001962251029908657,0.0015995627036318183,1.5666215419769287,40.95888564986928,29.135797217482963,1757045898.617569
"(322, 240)",40.958886,29.1357976,4.998,0.003205724060535431,0.001663588802330196,1.566582441329956,40.958885853911944,29.13579692318515,1757045898.819826
"(321, 241)",40.958886,29.1357976,4.998,0.003205724060535431,0.001663588802330196,1.566582441329956,40.958886073345944,29.13579721132934,1757045898.9294798
"(321, 241)",40.958886,29.1357976,4.999,0.001830027555115521,0.001715457416139543,1.5666542053222656,40.95888613515059,29.135797207834283,1757045899.034241
"(321, 240)",40.958886,29.1357976,4.999,0.001830027555115521,0.001715457416139543,1.5666542053222656,40.958885916594774,29.13579720903048,1757045899.1696267
"(321, 239)",40.958886,29.1357976,4.999,-0.0024163792841136456,0.0016403349582105875,1.5667064189910889,40.958885888761316,29.13579721364597,1757045899.369991
"(321, 239)",40.958886,29.1357976,4.999,-0.0024163792841136456,0.0016403349582105875,1.5667064189910889,40.958885888761316,29.13579721364597,1757045899.4800386
"(321, 239)",40.958886,29.1357976,4.999,0.003591695800423622,0.0017124548321589828,1.5666861534118652,40.95888561892949,29.135797210819213,1757045899.586051
"(322, 240)",40.958886,29.1357976,4.999,0.003591695800423622,0.0017124548321589828,1.5666861534118652,40.95888583659352,29.135796920217075,1757045899.6885655
"(321, 241)",40.958886,29.1357976,4.999,0.002346180845052004,0.0014621212612837553,1.5667515993118286,40.958886112046265,29.135797223041415,1757045899.792969
"(321, 242)",40.958886,29.1357976,4.999,0.002346180845052004,0.0014621212612837553,1.5667515993118286,40.95888633059675,29.135797221874164,1757045899.902098
"(321, 241)",40.958886,29.1357976,4.999,0.002346180845052004,0.0014621212612837553,1.5667515993118286,40.958886112046265,29.135797223041415,1757045900.0062497
"(322, 240)",40.958886,29.1357976,4.999,-0.0018660195637494326,0.0017225469928234816,1.5666310787200928,40.95888608165491,29.13579691827969,1757045900.1120129
"(321, 239)",40.958886,29.1357976,4.999,-0.0018660195637494326,0.0017225469928234816,1.5666310787200928,40.9588858640088,29.135797208904044,1757045900.22115
"(321, 239)",40.958886,29.1357976,4.999,-0.0018660195637494326,0.0017225469928234816,1.5666310787200928,40.9588858640088,29.135797208904044,1757045900.3261788
"(322, 240)",40.958886,29.1357976,4.999,0.0029141525737941265,0.0015557443257421255,1.5665059089660645,40.958885866958305,29.135796929404407,1757045900.4303517
"(321, 241)",40.958886,29.1357976,4.999,0.0029141525737941265,0.0015557443257421255,1.5665059089660645,40.95888608645245,29.13579721758278,1757045900.5390556
"(320, 242)",40.958886,29.1357976,4.999,0.003697172738611698,0.0016928460681810975,1.5665311813354492,40.95888627074856,29.135797497804756,1757045900.6456046
"(320, 242)",40.958886,29.1357976,4.999,0.003697172738611698,0.0016928460681810975,1.5665311813354492,40.95888627074856,29.135797497804756,1757045900.7506702
"(321, 242)",40.958886,29.1357976,4.999,-0.0013744533061981201,0.0015727763529866934,1.566481590270996,40.958886497594506,29.135797214210992,1757045900.852434
"(322, 240)",40.958886,29.1357976,4.999,-0.0013744533061981201,0.0015727763529866934,1.566481590270996,40.958886059531956,29.135796927297303,1757045901.0882158
"(322, 240)",40.958886,29.1357976,5.0,0.002133365720510483,0.001704066526144743,1.5666677951812744,40.95888590205616,29.13579692022835,1757045901.1970785
"(322, 241)",40.958886,29.1357976,5.0,0.002133365720510483,0.001704066526144743,1.5666677951812744,40.95888612065746,29.135796919039272,1757045901.305529
"(321, 242)",40.958886,29.1357976,5.0,0.002133365720510483,0.001704066526144743,1.5666677951812744,40.958886340153896,29.13579720731848,1757045901.4184716
"(320, 242)",40.958886,29.1357976,5.0,0.0051888832822442055,0.0015970140229910612,1.5665678977966309,40.95888620382102,29.1357975038724,1757045901.5255458
"(322, 243)",40.958886,29.1357976,5.0,0.0051888832822442055,0.0015970140229910612,1.5665678977966309,40.958886420556084,29.135796923743218,1757045901.6314678
"(321, 241)",40.958886,29.1357976,5.0,-0.00036233384162187576,0.0015112649416550994,1.5664806365966797,40.95888623363883,29.135797219304525,1757045901.736511
"(322, 240)",40.958886,29.1357976,5.0,-0.00036233384162187576,0.0015112649416550994,1.5664806365966797,40.95888601409481,29.135796931081906,1757045901.8441129
"(321, 239)",40.958886,29.1357976,5.0,-0.00036233384162187576,0.0015112649416550994,1.5664806365966797,40.95888579643819,29.135797221804065,1757045901.9467766
"(320, 239)",40.958886,29.1357976,5.0,0.0008865646086633205,0.0015585320070385933,1.5664945840835571,40.95888574127862,29.135797508776204,1757045902.0508327
"(322, 240)",40.958886,29.1357976,5.0,0.0008865646086633205,0.0015585320070385933,1.5664945840835571,40.95888595799709,29.135796928589887,1757045902.1582851
"(321, 241)",40.958886,29.1357976,5.001,0.005694383755326271,0.001682767760939896,1.566419243812561,40.95888596153579,29.135797210587537,1757045902.2706885
"(321, 242)",40.958886,29.1357976,5.001,0.005694383755326271,0.001682767760939896,1.566419243812561,40.958886180168925,29.135797209328338,1757045902.3762162
"(321, 241)",40.958886,29.1357976,5.001,0.001368001103401184,0.0016815162962302566,1.5664620399475098,40.95888615591095,29.135797209542606,1757045902.4879253
"(322, 240)",40.958886,29.1357976,5.001,0.001368001103401184,0.0016815162962302566,1.5664620399475098,40.958885936319554,29.135796921264177,1757045902.597379
"(321, 239)",40.958886,29.1357976,5.001,0.001368001103401184,0.0016815162962302566,1.5664620399475098,40.958885718621644,29.135797212048548,1757045902.7027543
"(321, 239)",40.958886,29.1357976,5.002,0.00020082913397345692,0.0016477134777233005,1.5664293766021729,40.95888577100957,29.135797213693127,1757045902.8106549
"(321, 239)",40.958886,29.1357976,5.002,0.00020082913397345692,0.0016477134777233005,1.5664293766021729,40.95888577100957,29.135797213693127,1757045902.9168525
"(322, 240)",40.958886,29.1357976,5.002,0.0057468106970191,0.001665278454311192,1.5664525032043457,40.95888573954443,29.1357969232183,1757045903.024547
"(322, 241)",40.958886,29.1357976,5.002,0.0057468106970191,0.001665278454311192,1.5664525032043457,40.958885958235285,29.135796921976574,1757045903.1335518
"(321, 241)",40.958886,29.1357976,5.002,0.0057468106970191,0.001665278454311192,1.5664525032043457,40.95888595918556,29.135797211562174,1757045903.2397394
"(321, 241)",40.958886,29.1357976,5.003,0.0024118637666106224,0.0015612812712788582,1.5664814710617065,40.958886109087814,29.135797216815153,1757045903.3440156
"(321, 239)",40.958886,29.1357976,5.003,0.0024118637666106224,0.0015612812712788582,1.5664814710617065,40.95888567162219,29.135797219307907,1757045903.5552664
"(321, 238)",40.958886,29.1357976,5.002,-0.0007547244313172996,0.001579806674271822,1.5665562152862549,40.95888559531149,29.135797218684417,1757045903.6572547
"(321, 239)",40.958886,29.1357976,5.002,-0.0007547244313172996,0.001579806674271822,1.5665562152862549,40.95888581399711,29.13579721745549,1757045903.765742
"(321, 239)",40.958886,29.1357976,5.002,0.004299375228583813,0.001636394183151424,1.5665286779403687,40.958885586868114,29.135797215368893,1757045903.874314
"(321, 240)",40.958886,29.1357976,5.002,0.004299375228583813,0.001636394183151424,1.5665286779403687,40.958885805564705,29.135797214139057,1757045903.9826846
"(321, 240)",40.958886,29.1357976,5.002,0.0031937221065163612,0.0016580999363213778,1.56646728515625,40.9588858552244,29.135797212579714,1757045904.0920742
"(321, 240)",40.958886,29.1357976,5.002,0.0031937221065163612,0.0016580999363213778,1.56646728515625,40.9588858552244,29.135797212579714,1757045904.1980665
"(321, 239)",40.958886,29.1357976,5.002,0.0031937221065163612,0.0016580999363213778,1.56646728515625,40.95888563653082,29.135797213828873,1757045904.3041403
"(321, 238)",40.958886,29.1357976,5.002,-0.0012910340446978807,0.0015891274670138955,1.566449761390686,40.95888561937921,29.135797218049493,1757045904.4129791
"(321, 238)",40.958886,29.1357976,5.002,-0.0012910340446978807,0.0015891274670138955,1.566449761390686,40.95888561937921,29.135797218049493,1757045904.5175722
"(321, 238)",40.958886,29.1357976,5.002,-0.0012910340446978807,0.0015891274670138955,1.566449761390686,40.95888561937921,29.135797218049493,1757045904.6275783
"(321, 239)",40.958886,29.1357976,5.002,0.0032471241429448128,0.001700680935755372,1.5664681196212769,40.95888563412297,29.135797211308414,1757045904.7321131
"(321, 240)",40.958886,29.1357976,5.002,0.0032471241429448128,0.001700680935755372,1.5664681196212769,40.95888585281674,29.13579721005957,1757045904.8645172
"(321, 240)",40.958886,29.1357976,5.002,0.004334802273660898,0.0016816534334793687,1.5664732456207275,40.95888580394781,29.135797211469352,1757045904.9692478
"(321, 240)",40.958886,29.1357976,5.002,0.004334802273660898,0.0016816534334793687,1.5664732456207275,40.95888580394781,29.135797211469352,1757045905.0734835
"(321, 239)",40.958886,29.1357976,5.002,0.004334802273660898,0.0016816534334793687,1.5664732456207275,40.958885585251096,29.135797212715193,1757045905.1786354
"(321, 238)",40.958886,29.1357976,5.002,-0.0011190521763637662,0.0015932675451040268,1.5664094686508179,40.958885611638415,29.135797217867925,1757045905.2898428
"(321, 238)",40.958886,29.1357976,5.002,-0.0011190521763637662,0.0015932675451040268,1.5664094686508179,40.958885611638415,29.135797217867925,1757045905.3963077
"(321, 238)",40.958886,29.1357976,5.002,0.001958390697836876,0.001594891888089478,1.5664715766906738,40.95888547336068,29.135797218522278,1757045905.5058048
"(321, 239)",40.958886,29.1357976,5.002,0.001958390697836876,0.001594891888089478,1.5664715766906738,40.95888569205563,29.13579721727261,1757045905.7155626
"(321, 240)",40.958886,29.1357976,5.002,0.004247233737260103,0.0015855829697102308,1.566523790359497,40.958885807916054,29.13579721715052,1757045905.824551
"(321, 239)",40.958886,29.1357976,5.002,0.004247233737260103,0.0015855829697102308,1.566523790359497,40.95888558921969,29.13579721838185,1757045905.9293797
"(321, 238)",40.958886,29.1357976,5.002,-0.001731246244162321,0.001563339726999402,1.5664937496185303,40.95888563917866,29.1357972194501,1757045906.033295
"(321, 238)",40.958886,29.1357976,5.002,-0.001731246244162321,0.001563339726999402,1.5664937496185303,40.95888563917866,29.1357972194501,1757045906.1368315
"(321, 238)",40.958886,29.1357976,5.002,0.0018499161815270782,0.0016166584100574255,1.5664176940917969,40.95888547821563,29.13579721723679,1757045906.33981
"(321, 238)",40.958886,29.1357976,5.002,0.0018499161815270782,0.0016166584100574255,1.5664176940917969,40.95888547821563,29.13579721723679,1757045906.4470565
"(321, 239)",40.958886,29.1357976,5.002,0.004506630357354879,0.001638529822230339,1.5664669275283813,40.95888557753621,29.135797215328438,1757045906.5485332
"(321, 239)",40.958886,29.1357976,5.002,0.004506630357354879,0.001638529822230339,1.5664669275283813,40.95888557753621,29.135797215328438,1757045906.7582812
"(321, 239)",40.958886,29.1357976,5.002,-0.0006407663458958268,0.001677157124504447,1.566517949104309,40.95888580884657,29.13579721170118,1757045906.8654938
"(321, 238)",40.958886,29.1357976,5.002,-0.0006407663458958268,0.001677157124504447,1.566517949104309,40.95888559016052,29.13579721294103,1757045906.9714983
"(321, 238)",40.958886,29.1357976,5.002,0.0017869997536763549,0.001645742217078805,1.5664710998535156,40.95888548105276,29.135797215453344,1757045907.1733575
"(321, 238)",40.958886,29.1357976,5.002,0.005878538358956575,0.0016820625169202685,1.5664998292922974,40.95888529717166,29.135797214302553,1757045907.2830386
"(321, 239)",40.958886,29.1357976,5.002,0.005878538358956575,0.0016820625169202685,1.5664998292922974,40.95888551588601,29.135797213066482,1757045907.3929589
"(321, 240)",40.958886,29.1357976,5.002,0.005878538358956575,0.0016820625169202685,1.5664998292922974,40.95888573458785,29.135797211830486,1757045907.4992664
"(321, 239)",40.958886,29.1357976,5.002,0.00012995913857594132,0.0016134621109813452,1.5663727521896362,40.958885774184445,29.13579721572979,1757045907.612915
"(320, 238)",40.958886,29.1357976,5.002,0.00012995913857594132,0.0016134621109813452,1.5663727521896362,40.958885556467116,29.13579750659496,1757045907.719675
"(320, 237)",40.958886,29.1357976,5.002,0.00034094962757080793,0.0016166343120858073,1.5665024518966675,40.958885328306174,29.135797507627398,1757045907.8234527
"(320, 237)",40.958886,29.1357976,5.002,0.00034094962757080793,0.0016166343120858073,1.5665024518966675,40.958885328306174,29.135797507627398,1757045907.9285226
"(320, 238)",40.958886,29.1357976,5.002,0.005479137878865004,0.0016188828740268946,1.5665550231933594,40.95888531608387,29.13579750751551,1757045908.0382867
"(321, 239)",40.958886,29.1357976,5.002,0.005479137878865004,0.0016188828740268946,1.5665550231933594,40.95888553386294,29.13579721669087,1757045908.1407876
"(321, 239)",40.958886,29.1357976,5.002,0.005479137878865004,0.0016188828740268946,1.5665550231933594,40.95888553386294,29.13579721669087,1757045908.2455375
"(321, 239)",40.958886,29.1357976,5.002,0.002226130571216345,0.0016928584082052112,1.5666190385818481,40.95888568004852,29.135797211449226,1757045908.3603868
"(321, 239)",40.958886,29.1357976,5.002,0.002226130571216345,0.0016928584082052112,1.5666190385818481,40.95888568004852,29.135797211449226,1757045908.4604044
"(320, 238)",40.958886,29.1357976,5.002,-0.0018392633646726608,0.0017105087172240019,1.5665735006332397,40.95888564495366,29.135797500207932,1757045908.5685406
"(320, 237)",40.958886,29.1357976,5.002,-0.0018392633646726608,0.0017105087172240019,1.5665735006332397,40.958885426276424,29.13579750143074,1757045908.6737168
"(320, 237)",40.958886,29.1357976,5.002,-0.0018392633646726608,0.0017105087172240019,1.5665735006332397,40.958885426276424,29.13579750143074,1757045908.7776923
"(320, 238)",40.958886,29.1357976,5.001,0.004252855200320482,0.0016810650704428554,1.5664204359054565,40.95888537130066,29.135797503637455,1757045908.881943
"(321, 239)",40.958886,29.1357976,5.001,0.004252855200320482,0.0016810650704428554,1.5664204359054565,40.958885589000445,29.135797212835502,1757045908.984179
"(321, 239)",40.958886,29.1357976,5.001,0.0032112111803144217,0.0016705190064385533,1.5665613412857056,40.958885635842776,29.135797213126363,1757045909.097508
"(321, 239)",40.958886,29.1357976,5.001,0.0032112111803144217,0.0016705190064385533,1.5665613412857056,40.958885635842776,29.135797213126363,1757045909.1971428
"(320, 239)",40.958886,29.1357976,5.001,0.0032112111803144217,0.0016705190064385533,1.5665613412857056,40.95888563677171,29.135797502658843,1757045909.302779
"(320, 238)",40.958886,29.1357976,5.001,-0.001848404062911868,0.001622954965569079,1.5665521621704102,40.958885645450444,29.13579750544404,1757045909.406766
"(320, 237)",40.958886,29.1357976,5.001,-0.001848404062911868,0.001622954965569079,1.5665521621704102,40.95888542681702,29.13579750667278,1757045909.5096483
"(320, 237)",40.958886,29.1357976,5.001,0.0026242579333484173,0.0016225343570113182,1.5665146112442017,40.95888522583734,29.135797507865806,1757045909.6135159
"(320, 238)",40.958886,29.1357976,5.001,0.0026242579333484173,0.0016225343570113182,1.5665146112442017,40.95888544449529,29.135797506626055,1757045909.7196455
"(320, 238)",40.958886,29.1357976,5.001,0.0026242579333484173,0.0016225343570113182,1.5665146112442017,40.95888544449529,29.135797506626055,1757045909.832013
"(320, 239)",40.958886,29.1357976,5.001,0.003769488772377372,0.0015513154212385416,1.5665457248687744,40.95888561171136,29.13579750989876,1757045909.939458
"(320, 239)",40.958886,29.1357976,5.001,0.003769488772377372,0.0015513154212385416,1.5665457248687744,40.95888561171136,29.13579750989876,1757045910.043992
"(320, 239)",40.958886,29.1357976,5.001,-0.0019397143041715026,0.001616217545233667,1.5665029287338257,40.958885868187636,29.13579750460161,1757045910.146242
"(320, 238)",40.958886,29.1357976,5.001,-0.0019397143041715026,0.001616217545233667,1.5665029287338257,40.95888564955054,29.13579750584463,1757045910.2518995
"(320, 238)",40.958886,29.1357976,5.001,-0.0019397143041715026,0.001616217545233667,1.5665029287338257,40.95888564955054,29.13579750584463,1757045910.356384
"(320, 238)",40.958886,29.1357976,5.001,0.0015456592664122581,0.0016184684354811907,1.5665483474731445,40.95888549296062,29.13579750657051,1757045910.4678192
"(321, 238)",40.958886,29.1357976,5.001,0.0015456592664122581,0.0016184684354811907,1.5665483474731445,40.95888549202781,29.13579721703949,1757045910.5771444
"(321, 239)",40.958886,29.1357976,5.001,0.004457426257431507,0.0016120676882565022,1.5664663314819336,40.95888557983639,29.135797216967383,1757045910.6861274
"(320, 240)",40.958886,29.1357976,5.001,0.004457426257431507,0.0016120676882565022,1.5664663314819336,40.95888579943796,29.13579750524905,1757045910.793734
"(321, 240)",40.958886,29.1357976,5.001,0.004457426257431507,0.0016120676882565022,1.5664663314819336,40.95888579848964,29.13579721571996,1757045910.894948
"(321, 239)",40.958886,29.1357976,5.001,-0.0008652816177345812,0.0016078236512839794,1.5665186643600464,40.95888581898487,29.13579721584646,1757045911.0008862
"(321, 238)",40.958886,29.1357976,5.001,-0.0008652816177345812,0.0016078236512839794,1.5665186643600464,40.95888560034328,29.135797217086168,1757045911.1032577
"(320, 238)",40.958886,29.1357976,5.001,0.000339249410899356,0.0016978165367618203,1.5665581226348877,40.95888554714957,29.13579750153945,1757045911.209627
"(320, 238)",40.958886,29.1357976,5.001,0.000339249410899356,0.0016978165367618203,1.5665581226348877,40.95888554714957,29.13579750153945,1757045911.3170989
"(320, 239)",40.958886,29.1357976,5.001,0.000339249410899356,0.0016978165367618203,1.5665581226348877,40.95888576579323,29.135797500312375,1757045911.4170396
"(320, 240)",40.958886,29.1357976,5.001,0.004984321538358927,0.0016407388029620051,1.5665781497955322,40.95888577576953,29.135797503645975,1757045911.5240464
"(320, 240)",40.958886,29.1357976,5.001,0.004984321538358927,0.0016407388029620051,1.5665781497955322,40.95888577576953,29.135797503645975,1757045911.6236322
"(320, 240)",40.958886,29.1357976,5.001,-0.0008919352549128234,0.0016647554002702236,1.5666168928146362,40.95888603975711,29.135797500744744,1757045911.7329333
"(320, 239)",40.958886,29.1357976,5.001,-0.0008919352549128234,0.0016647554002702236,1.5666168928146362,40.958885821115295,29.13579750195479,1757045911.9384134
"(320, 238)",40.958886,29.1357976,5.0,0.001385494484566152,0.0016271776985377073,1.5666072368621826,40.95888550025929,29.13579750599175,1757045912.0501316
"(320, 238)",40.958886,29.1357976,5.0,0.001385494484566152,0.0016271776985377073,1.5666072368621826,40.95888550025929,29.13579750599175,1757045912.153633
"(321, 239)",40.958886,29.1357976,5.0,0.001385494484566152,0.0016271776985377073,1.5666072368621826,40.958885717945,29.13579721530836,1757045912.2551723
"(320, 239)",40.958886,29.1357976,5.0,0.005229648668318987,0.001659504370763898,1.566561222076416,40.95888554617994,29.135797503841943,1757045912.3603053
"(320, 240)",40.958886,29.1357976,5.0,0.005229648668318987,0.001659504370763898,1.566561222076416,40.9588857647903,29.135797502615954,1757045912.4717932
"(321, 240)",40.958886,29.1357976,5.001,-0.00018316168279852718,0.0015730041777715087,1.5665998458862305,40.9588860070144,29.13579721685262,1757045912.58013
"(320, 240)",40.958886,29.1357976,5.001,-0.00018316168279852718,0.0015730041777715087,1.5665998458862305,40.95888600793188,29.13579750637892,1757045912.6879454
"(320, 239)",40.958886,29.1357976,5.001,-0.00018316168279852718,0.0015730041777715087,1.5665998458862305,40.958885789289525,29.135797507593907,1757045912.7972188
"(320, 238)",40.958886,29.1357976,5.001,0.00012742725084535778,0.0016334423562511802,1.5665936470031738,40.958885556681345,29.135797505294704,1757045912.9000592
"(320, 238)",40.958886,29.1357976,5.001,0.00012742725084535778,0.0016334423562511802,1.5665936470031738,40.958885556681345,29.135797505294704,1757045913.0068972
"(320, 239)",40.958886,29.1357976,5.001,0.00012742725084535778,0.0016334423562511802,1.5665936470031738,40.95888577532431,29.135797504077917,1757045913.1167626
"(320, 240)",40.958886,29.1357976,5.001,0.005225223023444414,0.0016586369602009654,1.5665401220321655,40.958885764940696,29.135797502653528,1757045913.3548465
"(320, 240)",40.958886,29.1357976,5.001,0.0009146775701083243,0.0017601242288947105,1.5665309429168701,40.958885958571365,29.135797495525292,1757045913.4575975
"(320, 239)",40.958886,29.1357976,5.001,0.0009146775701083243,0.0017601242288947105,1.5665309429168701,40.958885739927666,29.135797496760233,1757045913.5627646
"(320, 238)",40.958886,29.1357976,5.0,-0.0006749672465957701,0.00171632319688797,1.5665605068206787,40.958885592794914,29.13579750020146,1757045913.666566
"(320, 238)",40.958886,29.1357976,5.0,-0.0006749672465957701,0.00171632319688797,1.5665605068206787,40.958885592794914,29.13579750020146,1757045913.7775059
"(320, 238)",40.958886,29.1357976,5.0,-0.0006749672465957701,0.00171632319688797,1.5665605068206787,40.958885592794914,29.13579750020146,1757045913.8896806
"(320, 239)",40.958886,29.1357976,5.0,0.005268457345664501,0.0016746973851695657,1.5665628910064697,40.958885544433876,29.135797502947085,1757045913.9950993
"(320, 239)",40.958886,29.1357976,5.0,0.005268457345664501,0.0016746973851695657,1.5665628910064697,40.958885544433876,29.135797502947085,1757045914.0994444
"(320, 239)",40.958886,29.1357976,5.0,0.0015714586479589343,0.001681912923231721,1.5665404796600342,40.9588857104947,29.135797501595583,1757045914.2078972
"(320, 239)",40.958886,29.1357976,5.0,0.0015714586479589343,0.001681912923231721,1.5665404796600342,40.9588857104947,29.135797501595583,1757045914.312507
"(320, 239)",40.958886,29.1357976,5.0,0.0015714586479589343,0.001681912923231721,1.5665404796600342,40.9588857104947,29.135797501595583,1757045914.4291334
"(320, 238)",40.958886,29.1357976,5.001,-0.0006908075301907957,0.0016686443705111742,1.5665464401245117,40.95888559343322,29.13579750302142,1757045914.5351238
"(320, 238)",40.958886,29.1357976,5.001,-0.0006908075301907957,0.0016686443705111742,1.5665464401245117,40.95888559343322,29.13579750302142,1757045914.6426058
"(320, 238)",40.958886,29.1357976,5.001,-0.0006908075301907957,0.0016686443705111742,1.5665464401245117,40.95888559343322,29.13579750302142,1757045914.7492254
"(320, 239)",40.958886,29.1357976,5.001,0.004699373152107,0.0015399338444694877,1.5665665864944458,40.95888556993699,29.135797510799105,1757045914.8546169
"(320, 240)",40.958886,29.1357976,5.001,0.004699373152107,0.0015399338444694877,1.5665665864944458,40.95888578858931,29.13579750957443,1757045914.9619615
"(320, 240)",40.958886,29.1357976,5.001,0.003496008226647973,0.001639591995626688,1.5665768384933472,40.95888584263246,29.135797503340992,1757045915.072427
"(320, 240)",40.958886,29.1357976,5.001,0.003496008226647973,0.001639591995626688,1.5665768384933472,40.95888584263246,29.135797503340992,1757045915.1764174
"(320, 239)",40.958886,29.1357976,5.001,-0.0011475874343886971,0.0016884549986571074,1.566540002822876,40.958885832590255,29.13579750049842,1757045915.288161
"(320, 238)",40.958886,29.1357976,5.001,-0.0011475874343886971,0.0016884549986571074,1.566540002822876,40.958885613951104,29.135797501730714,1757045915.3907552
"(320, 238)",40.958886,29.1357976,5.001,-0.0011475874343886971,0.0016884549986571074,1.566540002822876,40.958885613951104,29.135797501730714,1757045915.508486
"(320, 238)",40.958886,29.1357976,5.001,0.0034030997194349766,0.001634606160223484,1.5665441751480103,40.95888540950037,29.135797506083218,1757045915.614057
"(320, 239)",40.958886,29.1357976,5.001,0.0034030997194349766,0.001634606160223484,1.5665441751480103,40.958885628156274,29.13579750485204,1757045915.7224202
"(320, 240)",40.958886,29.1357976,5.001,0.004556971602141857,0.001655491883866489,1.5665370225906372,40.95888579496258,29.135797502672265,1757045915.9296336
"(320, 239)",40.958886,29.1357976,5.001,0.004556971602141857,0.001655491883866489,1.5665370225906372,40.958885576310685,29.135797503905493,1757045916.036437
"(320, 238)",40.958886,29.1357976,5.001,-0.0007045359234325588,0.001691341632977128,1.5665180683135986,40.95888559404355,29.135797501682976,1757045916.2900922
"(320, 238)",40.958886,29.1357976,5.0,0.0024946394842118025,0.001646468648687005,1.566510558128357,40.9588854504242,29.135797505191135,1757045916.3948472
"(320, 238)",40.958886,29.1357976,5.0,0.0024946394842118025,0.001646468648687005,1.566510558128357,40.9588854504242,29.135797505191135,1757045916.5053744
"(320, 239)",40.958886,29.1357976,5.0,0.0024946394842118025,0.001646468648687005,1.566510558128357,40.958885669032284,29.13579750395049,1757045916.6094813
"(320, 240)",40.958886,29.1357976,5.0,0.005579909309744835,0.0016472307033836842,1.5665149688720703,40.958885749056705,29.13579750344955,1757045916.729309
"(320, 238)",40.958886,29.1357976,5.0,0.005579909309744835,0.0016472307033836842,1.5665149688720703,40.95888531182181,29.135797505928387,1757045916.9261942
"(320, 238)",40.958886,29.1357976,4.999,-0.00016100745415315032,0.001593950903043151,1.566528558731079,40.95888556981538,29.135797507645908,1757045917.0321882
"(320, 238)",40.958886,29.1357976,4.999,-0.00016100745415315032,0.001593950903043151,1.566528558731079,40.95888556981538,29.135797507645908,1757045917.138485
"(320, 238)",40.958886,29.1357976,4.999,0.0011394971515983343,0.0015922067686915398,1.5664076805114746,40.9588855114002,29.13579750815791,1757045917.2442472
"(320, 239)",40.958886,29.1357976,4.999,0.0011394971515983343,0.0015922067686915398,1.5664076805114746,40.95888572995904,29.13579750688777,1757045917.4501665
"(320, 239)",40.958886,29.1357976,4.998,0.0053412532433867455,0.0016055209562182426,1.5665298700332642,40.9588855413583,29.13579750713701,1757045917.5571244
"(320, 239)",40.958886,29.1357976,4.998,0.0053412532433867455,0.0016055209562182426,1.5665298700332642,40.9588855413583,29.13579750713701,1757045917.6634893
"(320, 238)",40.958886,29.1357976,4.998,2.7234260414843448e-05,0.0016630036989226937,1.5664489269256592,40.958885561429994,29.13579750365302,1757045917.771405
"(320, 238)",40.958886,29.1357976,4.998,2.7234260414843448e-05,0.0016630036989226937,1.5664489269256592,40.958885561429994,29.13579750365302,1757045917.8730702
"(320, 237)",40.958886,29.1357976,4.998,2.7234260414843448e-05,0.0016630036989226937,1.5664489269256592,40.95888534291858,29.135797504910947,1757045917.9799724
"(320, 237)",40.958886,29.1357976,4.998,-2.932713869086001e-05,0.00165382563136518,1.5664759874343872,40.95888534546231,29.135797505418534,1757045918.0996451
"(320, 238)",40.958886,29.1357976,4.998,0.004862544126808643,0.0016916197491809726,1.5664983987808228,40.95888534430236,29.135797503158717,1757045918.3045256
"(320, 239)",40.958886,29.1357976,4.998,0.004862544126808643,0.0016916197491809726,1.5664983987808228,40.95888556283437,29.135797501914983,1757045918.4078317
"(320, 239)",40.958886,29.1357976,4.998,0.004862544126808643,0.0016916197491809726,1.5664983987808228,40.95888556283437,29.135797501914983,1757045918.5167723
"(320, 238)",40.958886,29.1357976,4.998,0.0001377958251396194,0.0018204129301011562,1.5665124654769897,40.95888555643981,29.135797494285875,1757045918.6246035
"(320, 237)",40.958886,29.1357976,4.998,0.0001377958251396194,0.0018204129301011562,1.5665124654769897,40.95888533792768,29.13579749552542,1757045918.7433991
"(320, 237)",40.958886,29.1357976,4.997,-0.0002007048751693219,0.001783548854291439,1.5664808750152588,40.95888535326285,29.135797497678396,1757045918.857322
"(320, 237)",40.958886,29.1357976,4.997,-0.0002007048751693219,0.001783548854291439,1.5664808750152588,40.95888535326285,29.135797497678396,1757045918.9693434
"(320, 238)",40.958886,29.1357976,4.997,-0.0002007048751693219,0.001783548854291439,1.5664808750152588,40.95888557172942,29.13579749642997,1757045919.0766017
"(320, 239)",40.958886,29.1357976,4.997,0.004634496755897999,0.0016922049690037966,1.5666465759277344,40.95888557317035,29.135797501757807,1757045919.2898138
"(320, 239)",40.958886,29.1357976,4.997,0.0007929393323138356,0.0017028979491442442,1.5665435791015625,40.958885745612434,29.135797500209264,1757045919.39749
"(320, 238)",40.958886,29.1357976,4.997,0.0007929393323138356,0.0017028979491442442,1.5665435791015625,40.958885527142115,29.135797501439573,1757045919.5128474
"(320, 237)",40.958886,29.1357976,4.997,-0.0016584385884925723,0.0016660976689308882,1.5665353536605835,40.95888541873733,29.135797504243858,1757045919.7406683
"(320, 238)",40.958886,29.1357976,4.997,-0.0016584385884925723,0.0016660976689308882,1.5665353536605835,40.95888563719675,29.135797503011233,1757045919.845518
"(320, 238)",40.958886,29.1357976,4.997,0.003629997605457902,0.0017655178671702743,1.56666898727417,40.958885399770246,29.135797498334995,1757045919.94905
"(320, 239)",40.958886,29.1357976,4.997,0.003629997605457902,0.0017655178671702743,1.56666898727417,40.958885618252495,29.1357974971409,1757045920.0578992
"(320, 239)",40.958886,29.1357976,4.997,0.003629997605457902,0.0017655178671702743,1.56666898727417,40.958885618252495,29.1357974971409,1757045920.1664872
"(320, 239)",40.958886,29.1357976,4.997,0.0018203253857791424,0.0015578021993860602,1.5665500164031982,40.9588856995211,29.135797509091034,1757045920.2717001
"(320, 238)",40.958886,29.1357976,4.997,0.0018203253857791424,0.0015578021993860602,1.5665500164031982,40.958885481046956,29.135797510319502,1757045920.3792942
"(320, 238)",40.958886,29.1357976,4.997,-0.0025594921316951513,0.0016256956150755286,1.5665862560272217,40.95888567765741,29.135797505162806,1757045920.4884498
"(320, 237)",40.958886,29.1357976,4.997,-0.0025594921316951513,0.0016256956150755286,1.5665862560272217,40.95888545920192,29.135797506380687,1757045920.5960279
"(320, 238)",40.958886,29.1357976,4.997,-0.0025594921316951513,0.0016256956150755286,1.5665862560272217,40.95888567765741,29.135797505162806,1757045920.7045567
"(320, 239)",40.958886,29.1357976,4.998,0.002466984558850527,0.0016072021098807454,1.566560983657837,40.95888567041752,29.13579750629436,1757045920.8079908
"(320, 239)",40.958886,29.1357976,4.998,0.002466984558850527,0.0016072021098807454,1.566560983657837,40.95888567041752,29.13579750629436,1757045920.9178843
"(320, 239)",40.958886,29.1357976,4.998,0.0035731205716729164,0.0015924535691738129,1.5665878057479858,40.958885620756426,29.135797507436276,1757045921.025405
"(320, 239)",40.958886,29.1357976,4.998,0.0035731205716729164,0.0015924535691738129,1.5665878057479858,40.958885620756426,29.135797507436276,1757045921.1413832
"(320, 239)",40.958886,29.1357976,4.998,0.0035731205716729164,0.0015924535691738129,1.5665878057479858,40.958885620756426,29.135797507436276,1757045921.247078
"(320, 238)",40.958886,29.1357976,4.998,-0.0013481609057635069,0.0016037869499996305,1.5665470361709595,40.958885623205305,29.13579750676914,1757045921.3515167
"(320, 238)",40.958886,29.1357976,4.998,-0.0013481609057635069,0.0016037869499996305,1.5665470361709595,40.958885623205305,29.13579750676914,1757045921.4557064
"(320, 238)",40.958886,29.1357976,4.998,0.0011907909065485,0.0017255936982110143,1.5665984153747559,40.95888550918269,29.13579750013549,1757045921.567995
"(320, 239)",40.958886,29.1357976,4.998,0.0011907909065485,0.0017255936982110143,1.5665984153747559,40.95888572769823,29.135797498920795,1757045921.6676152
"(320, 240)",40.958886,29.1357976,4.998,0.00500078359618783,0.001779336715117097,1.5665860176086426,40.95888577513924,29.135797495465535,1757045921.7787557
"(320, 241)",40.958886,29.1357976,4.998,0.00500078359618783,0.001779336715117097,1.5665860176086426,40.958885993650824,29.135797494247274,1757045921.8827374
"(320, 240)",40.958886,29.1357976,4.998,0.00500078359618783,0.001779336715117097,1.5665860176086426,40.95888577513924,29.135797495465535,1757045921.989226
"(320, 240)",40.958886,29.1357976,4.998,-0.000320967985317111,0.0017493634950369596,1.5665472745895386,40.95888601407692,29.135797495914677,1757045922.1006389
"(320, 239)",40.958886,29.1357976,4.998,-0.000320967985317111,0.0017493634950369596,1.5665472745895386,40.95888579556584,29.135797497144143,1757045922.206007
"(320, 239)",40.958886,29.1357976,4.998,-0.000320967985317111,0.0017493634950369596,1.5665472745895386,40.95888579556584,29.135797497144143,1757045922.312126
"(320, 239)",40.958886,29.1357976,4.998,0.0004972400492988527,0.0017743567004799843,1.566609263420105,40.95888575882957,29.135797495845132,1757045922.418432
"(320, 240)",40.958886,29.1357976,4.998,0.0004972400492988527,0.0017743567004799843,1.566609263420105,40.958885977341616,29.135797494633596,1757045922.523409
"(320, 241)",40.958886,29.1357976,4.999,0.005035341717302799,0.0018118235748261213,1.5664515495300293,40.958885992080596,29.135797492304356,1757045922.6333208
"(321, 241)",40.958886,29.1357976,4.999,0.005035341717302799,0.0018118235748261213,1.5664515495300293,40.95888599113095,29.135797202896885,1757045922.7454598
"(321, 240)",40.958886,29.1357976,4.999,0.0006972840055823326,0.001739310217089951,1.5666388273239136,40.95888596745379,29.13579720733409,1757045922.9451354
"(321, 239)",40.958886,29.1357976,4.999,0.0006972840055823326,0.001739310217089951,1.5666388273239136,40.95888574889589,29.135797208536346,1757045923.0538986
"(321, 238)",40.958886,29.1357976,4.999,-0.000631295726634562,0.0016985812690109015,1.5666292905807495,40.95888559000946,29.135797211841076,1757045923.1653671
"(321, 239)",40.958886,29.1357976,4.999,-0.000631295726634562,0.0016985812690109015,1.5666292905807495,40.95888580856451,29.135797210634205,1757045923.2719884
"(321, 240)",40.958886,29.1357976,4.999,-0.000631295726634562,0.0016985812690109015,1.5666292905807495,40.9588860271209,29.13579720942733,1757045923.375651
"(320, 240)",40.958886,29.1357976,4.999,0.00501391664147377,0.0015160718467086554,1.5665583610534668,40.95888577455249,29.13579751111111,1757045923.4818528
"(321, 241)",40.958886,29.1357976,4.999,0.00501391664147377,0.0015160718467086554,1.5665583610534668,40.958885992181415,29.1357972204777,1757045923.5924833
"(321, 240)",40.958886,29.1357976,4.999,0.0019127826672047377,0.0016505575040355325,1.5665696859359741,40.95888591286589,29.135797212919975,1757045923.7008176
"(321, 239)",40.958886,29.1357976,4.999,0.0019127826672047377,0.0016505575040355325,1.5665696859359741,40.95888569430619,29.135797214140535,1757045923.8982918
"(321, 239)",40.958886,29.1357976,4.999,-0.0012400998966768384,0.0016883178614079952,1.5665431022644043,40.95888583588101,29.135797211113104,1757045924.008524
"(321, 239)",40.958886,29.1357976,4.999,-0.0012400998966768384,0.0016883178614079952,1.5665431022644043,40.95888583588101,29.135797211113104,1757045924.1227777
"(321, 240)",40.958886,29.1357976,4.999,0.003908664919435978,0.0016898743342608213,1.5665287971496582,40.95888582321689,29.135797211091457,1757045924.2319324
"(321, 241)",40.958886,29.1357976,4.999,0.003908664919435978,0.0016898743342608213,1.5665287971496582,40.95888604177296,29.135797209861895,1757045924.3385243
"(320, 240)",40.958886,29.1357976,4.999,0.0032525600399821997,0.0017064667772501707,1.5665483474731445,40.95888585361306,29.135797499347404,1757045924.4455667
"(321, 240)",40.958886,29.1357976,4.999,0.0032525600399821997,0.0017064667772501707,1.5665483474731445,40.95888585268341,29.13579720993512,1757045924.5511506
"(321, 239)",40.958886,29.1357976,4.999,0.0032525600399821997,0.0017064667772501707,1.5665483474731445,40.958885634120705,29.135797211159986,1757045924.6558816
"(321, 239)",40.958886,29.1357976,4.999,-0.0013062896905466914,0.0015894066309556365,1.5665946006774902,40.95888583888732,29.135797216967394,1757045924.7591279
"(321, 239)",40.958886,29.1357976,4.999,-0.0013062896905466914,0.0015894066309556365,1.5665946006774902,40.95888583888732,29.135797216967394,1757045924.864219
"(321, 239)",40.958886,29.1357976,4.999,-0.0013062896905466914,0.0015894066309556365,1.5665946006774902,40.95888583888732,29.135797216967394,1757045924.9728324
"(321, 240)",40.958886,29.1357976,4.999,0.003818434663116932,0.0016117366030812263,1.5665684938430786,40.95888582729548,29.135797215706194,1757045925.091464
"(321, 241)",40.958886,29.1357976,4.999,0.003818434663116932,0.0016117366030812263,1.5665684938430786,40.95888604585143,29.135797214487994,1757045925.2041767
"(321, 241)",40.958886,29.1357976,4.999,0.0033492622897028923,0.0016384214395657182,1.566534399986267,40.958886066905464,29.135797212779977,1757045925.3097165
"(321, 240)",40.958886,29.1357976,4.999,0.0033492622897028923,0.0016384214395657182,1.566534399986267,40.95888584834975,29.135797214008708,1757045925.4213724
"(321, 239)",40.958886,29.1357976,4.999,-0.001461303560063243,0.001601910567842424,1.5665494203567505,40.95888584583311,29.13579721619447,1757045925.6308608
"(321, 238)",40.958886,29.1357976,4.999,-0.001461303560063243,0.001601910567842424,1.5665494203567505,40.958885627280544,29.13579721742561,1757045925.73997
"(321, 239)",40.958886,29.1357976,4.999,0.0027836475055664778,0.0018130986718460917,1.5665457248687744,40.95888565515802,29.135797204702712,1757045925.8494732
"(321, 240)",40.958886,29.1357976,4.999,0.0027836475055664778,0.0018130986718460917,1.5665457248687744,40.95888587371975,29.13579720347643,1757045925.9567626
"(320, 240)",40.958886,29.1357976,4.999,0.0027836475055664778,0.0018130986718460917,1.5665457248687744,40.958885874649866,29.13579749288856,1757045926.0689747
"(321, 240)",40.958886,29.1357976,4.999,0.004466565791517496,0.0017857304774224758,1.5665297508239746,40.958885798144685,29.135797205531826,1757045926.1806097
"(321, 240)",40.958886,29.1357976,4.999,0.004466565791517496,0.0017857304774224758,1.5665297508239746,40.958885798144685,29.135797205531826,1757045926.283434
"(321, 239)",40.958886,29.1357976,4.999,-0.0013834930723533034,0.001674658851698041,1.5664993524551392,40.958885842310224,29.135797211898378,1757045926.3871777
"(321, 238)",40.958886,29.1357976,4.999,-0.0013834930723533034,0.001674658851698041,1.5664993524551392,40.9588856237574,29.1357972131439,1757045926.5937495
"(321, 239)",40.958886,29.1357976,4.999,0.0021764652337878942,0.0015825560549274087,1.5664994716644287,40.958885682457286,29.13579721827965,1757045926.6981418
"(321, 240)",40.958886,29.1357976,4.999,0.0021764652337878942,0.0015825560549274087,1.5664994716644287,40.95888590101734,29.135797217039133,1757045926.8072655
"(321, 240)",40.958886,29.1357976,4.999,0.004999276716262102,0.001703696558251977,1.5665262937545776,40.95888577423661,29.135797210545604,1757045926.914397
"(321, 240)",40.958886,29.1357976,4.999,0.004999276716262102,0.001703696558251977,1.5665262937545776,40.95888577423661,29.135797210545604,1757045927.0233674
"(321, 240)",40.958886,29.1357976,4.999,0.004999276716262102,0.001703696558251977,1.5665262937545776,40.95888577423661,29.135797210545604,1757045927.1492686
"(321, 239)",40.958886,29.1357976,4.999,-0.0005281348712742329,0.0016212434275075793,1.5665122270584106,40.95888580391235,29.135797215289085,1757045927.2560368
"(321, 238)",40.958886,29.1357976,4.999,-0.0005281348712742329,0.0016212434275075793,1.5665122270584106,40.95888558535722,29.13579721652969,1757045927.3592596
"(321, 238)",40.958886,29.1357976,4.999,0.001208150410093367,0.0017203139141201973,1.5664995908737183,40.9588855073552,29.135797211083823,1757045927.475634
"(321, 239)",40.958886,29.1357976,4.999,0.001208150410093367,0.0017203139141201973,1.5664995908737183,40.95888572591627,29.13579720984197,1757045927.581967
"(321, 240)",40.958886,29.1357976,4.999,0.001208150410093367,0.0017203139141201973,1.5664995908737183,40.958885944474765,29.135797208600138,1757045927.692648
"(321, 240)",40.958886,29.1357976,4.999,0.004945578519254923,0.00162416638340801,1.56649911403656,40.958885776655556,29.135797215269506,1757045927.7991493
"(321, 240)",40.958886,29.1357976,4.999,0.004945578519254923,0.00162416638340801,1.56649911403656,40.958885776655556,29.135797215269506,1757045928.0073369
"(321, 239)",40.958886,29.1357976,4.999,0.0011669554514810443,0.0015969169326126575,1.5665252208709717,40.95888572779771,29.135797217160324,1757045928.112569
"(321, 238)",40.958886,29.1357976,4.999,-0.0008933692588470876,0.0016068877885118127,1.5665018558502197,40.95888560175986,29.135797217296744,1757045928.2276552
"(321, 238)",40.958886,29.1357976,4.999,-0.0008933692588470876,0.0016068877885118127,1.5665018558502197,40.95888560175986,29.135797217296744,1757045928.3286314
"(321, 240)",40.958886,29.1357976,4.999,-0.0008933692588470876,0.0016068877885118127,1.5665018558502197,40.95888603886986,29.135797214808505,1757045928.5336883
"(321, 240)",40.958886,29.1357976,4.999,0.004403728526085615,0.0016337917186319828,1.5665780305862427,40.95888580100993,29.135797214538588,1757045928.6395943
"(321, 240)",40.958886,29.1357976,4.999,0.004403728526085615,0.0016337917186319828,1.5665780305862427,40.95888580100993,29.135797214538588,1757045928.7465763
"(321, 239)",40.958886,29.1357976,4.998,0.0025621887762099504,0.0016867575468495488,1.5665509700775146,40.95888566519652,29.135797212235605,1757045928.856152
"(321, 238)",40.958886,29.1357976,4.998,0.0025621887762099504,0.0016867575468495488,1.5665509700775146,40.958885446673726,29.135797213460464,1757045928.9647596
"(321, 238)",40.958886,29.1357976,4.998,-0.0012041423469781876,0.0016703696455806494,1.5665010213851929,40.958885615780964,29.135797213520835,1757045929.0756483
"(321, 238)",40.958886,29.1357976,4.998,-0.0012041423469781876,0.0016703696455806494,1.5665010213851929,40.958885615780964,29.135797213520835,1757045929.1841283
"(321, 239)",40.958886,29.1357976,4.998,-0.0012041423469781876,0.0016703696455806494,1.5665010213851929,40.958885834290534,29.135797212276298,1757045929.2887492
"(321, 240)",40.958886,29.1357976,4.998,0.004373627249151468,0.0017186148324981332,1.5665496587753296,40.958885802376706,29.13579720957244,1757045929.3915596
"(321, 240)",40.958886,29.1357976,4.998,0.004373627249151468,0.0017186148324981332,1.5665496587753296,40.958885802376706,29.13579720957244,1757045929.4954386
"(321, 240)",40.958886,29.1357976,4.998,0.0026695735286921263,0.0016434940043836832,1.5666033029556274,40.958885878916035,29.13579721360165,1757045929.6011014
"(321, 238)",40.958886,29.1357976,4.998,0.0026695735286921263,0.0016434940043836832,1.5666033029556274,40.958885441875225,29.135797216020748,1757045929.8066452
"(321, 238)",40.958886,29.1357976,4.998,-0.0015082898316904902,0.0016715299570932984,1.566504955291748,40.958885629438406,29.13579721337298,1757045929.9111106
"(321, 238)",40.958886,29.1357976,4.998,-0.0015082898316904902,0.0016715299570932984,1.566504955291748,40.958885629438406,29.13579721337298,1757045930.0148475
"(321, 239)",40.958886,29.1357976,4.998,0.0041117132641375065,0.0016309417551383376,1.5665162801742554,40.958885595622256,29.135797215960164,1757045930.11765
"(321, 239)",40.958886,29.1357976,4.998,0.0041117132641375065,0.0016309417551383376,1.5665162801742554,40.958885595622256,29.135797215960164,1757045930.2212663
"(321, 240)",40.958886,29.1357976,4.998,0.0041117132641375065,0.0016309417551383376,1.5665162801742554,40.9588858141434,29.13579721472746,1757045930.3290598
"(321, 240)",40.958886,29.1357976,4.999,0.0032248992938548326,0.0016895135631784797,1.566402554512024,40.958885853885995,29.13579721096452,1757045930.4417045
"(321, 239)",40.958886,29.1357976,4.999,0.0032248992938548326,0.0016895135631784797,1.566402554512024,40.95888563532352,29.13579721223162,1757045930.547577
"(321, 238)",40.958886,29.1357976,4.999,-0.0014245006022974849,0.001580163836479187,1.5664883852005005,40.95888562561436,29.135797218758285,1757045930.6551251
"(321, 238)",40.958886,29.1357976,4.999,-0.0014245006022974849,0.001580163836479187,1.5664883852005005,40.95888562561436,29.135797218758285,1757045930.7624898
"(321, 238)",40.958886,29.1357976,5.0,0.003249438712373376,0.0017906604334712029,1.5665227174758911,40.9588854155504,29.135797207318664,1757045930.8740373
"(321, 239)",40.958886,29.1357976,5.0,0.003249438712373376,0.0017906604334712029,1.5665227174758911,40.95888563416383,29.13579720608609,1757045930.9828455
"(322, 240)",40.958886,29.1357976,5.0,0.003249438712373376,0.0017906604334712029,1.5665227174758911,40.95888585183483,29.135796915378158,1757045931.090911
"(322, 240)",40.958886,29.1357976,5.0,0.0031965167727321386,0.0018019697163254023,1.566354513168335,40.95888585412267,29.135796914724562,1757045931.200114
"(322, 239)",40.958886,29.1357976,5.0,0.0031965167727321386,0.0018019697163254023,1.566354513168335,40.9588856355145,29.13579691600137,1757045931.306064
"(322, 238)",40.958886,29.1357976,5.0,0.0031965167727321386,0.0018019697163254023,1.566354513168335,40.95888541689952,29.13579691727822,1757045931.4122462
"(321, 238)",40.958886,29.1357976,5.0,-0.0013444467913359404,0.0016902242787182331,1.5665230751037598,40.95888562193213,29.13579721213871,1757045931.6322768
"(321, 238)",40.958886,29.1357976,5.0,0.0029447213746607304,0.0016587295103818178,1.5665981769561768,40.958885429287044,29.135797215032408,1757045931.736637
"(321, 239)",40.958886,29.1357976,5.0,0.0029447213746607304,0.0016587295103818178,1.5665981769561768,40.95888564789897,29.135797213821256,1757045931.8391893
"(321, 240)",40.958886,29.1357976,5.0,0.0029447213746607304,0.0016587295103818178,1.5665981769561768,40.958885866504616,29.13579721261014,1757045931.94555
"(321, 240)",40.958886,29.1357976,5.001,0.004099528770893812,0.0016664291033521295,1.5665724277496338,40.958885814588804,29.13579721236816,1757045932.0561981
"(321, 239)",40.958886,29.1357976,5.001,0.004099528770893812,0.0016664291033521295,1.5665724277496338,40.95888559593643,29.135797213585363,1757045932.1606221
"(321, 238)",40.958886,29.1357976,5.001,-0.001020672731101513,0.0015933435643091798,1.5664641857147217,40.95888560731183,29.135797217936773,1757045932.268709
"(321, 237)",40.958886,29.1357976,5.001,-0.001020672731101513,0.0015933435643091798,1.5664641857147217,40.95888538867292,29.135797219192458,1757045932.3722367
"(321, 237)",40.958886,29.1357976,5.001,-0.001020672731101513,0.0015933435643091798,1.5664641857147217,40.95888538867292,29.135797219192458,1757045932.4769547
"(321, 238)",40.958886,29.1357976,5.001,0.0027681963983923197,0.0016467649256810546,1.5665799379348755,40.95888543710151,29.135797215637343,1757045932.5756006
"(321, 239)",40.958886,29.1357976,5.001,0.0027681963983923197,0.0016467649256810546,1.5665799379348755,40.95888565575633,29.13579721442042,1757045932.6837006
"(321, 240)",40.958886,29.1357976,5.001,0.005415522959083319,0.0015450771898031235,1.566556692123413,40.95888575548541,29.135797219921443,1757045932.78354
"(321, 239)",40.958886,29.1357976,5.001,0.005415522959083319,0.0015450771898031235,1.566556692123413,40.95888553682908,29.13579722114137,1757045932.88989
"(321, 239)",40.958886,29.1357976,5.001,0.005415522959083319,0.0015450771898031235,1.566556692123413,40.95888553682908,29.13579722114137,1757045932.9909987
"(321, 238)",40.958886,29.1357976,5.001,-0.0005474463105201721,0.0017048910958692431,1.5665819644927979,40.958885586063104,29.13579721135691,1757045933.1001241
"(321, 237)",40.958886,29.1357976,5.001,-0.0005474463105201721,0.0017048910958692431,1.5665819644927979,40.95888536742157,29.13579721257784,1757045933.202382
"(321, 238)",40.958886,29.1357976,5.001,0.0014452798059210181,0.001731717842631042,1.5664899349212646,40.95888549649873,29.135797210316095,1757045933.3276212
"(321, 238)",40.958886,29.1357976,5.001,0.0014452798059210181,0.001731717842631042,1.5664899349212646,40.95888549649873,29.135797210316095,1757045933.4302063
"(321, 239)",40.958886,29.1357976,5.001,0.0014452798059210181,0.001731717842631042,1.5664899349212646,40.95888571514814,29.13579720907128,1757045933.5326812
"(321, 240)",40.958886,29.1357976,5.001,0.005433408543467522,0.0021081287413835526,1.566549301147461,40.95888575457141,29.13579718643188,1757045933.640341
"(321, 239)",40.958886,29.1357976,5.001,0.005433408543467522,0.0021081287413835526,1.566549301147461,40.9588855359142,29.135797187653928,1757045933.7434816
"(321, 238)",40.958886,29.1357976,5.001,0.00038440353819169104,0.00209861621260643,1.5664738416671753,40.958885544086655,29.13579718823014,1757045933.8517764
"(321, 238)",40.958886,29.1357976,5.001,0.00038440353819169104,0.00209861621260643,1.5664738416671753,40.958885544086655,29.13579718823014,1757045933.957141
"(321, 237)",40.958886,29.1357976,5.001,0.00038440353819169104,0.00209861621260643,1.5664738416671753,40.95888532543971,29.135797189481092,1757045934.0631807
"(321, 237)",40.958886,29.1357976,5.001,-0.0005110648926347494,0.0020088094752281904,1.5665322542190552,40.95888536571276,29.135797194548186,1757045934.1714613
"(321, 238)",40.958886,29.1357976,5.001,-0.0005110648926347494,0.0020088094752281904,1.5665322542190552,40.95888558435488,29.135797193312907,1757045934.2753088
"(321, 239)",40.958886,29.1357976,5.0,0.00494795199483633,0.0018450067145749927,1.566471815109253,40.95888555784171,29.135797203310787,1757045934.3816288
"(321, 239)",40.958886,29.1357976,5.0,0.00494795199483633,0.0018450067145749927,1.566471815109253,40.95888555784171,29.135797203310787,1757045934.4970655
"(321, 239)",40.958886,29.1357976,5.0,0.00494795199483633,0.0018450067145749927,1.566471815109253,40.95888555784171,29.135797203310787,1757045934.600355
"(321, 238)",40.958886,29.1357976,4.999,0.0009089946397580206,0.0021082712337374687,1.566603183746338,40.95888552074702,29.135797187871848,1757045934.7033093
"(321, 237)",40.958886,29.1357976,4.999,0.0009089946397580206,0.0021082712337374687,1.566603183746338,40.958885302184434,29.135797189084144,1757045934.8034744
"(321, 237)",40.958886,29.1357976,4.999,-0.0013525455724447966,0.0020513483323156834,1.5665440559387207,40.95888540375711,29.135797191961263,1757045934.9127607
"(321, 237)",40.958886,29.1357976,4.999,-0.0013525455724447966,0.0020513483323156834,1.5665440559387207,40.95888540375711,29.135797191961263,1757045935.0170372
"(321, 238)",40.958886,29.1357976,4.999,-0.0013525455724447966,0.0020513483323156834,1.5665440559387207,40.958885622307726,29.135797190728734,1757045935.121181
"(321, 239)",40.958886,29.1357976,4.999,0.0044141728430986404,0.001744260429404676,1.5665348768234253,40.958885581941125,29.135797209210498,1757045935.2256367
"(321, 239)",40.958886,29.1357976,4.999,0.0044141728430986404,0.001744260429404676,1.5665348768234253,40.958885581941125,29.135797209210498,1757045935.3328335
"(321, 239)",40.958886,29.1357976,4.999,0.002020115964114666,0.001722492161206901,1.5665788650512695,40.958885689474876,29.13579720988579,1757045935.437731
"(321, 238)",40.958886,29.1357976,4.999,0.002020115964114666,0.001722492161206901,1.5665788650512695,40.95888547091056,29.13579721110357,1757045935.5422637
"(321, 237)",40.958886,29.1357976,4.999,0.002020115964114666,0.001722492161206901,1.5665788650512695,40.95888525234195,29.135797212321375,1757045935.6471748
"(321, 237)",40.958886,29.1357976,4.999,-0.0017555600497871637,0.0017280755564570427,1.5666712522506714,40.95888542195868,29.135797210987608,1757045935.7573168
"(321, 238)",40.958886,29.1357976,4.999,-0.0017555600497871637,0.0017280755564570427,1.5666712522506714,40.95888564050708,29.135797209791335,1757045935.8687782
"(321, 238)",40.958886,29.1357976,4.999,0.0037770066410303116,0.0015526778297498822,1.5665478706359863,40.95888539202552,29.135797221661125,1757045935.9706895
"(321, 239)",40.958886,29.1357976,4.999,0.0037770066410303116,0.0015526778297498822,1.5665478706359863,40.95888561059741,29.135797220436807,1757045936.0816998
"(321, 240)",40.958886,29.1357976,4.999,0.0037770066410303116,0.0015526778297498822,1.5665478706359863,40.95888582916126,29.135797219212535,1757045936.183992
"(321, 239)",40.958886,29.1357976,4.999,0.002427828498184681,0.0016093323938548565,1.5665291547775269,40.95888567117216,29.135797216738126,1757045936.2914896
"(321, 238)",40.958886,29.1357976,4.999,0.002427828498184681,0.0016093323938548565,1.5665291547775269,40.95888545260636,29.135797217969728,1757045936.4071064
"(321, 238)",40.958886,29.1357976,4.999,-0.0021668963599950075,0.0015332644106820226,1.5665154457092285,40.95888565897197,29.13579722134654,1757045936.512822
"(321, 238)",40.958886,29.1357976,4.999,-0.0021668963599950075,0.0015332644106820226,1.5665154457092285,40.95888565897197,29.13579722134654,1757045936.6241019
"(321, 238)",40.958886,29.1357976,4.999,-0.0021668963599950075,0.0015332644106820226,1.5665154457092285,40.95888565897197,29.13579722134654,1757045936.7282002
"(321, 239)",40.958886,29.1357976,4.999,0.0028463283088058233,0.001368222408927977,1.5665814876556396,40.95888565243893,29.13579723115738,1757045936.8407462
"(321, 240)",40.958886,29.1357976,4.999,0.0028463283088058233,0.001368222408927977,1.5665814876556396,40.95888587100022,29.135797229941538,1757045936.943174
"(321, 240)",40.958886,29.1357976,4.999,0.004094779025763273,0.0013626879081130028,1.5665758848190308,40.95888581493519,29.135797230583687,1757045937.0442116
"(321, 239)",40.958886,29.1357976,4.999,0.004094779025763273,0.0013626879081130028,1.5665758848190308,40.95888559637069,29.13579723179941,1757045937.149239
"(321, 238)",40.958886,29.1357976,4.999,0.004094779025763273,0.0013626879081130028,1.5665758848190308,40.95888537779748,29.13579723301518,1757045937.259486
"(321, 238)",40.958886,29.1357976,4.999,-0.001693442463874817,0.001265151659026742,1.566629409790039,40.958885637792754,29.13579723735514,1757045937.3627076
"(321, 238)",40.958886,29.1357976,4.999,-0.001693442463874817,0.001265151659026742,1.566629409790039,40.958885637792754,29.13579723735514,1757045937.4728613
"(321, 239)",40.958886,29.1357976,4.998,0.0026081185787916183,0.0012381993001326919,1.5665538311004639,40.95888566322149,29.135797238914822,1757045937.5832653
"(321, 240)",40.958886,29.1357976,4.998,0.0026081185787916183,0.0012381993001326919,1.5665538311004639,40.95888588173831,29.13579723769089,1757045937.6950326
"(321, 240)",40.958886,29.1357976,4.998,0.0026081185787916183,0.0012381993001326919,1.5665538311004639,40.95888588173831,29.13579723769089,1757045937.799156
"(321, 240)",40.958886,29.1357976,4.998,0.004156291950494051,0.0013649504398927093,1.5665513277053833,40.95888581220309,29.135797230544537,1757045937.9045699
"(321, 240)",40.958886,29.1357976,4.998,0.004156291950494051,0.0013649504398927093,1.5665513277053833,40.95888581220309,29.135797230544537,1757045938.008213
"(321, 239)",40.958886,29.1357976,4.998,-0.0017793053993955255,0.0014032647013664246,1.5666375160217285,40.95888586020449,29.135797227985424,1757045938.112848
"(321, 238)",40.958886,29.1357976,4.998,-0.0017793053993955255,0.0014032647013664246,1.5666375160217285,40.95888564169663,29.13579722919127,1757045938.216988
"(321, 238)",40.958886,29.1357976,4.998,0.0020749655086547136,0.001406994997523725,1.566451907157898,40.95888546857878,29.135797230042154,1757045938.3409538
"(321, 239)",40.958886,29.1357976,4.998,0.0020749655086547136,0.001406994997523725,1.566451907157898,40.958885687099034,29.13579722878796,1757045938.444768
"(320, 240)",40.958886,29.1357976,4.998,0.0020749655086547136,0.001406994997523725,1.566451907157898,40.95888590656483,29.135797516886466,1757045938.549918
"(320, 240)",40.958886,29.1357976,4.999,0.004557959269732237,0.001542055862955749,1.5665547847747803,40.95888579502318,29.135797509452043,1757045938.658745
"(320, 240)",40.958886,29.1357976,4.999,0.004557959269732237,0.001542055862955749,1.5665547847747803,40.95888579502318,29.135797509452043,1757045938.7598789
"(320, 240)",40.958886,29.1357976,4.999,0.004557959269732237,0.001542055862955749,1.5665547847747803,40.95888579502318,29.135797509452043,1757045938.8690047
"(320, 239)",40.958886,29.1357976,4.999,-0.0007665330194868147,0.0017314660362899303,1.5666909217834473,40.958885815548534,29.135797498040162,1757045938.9702125
"(320, 238)",40.958886,29.1357976,4.999,-0.0007665330194868147,0.0017314660362899303,1.5666909217834473,40.95888559699561,29.135797499228293,1757045939.082029
"(320, 238)",40.958886,29.1357976,4.999,0.00024330310407094657,0.0017474470660090446,1.5665252208709717,40.95888555162771,29.135797498622917,1757045939.187472
"(320, 239)",40.958886,29.1357976,4.999,0.00024330310407094657,0.0017474470660090446,1.5665252208709717,40.95888577018359,29.135797497386815,1757045939.2950552
"(320, 240)",40.958886,29.1357976,4.999,0.00024330310407094657,0.0017474470660090446,1.5665252208709717,40.95888598873896,29.135797496150712,1757045939.4025476
"(320, 240)",40.958886,29.1357976,4.999,0.004940735176205635,0.0016508330591022968,1.5664690732955933,40.958885777806664,29.135797503105415,1757045939.5163233
"(320, 240)",40.958886,29.1357976,4.999,0.004940735176205635,0.0016508330591022968,1.5664690732955933,40.958885777806664,29.135797503105415,1757045939.619576
"(320, 240)",40.958886,29.1357976,4.998,-0.00018988600641023368,0.0016045962693169713,1.5665290355682373,40.958886008217966,29.135797504554397,1757045939.725465
"(320, 239)",40.958886,29.1357976,4.998,-0.00018988600641023368,0.0016045962693169713,1.5665290355682373,40.95888578970684,29.135797505789142,1757045939.8311849
"(320, 238)",40.958886,29.1357976,4.998,-0.00018988600641023368,0.0016045962693169713,1.5665290355682373,40.95888557119611,29.135797507023888,1757045939.9343922
"(320, 239)",40.958886,29.1357976,4.998,-0.0007770227966830134,0.00166442955378443,1.5665916204452515,40.95888581606143,29.13579750206769,1757045940.0368001
"(320, 240)",40.958886,29.1357976,4.998,-0.0007770227966830134,0.00166442955378443,1.5665916204452515,40.958886034572146,29.13579750085105,1757045940.1473606
"(320, 240)",40.958886,29.1357976,4.999,0.004600393585860729,0.0017756643937900662,1.566551685333252,40.958885793072746,29.135797495572156,1757045940.2527025
"(320, 240)",40.958886,29.1357976,4.999,0.004600393585860729,0.0017756643937900662,1.566551685333252,40.958885793072746,29.135797495572156,1757045940.3597038
"(320, 240)",40.958886,29.1357976,4.999,0.004600393585860729,0.0017756643937900662,1.566551685333252,40.958885793072746,29.135797495572156,1757045940.46845
"(320, 240)",40.958886,29.1357976,4.999,0.0025431436952203512,0.0016532487934455276,1.5666340589523315,40.95888588548718,29.13579750231979,1757045940.5768266
"(320, 239)",40.958886,29.1357976,4.999,0.0025431436952203512,0.0016532487934455276,1.5666340589523315,40.9588856669279,29.13579750352441,1757045940.686851
"(320, 238)",40.958886,29.1357976,4.999,-0.001426509814336896,0.0017033350886777043,1.566596508026123,40.958885626633176,29.135797500786637,1757045940.7985358
"(320, 239)",40.958886,29.1357976,4.999,-0.001426509814336896,0.0017033350886777043,1.566596508026123,40.95888584518421,29.135797499571193,1757045940.901551
"(320, 240)",40.958886,29.1357976,4.999,-0.001426509814336896,0.0017033350886777043,1.566596508026123,40.958886063738284,29.135797498355732,1757045941.0108144
"(320, 241)",40.958886,29.1357976,4.999,0.004291367717087269,0.0016247143503278494,1.5665644407272339,40.95888602553456,29.135797503242333,1757045941.1132336
"(320, 241)",40.958886,29.1357976,4.999,0.004291367717087269,0.0016247143503278494,1.5665644407272339,40.95888602553456,29.135797503242333,1757045941.217677
"(320, 241)",40.958886,29.1357976,4.999,0.002456710673868656,0.0015576366567984223,1.5665429830551147,40.95888610793391,29.135797506766327,1757045941.3222027
"(320, 240)",40.958886,29.1357976,4.999,0.002456710673868656,0.0015576366567984223,1.5665429830551147,40.95888588938016,29.135797507997278,1757045941.4263103
"(320, 240)",40.958886,29.1357976,4.999,-0.0016956905601546168,0.0015347987646237016,1.5665390491485596,40.95888607585405,29.135797508304684,1757045941.554639
"(320, 239)",40.958886,29.1357976,4.999,-0.0016956905601546168,0.0015347987646237016,1.5665390491485596,40.958885857300196,29.135797509536772,1757045941.667527
"(320, 240)",40.958886,29.1357976,4.999,-0.0016956905601546168,0.0015347987646237016,1.5665390491485596,40.95888607585405,29.135797508304684,1757045941.7757354
"(320, 240)",40.958886,29.1357976,5.0,0.004038007464259863,0.0015250783180817962,1.5665724277496338,40.958885818340896,29.13579751030828,1757045941.886574
"(320, 241)",40.958886,29.1357976,5.0,0.004038007464259863,0.0015250783180817962,1.5665724277496338,40.95888603693894,29.135797509085602,1757045941.993819
"(320, 242)",40.958886,29.1357976,5.0,0.004038007464259863,0.0015250783180817962,1.5665724277496338,40.95888625552839,29.13579750786297,1757045942.0986786
"(320, 242)",40.958886,29.1357976,5.0,0.002929495647549629,0.001695560640655458,1.566555142402649,40.958886305286015,29.135797497437796,1757045942.2035027
"(320, 240)",40.958886,29.1357976,5.0,0.002929495647549629,0.001695560640655458,1.566555142402649,40.958885868097084,29.135797499893116,1757045942.3128405
"(320, 239)",40.958886,29.1357976,5.001,-0.0017976589733734727,0.001768247107975185,1.566509485244751,40.958885861776984,29.135797495592698,1757045942.4178667
"(320, 239)",40.958886,29.1357976,5.001,-0.0017976589733734727,0.001768247107975185,1.566509485244751,40.958885861776984,29.135797495592698,1757045942.5278006
"(320, 240)",40.958886,29.1357976,5.001,-0.0017976589733734727,0.001768247107975185,1.566509485244751,40.95888608041831,29.135797494351554,1757045942.6372917
"(320, 241)",40.958886,29.1357976,5.001,0.003108519595116377,0.001661662943661213,1.5665370225906372,40.95888607867453,29.13579750070497,1757045942.7455907
"(320, 242)",40.958886,29.1357976,5.001,0.003108519595116377,0.001661662943661213,1.5665370225906372,40.95888629730923,29.13579749947184,1757045942.8466477
"(320, 243)",40.958886,29.1357976,5.001,0.003271107329055667,0.0015940293669700623,1.566581130027771,40.95888650864835,29.13579750233307,1757045942.951545
"(320, 240)",40.958886,29.1357976,5.001,0.003271107329055667,0.0015940293669700623,1.566581130027771,40.95888585274507,29.13579750599415,1757045943.156918
"(320, 240)",40.958886,29.1357976,5.001,-0.001977895852178335,0.0014195471303537488,1.5666338205337524,40.958886088590454,29.135797515063775,1757045943.26411
"(320, 241)",40.958886,29.1357976,5.001,-0.001977895852178335,0.0014195471303537488,1.5666338205337524,40.958886307235936,29.13579751385861,1757045943.383189
"(320, 241)",40.958886,29.1357976,5.001,0.0022242425475269556,0.0011823674431070685,1.566495418548584,40.958886118489744,29.135797528986892,1757045943.486988
"(320, 243)",40.958886,29.1357976,5.001,0.0022242425475269556,0.0011823674431070685,1.566495418548584,40.95888655575762,29.135797526496543,1757045943.5990021
"(320, 241)",40.958886,29.1357976,5.001,0.0026177249383181334,0.001218651537783444,1.566491961479187,40.95888610080549,29.135797526928624,1757045943.799302
"(320, 241)",40.958886,29.1357976,5.001,0.0026177249383181334,0.001218651537783444,1.566491961479187,40.95888610080549,29.135797526928624,1757045943.9063137
"(320, 241)",40.958886,29.1357976,5.001,-0.001984938280656934,0.0013611833564937115,1.5665199756622314,40.95888630755611,29.135797517282466,1757045944.0124295
"(320, 241)",40.958886,29.1357976,5.001,-0.001984938280656934,0.0013611833564937115,1.5665199756622314,40.95888630755611,29.135797517282466,1757045944.1277745
"(320, 241)",40.958886,29.1357976,5.002,0.002879169536754489,0.0013138544745743275,1.5665438175201416,40.958886089062695,29.13579752132249,1757045944.3330054
"(320, 241)",40.958886,29.1357976,5.002,0.002879169536754489,0.0013138544745743275,1.5665438175201416,40.958886089062695,29.13579752132249,1757045944.4420931
"(320, 241)",40.958886,29.1357976,5.002,0.0037797356490045786,0.0014004249824211001,1.5665510892868042,40.95888604858106,29.13579751639986,1757045944.5540447
"(320, 241)",40.958886,29.1357976,5.002,0.0037797356490045786,0.0014004249824211001,1.5665510892868042,40.95888604858106,29.13579751639986,1757045944.6499016
"(320, 241)",40.958886,29.1357976,5.002,-0.0016809453954920173,0.0016362846363335848,1.566468358039856,40.95888629390097,29.135797500954588,1757045944.7616827
"(320, 240)",40.958886,29.1357976,5.002,-0.0016809453954920173,0.0016362846363335848,1.566468358039856,40.958886075212405,29.13579750220791,1757045944.9636817
"(320, 240)",40.958886,29.1357976,5.002,0.0025561456568539143,0.0015609670663252473,1.5664762258529663,40.95888588484051,29.135797507779248,1757045945.0678024
"(320, 241)",40.958886,29.1357976,5.002,0.0025561456568539143,0.0015609670663252473,1.5664762258529663,40.95888610352536,29.135797506528228,1757045945.1758354
"(320, 241)",40.958886,29.1357976,5.002,0.0025561456568539143,0.0015609670663252473,1.5664762258529663,40.95888610352536,29.135797506528228,1757045945.282344
"(320, 241)",40.958886,29.1357976,5.002,0.004922812804579735,0.0015992969274520874,1.5664244890213013,40.95888599717169,29.135797504856132,1757045945.3927658
"(320, 241)",40.958886,29.1357976,5.002,0.004922812804579735,0.0015992969274520874,1.5664244890213013,40.95888599717169,29.135797504856132,1757045945.4932048
"(320, 241)",40.958886,29.1357976,5.002,-0.0011719202157109976,0.0017144583398476243,1.5665003061294556,40.958886271015174,29.135797496445782,1757045945.6990645
"(320, 241)",40.958886,29.1357976,5.002,-0.0011719202157109976,0.0017144583398476243,1.5665003061294556,40.958886271015174,29.135797496445782,1757045945.8023648
"(320, 241)",40.958886,29.1357976,5.002,0.0022275103256106377,0.0016617007786408067,1.5664944648742676,40.95888611827397,29.135797500452924,1757045945.9098113
"(319, 241)",40.958886,29.1357976,5.002,0.0022275103256106377,0.0016617007786408067,1.5664944648742676,40.958886119213766,29.135797790030093,1757045946.0144958
"(320, 242)",40.958886,29.1357976,5.003,0.0059544662944972515,0.0018579011084511876,1.566528558731079,40.95888616948278,29.135797488472583,1757045946.120464
"(320, 241)",40.958886,29.1357976,5.003,0.0059544662944972515,0.0018579011084511876,1.566528558731079,40.95888595076402,29.135797489708644,1757045946.2277803
"(320, 240)",40.958886,29.1357976,5.003,0.0059544662944972515,0.0018579011084511876,1.566528558731079,40.958885732032584,29.13579749094477,1757045946.3339832
"(320, 240)",40.958886,29.1357976,5.003,0.0003818713594228029,0.0019699176773428917,1.566644310951233,40.958885982470186,29.13579748286035,1757045946.4434798
"(320, 239)",40.958886,29.1357976,5.003,0.0003818713594228029,0.0019699176773428917,1.566644310951233,40.95888576373957,29.135797484062948,1757045946.5473819
"(320, 239)",40.958886,29.1357976,5.002,0.000898530357517302,0.0021461914293468,1.5665695667266846,40.958885740530725,29.135797473751083,1757045946.6517134
"(320, 240)",40.958886,29.1357976,5.002,0.000898530357517302,0.0021461914293468,1.5665695667266846,40.95888595921832,29.135797472527077,1757045946.7540984
"(320, 240)",40.958886,29.1357976,5.002,0.000898530357517302,0.0021461914293468,1.5665695667266846,40.95888595921832,29.135797472527077,1757045946.8597548
"(321, 240)",40.958886,29.1357976,5.002,0.0064043751917779446,0.001971412217244506,1.5665045976638794,40.95888571090418,29.135797194745045,1757045946.9689565
"(321, 240)",40.958886,29.1357976,5.002,0.0064043751917779446,0.001971412217244506,1.5665045976638794,40.95888571090418,29.135797194745045,1757045947.0720255
"(321, 240)",40.958886,29.1357976,5.002,0.001969963777810335,0.0020029665902256966,1.5663930177688599,40.95888591012262,29.135797191753717,1757045947.1889055
"(321, 239)",40.958886,29.1357976,5.002,0.001969963777810335,0.0020029665902256966,1.5663930177688599,40.9588856914313,29.135797193026097,1757045947.2938466
"(321, 238)",40.958886,29.1357976,5.002,-0.0003573192225303501,0.0018977663712576032,1.566491961479187,40.95888557737221,29.135797199900118,1757045947.3988643
"(321, 238)",40.958886,29.1357976,5.002,-0.0003573192225303501,0.0018977663712576032,1.566491961479187,40.95888557737221,29.135797199900118,1757045947.5030112
"(321, 239)",40.958886,29.1357976,5.002,-0.0003573192225303501,0.0018977663712576032,1.566491961479187,40.9588857960594,29.135797198653137,1757045947.611143
"(321, 240)",40.958886,29.1357976,5.002,0.005350289400666952,0.0018405686132609844,1.56655752658844,40.95888575831128,29.135797202246284,1757045947.725447
"(321, 240)",40.958886,29.1357976,5.002,0.005350289400666952,0.0018405686132609844,1.56655752658844,40.95888575831128,29.135797202246284,1757045947.8244083
"(321, 239)",40.958886,29.1357976,5.002,0.002695144386962056,0.0018694259924814105,1.5665018558502197,40.95888565890398,29.135797201111476,1757045947.9355674
"(321, 239)",40.958886,29.1357976,5.002,0.002695144386962056,0.0018694259924814105,1.5665018558502197,40.95888565890398,29.135797201111476,1757045948.0436087
"(321, 238)",40.958886,29.1357976,5.002,0.002695144386962056,0.0018694259924814105,1.5665018558502197,40.958885440205506,29.135797202351355,1757045948.1477008
"(321, 237)",40.958886,29.1357976,5.002,-0.0004304524918552488,0.001727552618831396,1.5665150880813599,40.958885362013035,29.135797211237314,1757045948.2616282
"(321, 238)",40.958886,29.1357976,5.002,-0.0004304524918552488,0.001727552618831396,1.5665150880813599,40.95888558069886,29.135797209996934,1757045948.364456
"(322, 238)",40.958886,29.1357976,5.002,0.0050763776525855064,0.001637228182516992,1.5665391683578491,40.958885332307965,29.135796927127103,1757045948.4740195
"(322, 239)",40.958886,29.1357976,5.002,0.0050763776525855064,0.001637228182516992,1.5665391683578491,40.95888555101957,29.13579692590847,1757045948.577913
"(322, 239)",40.958886,29.1357976,5.002,0.0050763776525855064,0.001637228182516992,1.5665391683578491,40.95888555101957,29.13579692590847,1757045948.6916833
"(322, 239)",40.958886,29.1357976,5.002,0.0036820522509515285,0.0016608450096100569,1.566459059715271,40.95888561363221,29.13579692419831,1757045948.7981484
"(None, None)",40.9588859,29.1357975,0.015,0.06063641235232353,0.0006015286198817194,1.5924233198165894,,,1757046046.4400926
"(None, None)",40.9588859,29.1357975,0.018,0.06062239408493042,0.0005605944315902889,1.5923274755477905,,,1757046046.9657593
"(None, None)",40.9588859,29.1357975,0.02,0.06068002060055733,0.0005190495285205543,1.5922282934188843,,,1757046047.0671742
"(None, None)",40.9588859,29.1357975,0.02,0.06068002060055733,0.0005190495285205543,1.5922282934188843,,,1757046047.1729028
"(None, None)",40.9588859,29.1357975,0.021,0.06064005196094513,0.0004789017257280648,1.5921341180801392,,,1757046047.2742157
"(None, None)",40.9588859,29.1357975,0.021,0.06064005196094513,0.0004789017257280648,1.5921341180801392,,,1757046047.3788116
"(None, None)",40.9588859,29.1357975,0.021,0.06064005196094513,0.0004789017257280648,1.5921341180801392,,,1757046047.480094
"(None, None)",40.9588859,29.1357975,0.022,0.06066839024424553,0.0004482221556827426,1.5920417308807373,,,1757046047.585703
"(None, None)",40.9588859,29.1357975,0.022,0.06066839024424553,0.0004482221556827426,1.5920417308807373,,,1757046047.6871817
"(None, None)",40.9588859,29.1357975,0.022,0.06060701236128807,0.00041176180820912123,1.59195876121521,,,1757046047.7884324
"(None, None)",40.9588859,29.1357975,0.022,0.06060701236128807,0.00041176180820912123,1.59195876121521,,,1757046047.8891623
"(None, None)",40.9588859,29.1357975,0.022,0.06060701236128807,0.00041176180820912123,1.59195876121521,,,1757046047.9962118
"(None, None)",40.958886,29.1357975,0.024,0.06072089076042175,0.0004048223199788481,1.5918772220611572,,,1757046048.097168
"(None, None)",40.958886,29.1357975,0.024,0.06072089076042175,0.0004048223199788481,1.5918772220611572,,,1757046048.203244
"(None, None)",40.958886,29.1357975,0.022,0.06070840358734131,0.0004225082811899483,1.5918045043945312,,,1757046048.3042855
"(None, None)",40.958886,29.1357975,0.022,0.06070840358734131,0.0004225082811899483,1.5918045043945312,,,1757046048.4103053
"(None, None)",40.958886,29.1357975,0.022,0.06070840358734131,0.0004225082811899483,1.5918045043945312,,,1757046048.5118926
"(None, None)",40.958886,29.1357975,0.02,0.06081449240446091,0.00043818235280923545,1.5917277336120605,,,1757046048.6214874
"(None, None)",40.958886,29.1357975,0.02,0.06081449240446091,0.00043818235280923545,1.5917277336120605,,,1757046048.7208607
"(None, None)",40.958886,29.1357975,0.016,0.060801852494478226,0.00045151475933380425,1.5916509628295898,,,1757046048.829966
"(None, None)",40.9588859,29.1357975,0.007,0.060942694544792175,0.00048765449901111424,1.5913852453231812,,,1757046049.9624681
"(None, None)",40.9588859,29.1357975,0.005,0.060967084020376205,0.0004965925472788513,1.5913349390029907,,,1757046050.0685883
"(None, None)",40.9588859,29.1357975,0.005,0.060967084020376205,0.0004965925472788513,1.5913349390029907,,,1757046050.1702504
"(None, None)",40.9588859,29.1357975,0.005,0.060967084020376205,0.0004965925472788513,1.5913349390029907,,,1757046050.2778971
"(None, None)",40.9588859,29.1357975,0.004,0.0609743632376194,0.0004949155263602734,1.5912933349609375,,,1757046050.380817
"(None, None)",40.9588859,29.1357975,0.004,0.0609743632376194,0.0004949155263602734,1.5912933349609375,,,1757046050.4858637
"(None, None)",40.9588859,29.1357975,0.002,0.06096499413251877,0.0004886591341346502,1.5912601947784424,,,1757046050.5875053
"(None, None)",40.9588859,29.1357975,0.002,0.06096499413251877,0.0004886591341346502,1.5912601947784424,,,1757046050.698799
"(None, None)",40.9588859,29.1357975,-0.002,0.06091935187578201,0.0004267107869964093,1.5911694765090942,,,1757046051.8325362
"(None, None)",40.9588858,29.1357975,-0.003,0.06090085580945015,0.0004081666120328009,1.5911502838134766,,,1757046051.9347646
"(None, None)",40.9588858,29.1357975,-0.003,0.06090085580945015,0.0004081666120328009,1.5911502838134766,,,1757046052.0340834
"(None, None)",40.9588858,29.1357975,-0.004,0.060888342559337616,0.0003953904379159212,1.591133952140808,,,1757046052.139174
"(None, None)",40.9588858,29.1357975,-0.004,0.060888342559337616,0.0003953904379159212,1.591133952140808,,,1757046052.239493
"(None, None)",40.9588858,29.1357975,-0.004,0.060888342559337616,0.0003953904379159212,1.591133952140808,,,1757046052.346492
"(None, None)",40.9588858,29.1357975,-0.009,0.060783181339502335,0.00032686098711565137,1.5910828113555908,,,1757046053.4852688
"(None, None)",40.9588858,29.1357974,-0.01,-0.05654953047633171,0.0010891567217186093,1.5887672901153564,,,1757046096.0818574
"(None, None)",40.9588858,29.1357974,-0.01,-0.056585438549518585,0.001106992014683783,1.5887483358383179,,,1757046096.1829245
"(None, None)",40.9588858,29.1357974,-0.01,-0.056585438549518585,0.001106992014683783,1.5887483358383179,,,1757046096.2806764
"(None, None)",40.9588858,29.1357974,-0.01,-0.056585438549518585,0.001106992014683783,1.5887483358383179,,,1757046096.3835196
"(None, None)",40.9588858,29.1357974,-0.01,-0.0566122829914093,0.0011326518142595887,1.5887315273284912,,,1757046096.4844553
"(None, None)",40.9588858,29.1357974,-0.01,-0.0566122829914093,0.0011326518142595887,1.5887315273284912,,,1757046096.5856752
"(None, None)",40.9588858,29.1357974,-0.011,-0.05671239271759987,0.0012366216396912932,1.588639259338379,,,1757046097.7160928
"(None, None)",40.9588858,29.1357974,-0.011,-0.056767787784338,0.0012818059185519814,1.5885236263275146,,,1757046098.8630223
"(None, None)",40.9588858,29.1357974,-0.009,0.06062546744942665,0.0009704402764327824,1.58821702003479,,,1757046147.2369497
"(None, None)",40.9588858,29.1357974,-0.008,0.06072389706969261,0.0009460640721954405,1.5882337093353271,,,1757046147.3360767
"(None, None)",40.9588858,29.1357974,-0.008,0.06072389706969261,0.0009460640721954405,1.5882337093353271,,,1757046147.4371161
"(None, None)",40.9588858,29.1357974,-0.008,0.060597993433475494,0.0009211489814333618,1.588258981704712,,,1757046147.5391936
"(None, None)",40.9588858,29.1357974,-0.008,0.060597993433475494,0.0009211489814333618,1.588258981704712,,,1757046147.639509
"(None, None)",40.9588858,29.1357974,-0.008,0.060597993433475494,0.0009211489814333618,1.588258981704712,,,1757046147.738776
"(None, None)",40.9588858,29.1357974,-0.007,0.06059526279568672,0.0008315728046000004,1.5884010791778564,,,1757046148.8514092
"(None, None)",40.9588858,29.1357974,-0.007,0.06059526279568672,0.0008315728046000004,1.5884010791778564,,,1757046148.952398
"(None, None)",40.9588858,29.1357974,-0.007,0.060604698956012726,0.0008204938494600356,1.588432788848877,,,1757046149.05359
"(None, None)",40.9588858,29.1357974,-0.007,0.060604698956012726,0.0008204938494600356,1.588432788848877,,,1757046149.1531694
"(None, None)",40.9588858,29.1357974,-0.007,0.060604698956012726,0.0008204938494600356,1.588432788848877,,,1757046149.2543404
"(None, None)",40.9588858,29.1357974,-0.007,0.06060905009508133,0.000806948053650558,1.5884660482406616,,,1757046149.3561726
"(None, None)",40.9588858,29.1357974,-0.007,0.06060905009508133,0.000806948053650558,1.5884660482406616,,,1757046149.4553607
"(None, None)",40.9588858,29.1357974,-0.007,0.06061585992574692,0.000794936204329133,1.5885026454925537,,,1757046149.5572457
"(None, None)",40.9588858,29.1357974,-0.009,0.06067958101630211,0.0007637417875230312,1.5886491537094116,,,1757046150.666164
"(None, None)",40.9588859,29.1357974,-0.023,-0.05671430379152298,0.0010747092310339212,1.592240571975708,,,1757046196.277605
"(None, None)",40.9588859,29.1357974,-0.024,-0.056710563600063324,0.001079045352526009,1.5922225713729858,,,1757046196.3775287
"(None, None)",40.9588859,29.1357974,-0.024,-0.056710563600063324,0.001079045352526009,1.5922225713729858,,,1757046196.4789178
"(None, None)",40.9588859,29.1357974,-0.023,-0.05670013651251793,0.0011494155041873455,1.5921663045883179,,,1757046197.591062
"(None, None)",40.9588858,29.1357974,-0.009,0.0607161708176136,0.0009294766350649297,1.5894569158554077,,,1757046246.2744753
"(None, None)",40.9588858,29.1357974,-0.009,0.0607161708176136,0.0009294766350649297,1.5894569158554077,,,1757046246.369903
"(None, None)",40.9588858,29.1357974,-0.008,0.06081456318497658,0.0009080363088287413,1.5894659757614136,,,1757046246.4743464
"(None, None)",40.9588858,29.1357974,-0.008,0.06081456318497658,0.0009080363088287413,1.5894659757614136,,,1757046246.5895967
"(None, None)",40.9588858,29.1357974,-0.005,0.060802072286605835,0.0008934919605962932,1.589471697807312,,,1757046246.6946483
"(None, None)",40.9588858,29.1357974,-0.005,0.060802072286605835,0.0008934919605962932,1.589471697807312,,,1757046246.795504
"(None, None)",40.9588858,29.1357974,-0.005,0.060802072286605835,0.0008934919605962932,1.589471697807312,,,1757046246.8996658
"(None, None)",40.9588858,29.1357974,-0.004,0.060866065323352814,0.0008781250799074769,1.5894794464111328,,,1757046247.0012631
"(None, None)",40.9588858,29.1357974,-0.004,0.060866065323352814,0.0008781250799074769,1.5894794464111328,,,1757046247.1035516
"(None, None)",40.9588858,29.1357974,-0.003,0.060787804424762726,0.0008652604301460087,1.589491844177246,,,1757046247.2086039
"(None, None)",40.9588858,29.1357974,-0.003,0.060787804424762726,0.0008652604301460087,1.589491844177246,,,1757046247.3092675
"(None, None)",40.9588858,29.1357974,-0.003,0.060787804424762726,0.0008652604301460087,1.589491844177246,,,1757046247.4110732
"(None, None)",40.9588857,29.1357974,-0.002,0.06072745472192764,0.0008441388490609825,1.589501976966858,,,1757046247.5136595
"(None, None)",40.9588857,29.1357974,-0.002,0.06072745472192764,0.0008441388490609825,1.589501976966858,,,1757046247.6132104
"(None, None)",40.9588857,29.1357974,-0.001,0.06083288416266441,0.0008314382866956294,1.589514136314392,,,1757046247.7201352
"(None, None)",40.9588857,29.1357974,-0.001,0.06083288416266441,0.0008314382866956294,1.589514136314392,,,1757046247.8266168
"(None, None)",40.9588857,29.1357974,-0.001,0.06083288416266441,0.0008314382866956294,1.589514136314392,,,1757046247.9394157
"(None, None)",40.9588857,29.1357974,-0.001,0.06081077829003334,0.0008219701121561229,1.5895285606384277,,,1757046248.04419
"(None, None)",40.9588857,29.1357974,-0.001,0.06081077829003334,0.0008219701121561229,1.5895285606384277,,,1757046248.1461904
"(None, None)",40.9588857,29.1357974,-0.001,0.06068653613328934,0.0008221082389354706,1.5895447731018066,,,1757046248.2478921
"(None, None)",40.9588857,29.1357974,-0.001,0.06068653613328934,0.0008221082389354706,1.5895447731018066,,,1757046248.3495908
"(None, None)",40.9588857,29.1357974,-0.001,0.06068653613328934,0.0008221082389354706,1.5895447731018066,,,1757046248.4484541
"(None, None)",40.9588857,29.1357974,-0.001,0.06068788841366768,0.0008083721622824669,1.5895652770996094,,,1757046248.551188
"(None, None)",40.9588857,29.1357974,-0.001,0.06068788841366768,0.0008083721622824669,1.5895652770996094,,,1757046248.652295
"(None, None)",40.9588857,29.1357974,-0.001,0.060717977583408356,0.0007982651586644351,1.5895802974700928,,,1757046248.7548194
"(None, None)",40.9588857,29.1357974,-0.001,0.060717977583408356,0.0007982651586644351,1.5895802974700928,,,1757046248.8571944
"(None, None)",40.9588857,29.1357974,-0.001,0.060717977583408356,0.0007982651586644351,1.5895802974700928,,,1757046248.9598348
"(None, None)",40.9588857,29.1357974,-0.001,0.06068795546889305,0.0007892205030657351,1.589599847793579,,,1757046249.0621426
"(None, None)",40.9588857,29.1357974,-0.001,0.06068795546889305,0.0007892205030657351,1.589599847793579,,,1757046249.1619973
"(None, None)",40.9588857,29.1357974,-0.001,0.060695186257362366,0.0007866807281970978,1.5896272659301758,,,1757046249.266644
"(None, None)",40.9588857,29.1357974,-0.001,0.060695186257362366,0.0007866807281970978,1.5896272659301758,,,1757046249.366987
"(None, None)",40.9588857,29.1357974,-0.001,0.060695186257362366,0.0007866807281970978,1.5896272659301758,,,1757046249.4710202
"(None, None)",40.9588857,29.1357974,-0.002,0.06067904829978943,0.0007804892375133932,1.5896447896957397,,,1757046249.574937
"(None, None)",40.9588857,29.1357974,-0.002,0.06067904829978943,0.0007804892375133932,1.5896447896957397,,,1757046249.6734142
"(None, None)",40.9588857,29.1357974,-0.003,0.060674358159303665,0.0007777756545692682,1.5896668434143066,,,1757046249.7752857
"(None, None)",40.9588857,29.1357974,-0.003,0.060674358159303665,0.0007777756545692682,1.5896668434143066,,,1757046249.8742883
"(None, None)",40.9588857,29.1357974,-0.003,0.060674358159303665,0.0007777756545692682,1.5896668434143066,,,1757046249.9758735
"(None, None)",40.9588857,29.1357974,-0.003,0.06068634241819382,0.0007708118064329028,1.589685320854187,,,1757046250.0759904
"(None, None)",40.9588857,29.1357974,-0.003,0.06068634241819382,0.0007708118064329028,1.589685320854187,,,1757046250.179458
"(None, None)",40.9588857,29.1357974,-0.004,0.06069864705204964,0.0007691611535847187,1.5897082090377808,,,1757046250.2784698
"(None, None)",40.9588857,29.1357974,-0.007,0.06072394549846649,0.0007610832690261304,1.5898104906082153,,,1757046251.3899765
"(None, None)",40.9588857,29.1357974,-0.01,0.06075814366340637,0.0007729825447313488,1.5899122953414917,,,1757046252.509385
"(None, None)",40.9588858,29.1357974,-0.009,-0.056749120354652405,0.001140750595368445,1.591385006904602,,,1757046295.067778
"(None, None)",40.9588858,29.1357974,-0.009,-0.056749120354652405,0.001140750595368445,1.591385006904602,,,1757046295.1684651
"(None, None)",40.9588858,29.1357974,-0.009,-0.056753624230623245,0.0011582912411540747,1.5913692712783813,,,1757046295.2683427
"(None, None)",40.9588858,29.1357974,-0.008,-0.056753624230623245,0.0011582912411540747,1.5913692712783813,,,1757046295.370664
"(None, None)",40.9588858,29.1357974,-0.008,-0.056753624230623245,0.0011582912411540747,1.5913692712783813,,,1757046295.4695914
"(None, None)",40.9588858,29.1357974,-0.008,-0.0567673034965992,0.0012309846933931112,1.5912809371948242,,,1757046296.5826857
"(None, None)",40.9588858,29.1357976,-0.041,0.058706942945718765,-0.0010095358593389392,1.581100344657898,,,1757046345.1905386
"(None, None)",40.9588858,29.1357976,-0.041,0.058706942945718765,-0.0010095358593389392,1.581100344657898,,,1757046345.2921908
"(None, None)",40.9588858,29.1357976,-0.043,0.05856456607580185,-0.0010189716704189777,1.5809935331344604,,,1757046345.3928885
"(None, None)",40.9588858,29.1357976,-0.043,0.05856456607580185,-0.0010189716704189777,1.5809935331344604,,,1757046345.49447
"(None, None)",40.9588858,29.1357976,-0.044,0.058542363345623016,-0.001014537876471877,1.5808861255645752,,,1757046345.5946767
"(None, None)",40.9588858,29.1357976,-0.044,0.058542363345623016,-0.001014537876471877,1.5808861255645752,,,1757046345.6957278
"(None, None)",40.9588858,29.1357976,-0.044,0.058542363345623016,-0.001014537876471877,1.5808861255645752,,,1757046345.7963955
"(None, None)",40.9588858,29.1357976,-0.044,0.05862116813659668,-0.001018008217215538,1.5807827711105347,,,1757046345.8991268
"(None, None)",40.9588858,29.1357976,-0.044,0.05862116813659668,-0.001018008217215538,1.5807827711105347,,,1757046345.9984863
"(None, None)",40.9588858,29.1357976,-0.044,0.05855885520577431,-0.0010170999448746443,1.5806716680526733,,,1757046346.1022923
"(None, None)",40.9588858,29.1357976,-0.044,0.05855885520577431,-0.0010170999448746443,1.5806716680526733,,,1757046346.2008953
"(None, None)",40.9588858,29.1357976,-0.044,0.058532342314720154,-0.0010257369140163064,1.5805609226226807,,,1757046346.3028948
"(None, None)",40.9588858,29.1357976,-0.044,0.058532342314720154,-0.0010257369140163064,1.5805609226226807,,,1757046346.4025872
"(None, None)",40.9588858,29.1357976,-0.044,0.058532342314720154,-0.0010257369140163064,1.5805609226226807,,,1757046346.503172
"(None, None)",40.9588858,29.1357976,-0.044,0.0584726519882679,-0.0010268783662468195,1.580452561378479,,,1757046346.6061006
"(None, None)",40.9588858,29.1357976,-0.044,0.0584726519882679,-0.0010268783662468195,1.580452561378479,,,1757046346.7057095
"(None, None)",40.9588858,29.1357976,-0.043,0.05845440551638603,-0.001026695710606873,1.5803396701812744,,,1757046346.810186
"(None, None)",40.9588858,29.1357976,-0.043,0.05845440551638603,-0.001026695710606873,1.5803396701812744,,,1757046346.9105232
"(None, None)",40.9588858,29.1357976,-0.043,0.05845440551638603,-0.001026695710606873,1.5803396701812744,,,1757046347.008814
"(None, None)",40.9588858,29.1357976,-0.042,0.05846359208226204,-0.0010316313710063696,1.5802167654037476,,,1757046347.111417
"(None, None)",40.9588858,29.1357976,-0.042,0.05846359208226204,-0.0010316313710063696,1.5802167654037476,,,1757046347.21307
"(None, None)",40.9588858,29.1357976,-0.042,0.05846359208226204,-0.0010316313710063696,1.5802167654037476,,,1757046347.3137007
"(None, None)",40.9588858,29.1357976,-0.042,0.058471716940402985,-0.0010370054515078664,1.5801036357879639,,,1757046347.4178028
"(None, None)",40.9588858,29.1357976,-0.042,0.058471716940402985,-0.0010370054515078664,1.5801036357879639,,,1757046347.518626
"(None, None)",40.9588858,29.1357976,-0.04,0.058497440069913864,-0.0010366338538005948,1.579984426498413,,,1757046347.6208315
"(None, None)",40.9588858,29.1357976,-0.04,0.058497440069913864,-0.0010366338538005948,1.579984426498413,,,1757046347.7198484
"(None, None)",40.9588858,29.1357976,-0.04,0.058497440069913864,-0.0010366338538005948,1.579984426498413,,,1757046347.8202488
"(None, None)",40.9588858,29.1357976,-0.034,0.05862238258123398,-0.0010592882754281163,1.5793876647949219,,,1757046348.9346397
"(None, None)",40.9588858,29.1357976,-0.034,0.05862238258123398,-0.0010592882754281163,1.5793876647949219,,,1757046349.0370002
"(None, None)",40.9588858,29.1357976,-0.026,0.05870196968317032,-0.0010772048262879252,1.578772783279419,,,1757046350.1476343
"(None, None)",40.9588861,29.1357976,-0.045,-0.058573588728904724,-0.0013625235296785831,1.5608611106872559,,,1757046393.8169904
"(None, None)",40.9588861,29.1357976,-0.047,-0.05848255008459091,-0.001389737706631422,1.56074059009552,,,1757046394.3221877
"(None, None)",40.9588861,29.1357976,-0.047,-0.05848255008459091,-0.001389737706631422,1.56074059009552,,,1757046394.423383
"(None, None)",40.958886,29.1357976,-0.048,-0.0584474615752697,-0.0014006482670083642,1.5606839656829834,,,1757046394.5248637
"(None, None)",40.958886,29.1357976,-0.048,-0.0584474615752697,-0.0014006482670083642,1.5606839656829834,,,1757046394.6245508
"(None, None)",40.958886,29.1357976,-0.048,-0.0584474615752697,-0.0014006482670083642,1.5606839656829834,,,1757046394.725415
"(None, None)",40.958886,29.1357976,-0.046,-0.058409981429576874,-0.0014653501566499472,1.5604408979415894,,,1757046395.8383496
"(None, None)",40.9588859,29.1357976,0.006,0.05874396860599518,-0.0011846366105601192,1.5540517568588257,,,1757046444.5220866
"(None, None)",40.9588859,29.1357976,0.006,0.05867202579975128,-0.0011704153148457408,1.5540101528167725,,,1757046444.6231441
"(None, None)",40.9588859,29.1357976,0.005,0.05867202579975128,-0.0011704153148457408,1.5540101528167725,,,1757046444.7270734
"(None, None)",40.9588859,29.1357976,0.005,0.05867202579975128,-0.0011704153148457408,1.5540101528167725,,,1757046444.825054
"(None, None)",40.9588859,29.1357976,0.004,0.05873359739780426,-0.0011479752138257027,1.5539641380310059,,,1757046444.9262128
"(None, None)",40.9588859,29.1357976,0.004,0.05873359739780426,-0.0011479752138257027,1.5539641380310059,,,1757046445.0273767
"(None, None)",40.9588859,29.1357976,0.004,0.05873359739780426,-0.0011479752138257027,1.5539641380310059,,,1757046445.1284308
"(None, None)",40.9588859,29.1357976,0.003,0.05866682901978493,-0.00112654990516603,1.5539143085479736,,,1757046445.2309613
"(None, None)",40.9588859,29.1357976,0.003,0.05866682901978493,-0.00112654990516603,1.5539143085479736,,,1757046445.333656
"(None, None)",40.9588859,29.1357976,0.002,0.05867079645395279,-0.0011073998175561428,1.5538661479949951,,,1757046445.4330199
"(None, None)",40.9588859,29.1357976,0.002,0.05867079645395279,-0.0011073998175561428,1.5538661479949951,,,1757046445.5343974
"(None, None)",40.9588859,29.1357976,0.002,0.05866539478302002,-0.0010880077024921775,1.553816318511963,,,1757046445.6344993
"(None, None)",40.9588859,29.1357976,-0.002,0.05866444855928421,-0.0010391504038125277,1.5536162853240967,,,1757046446.7457907
"(None, None)",40.9588859,29.1357976,-0.005,0.058665938675403595,-0.0010177709627896547,1.5534100532531738,,,1757046447.8548315
"(None, None)",40.9588859,29.1357976,-0.015,0.058544427156448364,-0.001176700578071177,1.5498242378234863,,,1757046493.4361022
"(None, None)",40.9588859,29.1357976,-0.015,0.058544427156448364,-0.001176700578071177,1.5498242378234863,,,1757046493.5364182
"(None, None)",40.9588859,29.1357976,-0.015,0.058544427156448364,-0.001176700578071177,1.5498242378234863,,,1757046493.6350923
"(None, None)",40.9588859,29.1357976,-0.015,0.058544427156448364,-0.001176700578071177,1.5498242378234863,,,1757046507.9180715
"(None, None)",40.9588859,29.1357976,-0.015,0.058544427156448364,-0.001176700578071177,1.5498242378234863,,,1757046508.0316143
"(None, None)",40.9588859,29.1357976,-0.015,0.058544427156448364,-0.001176700578071177,1.5498242378234863,,,1757046508.142871
"(None, None)",40.9588859,29.1357976,-0.015,0.058544427156448364,-0.001176700578071177,1.5498242378234863,,,1757046508.346256
"(None, None)",40.9588859,29.1357976,-0.015,0.058544427156448364,-0.001176700578071177,1.5498242378234863,,,1757046508.5528848
"(None, None)",40.9588859,29.1357976,-0.015,0.058544427156448364,-0.001176700578071177,1.5498242378234863,,,1757046508.65927
"(None, None)",40.9588859,29.1357976,-0.015,0.058544427156448364,-0.001176700578071177,1.5498242378234863,,,1757046508.762462
"(None, None)",40.9588859,29.1357976,-0.015,0.058544427156448364,-0.001176700578071177,1.5498242378234863,,,1757046508.863691
"(None, None)",40.9588859,29.1357976,-0.015,0.058544427156448364,-0.001176700578071177,1.5498242378234863,,,1757046508.9672656
"(None, None)",40.9588859,29.1357976,-0.015,0.058544427156448364,-0.001176700578071177,1.5498242378234863,,,1757046509.0692663
"(None, None)",40.9588859,29.1357976,-0.015,0.058544427156448364,-0.001176700578071177,1.5498242378234863,,,1757046509.1775782
"(None, None)",40.9588859,29.1357976,-0.015,0.058544427156448364,-0.001176700578071177,1.5498242378234863,,,1757046509.2861762
"(None, None)",40.9588859,29.1357976,-0.015,0.058544427156448364,-0.001176700578071177,1.5498242378234863,,,1757046509.389157
"(None, None)",40.9588859,29.1357976,-0.015,0.058544427156448364,-0.001176700578071177,1.5498242378234863,,,1757046509.4994178
"(None, None)",40.9588859,29.1357976,-0.015,0.058544427156448364,-0.001176700578071177,1.5498242378234863,,,1757046509.605164
"(None, None)",40.9588859,29.1357976,-0.015,0.058544427156448364,-0.001176700578071177,1.5498242378234863,,,1757046509.7079537
"(None, None)",40.9588859,29.1357976,-0.015,0.058544427156448364,-0.001176700578071177,1.5498242378234863,,,1757046509.817184
"(None, None)",40.9588859,29.1357976,-0.015,0.058544427156448364,-0.001176700578071177,1.5498242378234863,,,1757046509.9187489
"(None, None)",40.9588859,29.1357976,-0.015,0.058544427156448364,-0.001176700578071177,1.5498242378234863,,,1757046510.0291443
"(None, None)",40.9588859,29.1357976,-0.015,0.058544427156448364,-0.001176700578071177,1.5498242378234863,,,1757046510.1337104
"(None, None)",40.9588859,29.1357976,-0.015,0.058544427156448364,-0.001176700578071177,1.5498242378234863,,,1757046510.2363594
"(None, None)",40.9588859,29.1357976,-0.015,0.058544427156448364,-0.001176700578071177,1.5498242378234863,,,1757046510.4467227
"(None, None)",40.9588859,29.1357976,-0.015,0.058544427156448364,-0.001176700578071177,1.5498242378234863,,,1757046510.5537508
"(None, None)",40.9588859,29.1357976,-0.015,0.058544427156448364,-0.001176700578071177,1.5498242378234863,,,1757046510.6552737
"(None, None)",40.9588859,29.1357976,-0.015,0.058544427156448364,-0.001176700578071177,1.5498242378234863,,,1757046510.7598708
"(None, None)",40.9588859,29.1357976,-0.015,0.058544427156448364,-0.001176700578071177,1.5498242378234863,,,1757046510.8771107
"(None, None)",40.9588859,29.1357976,-0.015,0.058544427156448364,-0.001176700578071177,1.5498242378234863,,,1757046510.9839866
"(None, None)",40.9588859,29.1357976,-0.015,0.058544427156448364,-0.001176700578071177,1.5498242378234863,,,1757046511.1008315
"(None, None)",40.9588859,29.1357976,-0.015,0.058544427156448364,-0.001176700578071177,1.5498242378234863,,,1757046511.2004004
"(None, None)",40.9588859,29.1357976,-0.015,0.058544427156448364,-0.001176700578071177,1.5498242378234863,,,1757046511.306575
"(None, None)",40.9588859,29.1357976,-0.015,0.058544427156448364,-0.001176700578071177,1.5498242378234863,,,1757046511.415884
"(None, None)",40.9588859,29.1357976,-0.015,0.058544427156448364,-0.001176700578071177,1.5498242378234863,,,1757046511.533758
"(None, None)",40.9588859,29.1357976,-0.015,0.058544427156448364,-0.001176700578071177,1.5498242378234863,,,1757046511.6642852
"(None, None)",40.9588859,29.1357976,-0.015,0.058544427156448364,-0.001176700578071177,1.5498242378234863,,,1757046511.7776866
"(None, None)",40.9588859,29.1357976,-0.015,0.058544427156448364,-0.001176700578071177,1.5498242378234863,,,1757046511.8842528
"(None, None)",40.9588859,29.1357976,-0.015,0.058544427156448364,-0.001176700578071177,1.5498242378234863,,,1757046512.106462
"(None, None)",40.9588859,29.1357976,-0.015,0.058544427156448364,-0.001176700578071177,1.5498242378234863,,,1757046512.3225791
"(None, None)",40.9588859,29.1357976,-0.015,0.058544427156448364,-0.001176700578071177,1.5498242378234863,,,1757046512.4303317
"(None, None)",40.9588859,29.1357976,-0.015,0.058544427156448364,-0.001176700578071177,1.5498242378234863,,,1757046512.5437202
"(None, None)",40.9588859,29.1357976,-0.015,0.058544427156448364,-0.001176700578071177,1.5498242378234863,,,1757046512.6519165
"(None, None)",40.9588859,29.1357976,-0.015,0.058544427156448364,-0.001176700578071177,1.5498242378234863,,,1757046512.76439
"(None, None)",40.9588859,29.1357976,-0.015,0.058544427156448364,-0.001176700578071177,1.5498242378234863,,,1757046512.8812888
"(None, None)",40.9588859,29.1357976,-0.015,0.058544427156448364,-0.001176700578071177,1.5498242378234863,,,1757046512.9977303
"(None, None)",40.9588859,29.1357976,-0.015,0.058544427156448364,-0.001176700578071177,1.5498242378234863,,,1757046513.1061473
"(None, None)",40.9588859,29.1357976,-0.015,0.058544427156448364,-0.001176700578071177,1.5498242378234863,,,1757046513.2228775
"(None, None)",40.9588859,29.1357976,-0.015,0.058544427156448364,-0.001176700578071177,1.5498242378234863,,,1757046513.336306
"(None, None)",40.9588859,29.1357976,-0.015,0.058544427156448364,-0.001176700578071177,1.5498242378234863,,,1757046513.4718244
"(None, None)",40.9588859,29.1357976,-0.015,0.058544427156448364,-0.001176700578071177,1.5498242378234863,,,1757046513.5808213
"(None, None)",40.9588859,29.1357976,-0.015,0.058544427156448364,-0.001176700578071177,1.5498242378234863,,,1757046513.697537
"(None, None)",40.9588859,29.1357976,-0.015,0.058544427156448364,-0.001176700578071177,1.5498242378234863,,,1757046513.8084521
"(None, None)",40.9588859,29.1357976,-0.015,0.058544427156448364,-0.001176700578071177,1.5498242378234863,,,1757046513.9154909
"(None, None)",40.9588859,29.1357976,-0.015,0.058544427156448364,-0.001176700578071177,1.5498242378234863,,,1757046514.1321406
"(None, None)",40.9588859,29.1357976,-0.015,0.058544427156448364,-0.001176700578071177,1.5498242378234863,,,1757046514.2370183
"(None, None)",40.9588859,29.1357976,-0.015,0.058544427156448364,-0.001176700578071177,1.5498242378234863,,,1757046514.3407872
"(None, None)",40.9588859,29.1357976,-0.015,0.058544427156448364,-0.001176700578071177,1.5498242378234863,,,1757046514.4473722
"(None, None)",40.9588859,29.1357976,-0.015,0.058544427156448364,-0.001176700578071177,1.5498242378234863,,,1757046514.5550134
"(None, None)",40.9588859,29.1357976,-0.015,0.058544427156448364,-0.001176700578071177,1.5498242378234863,,,1757046514.6581697
"(None, None)",40.9588859,29.1357976,-0.015,0.058544427156448364,-0.001176700578071177,1.5498242378234863,,,1757046514.7654703
"(None, None)",40.9588859,29.1357976,-0.015,0.058544427156448364,-0.001176700578071177,1.5498242378234863,,,1757046514.8708694
"(None, None)",40.9588859,29.1357976,-0.015,0.058544427156448364,-0.001176700578071177,1.5498242378234863,,,1757046514.979748
"(None, None)",40.9588859,29.1357976,-0.015,0.058544427156448364,-0.001176700578071177,1.5498242378234863,,,1757046515.0880094
"(None, None)",40.9588859,29.1357976,-0.015,0.058544427156448364,-0.001176700578071177,1.5498242378234863,,,1757046515.1911018
"(None, None)",40.9588859,29.1357976,-0.015,0.058544427156448364,-0.001176700578071177,1.5498242378234863,,,1757046515.3005066
"(None, None)",40.9588859,29.1357976,-0.015,0.058544427156448364,-0.001176700578071177,1.5498242378234863,,,1757046515.4066093
"(None, None)",40.9588859,29.1357976,-0.015,0.058544427156448364,-0.001176700578071177,1.5498242378234863,,,1757046515.5132554
"(None, None)",40.9588859,29.1357976,-0.015,0.058544427156448364,-0.001176700578071177,1.5498242378234863,,,1757046515.7235794
"(None, None)",40.9588859,29.1357976,-0.015,0.058544427156448364,-0.001176700578071177,1.5498242378234863,,,1757046515.8283224
"(None, None)",40.9588859,29.1357976,-0.015,0.058544427156448364,-0.001176700578071177,1.5498242378234863,,,1757046515.9352732
"(None, None)",40.9588859,29.1357976,-0.015,0.058544427156448364,-0.001176700578071177,1.5498242378234863,,,1757046516.0431228
"(None, None)",40.9588859,29.1357976,-0.015,0.058544427156448364,-0.001176700578071177,1.5498242378234863,,,1757046516.1481295
"(None, None)",40.9588859,29.1357976,-0.015,0.058544427156448364,-0.001176700578071177,1.5498242378234863,,,1757046516.2482715
"(None, None)",40.9588859,29.1357976,-0.015,0.058544427156448364,-0.001176700578071177,1.5498242378234863,,,1757046516.3634465
"(None, None)",40.9588859,29.1357976,-0.015,0.058544427156448364,-0.001176700578071177,1.5498242378234863,,,1757046516.5736182
"(None, None)",40.9588859,29.1357976,-0.015,0.058544427156448364,-0.001176700578071177,1.5498242378234863,,,1757046516.6865644
"(None, None)",40.9588859,29.1357976,-0.015,0.058544427156448364,-0.001176700578071177,1.5498242378234863,,,1757046516.7980227
"(None, None)",40.9588859,29.1357976,-0.015,0.058544427156448364,-0.001176700578071177,1.5498242378234863,,,1757046516.9048378
"(None, None)",40.9588859,29.1357976,-0.015,0.058544427156448364,-0.001176700578071177,1.5498242378234863,,,1757046517.0062933
"(None, None)",40.9588859,29.1357976,-0.015,0.058544427156448364,-0.001176700578071177,1.5498242378234863,,,1757046517.1185675
"(None, None)",40.9588859,29.1357976,-0.015,0.058544427156448364,-0.001176700578071177,1.5498242378234863,,,1757046517.228252
"(None, None)",40.9588859,29.1357976,-0.015,0.058544427156448364,-0.001176700578071177,1.5498242378234863,,,1757046517.335013
"(None, None)",40.9588859,29.1357976,-0.015,0.058544427156448364,-0.001176700578071177,1.5498242378234863,,,1757046517.4420884
"(None, None)",40.9588859,29.1357976,-0.015,0.058544427156448364,-0.001176700578071177,1.5498242378234863,,,1757046517.5515456
"(None, None)",40.9588859,29.1357976,-0.015,0.058544427156448364,-0.001176700578071177,1.5498242378234863,,,1757046517.655777
"(None, None)",40.9588859,29.1357976,-0.015,0.058544427156448364,-0.001176700578071177,1.5498242378234863,,,1757046517.8660479
"(None, None)",40.9588859,29.1357976,-0.015,0.058544427156448364,-0.001176700578071177,1.5498242378234863,,,1757046517.976766
"(None, None)",40.9588859,29.1357976,-0.015,0.058544427156448364,-0.001176700578071177,1.5498242378234863,,,1757046518.0832546
"(None, None)",40.9588859,29.1357976,-0.015,0.058544427156448364,-0.001176700578071177,1.5498242378234863,,,1757046518.1950982
"(None, None)",40.9588859,29.1357976,-0.015,0.058544427156448364,-0.001176700578071177,1.5498242378234863,,,1757046518.3003097
"(None, None)",40.9588859,29.1357976,-0.015,0.058544427156448364,-0.001176700578071177,1.5498242378234863,,,1757046518.4051235
"(None, None)",40.9588859,29.1357976,-0.015,0.058544427156448364,-0.001176700578071177,1.5498242378234863,,,1757046518.5164561
"(None, None)",40.9588859,29.1357976,-0.015,0.058544427156448364,-0.001176700578071177,1.5498242378234863,,,1757046518.623835
"(None, None)",40.9588859,29.1357976,-0.015,0.058544427156448364,-0.001176700578071177,1.5498242378234863,,,1757046518.7339582
"(None, None)",40.9588859,29.1357976,-0.015,0.058544427156448364,-0.001176700578071177,1.5498242378234863,,,1757046518.9427466
"(None, None)",40.9588859,29.1357976,-0.015,0.058544427156448364,-0.001176700578071177,1.5498242378234863,,,1757046519.154001
"(None, None)",40.9588859,29.1357976,-0.015,0.058544427156448364,-0.001176700578071177,1.5498242378234863,,,1757046519.260542
"(None, None)",40.9588859,29.1357976,-0.015,0.058544427156448364,-0.001176700578071177,1.5498242378234863,,,1757046519.3638897
"(None, None)",40.9588859,29.1357976,-0.015,0.058544427156448364,-0.001176700578071177,1.5498242378234863,,,1757046519.468449
"(None, None)",40.9588859,29.1357976,-0.015,0.058544427156448364,-0.001176700578071177,1.5498242378234863,,,1757046519.5795302
"(None, None)",40.9588859,29.1357976,-0.015,0.058544427156448364,-0.001176700578071177,1.5498242378234863,,,1757046519.7873054
"(None, None)",40.9588859,29.1357976,-0.015,0.058544427156448364,-0.001176700578071177,1.5498242378234863,,,1757046520.0017323
"(None, None)",40.9588859,29.1357976,-0.015,0.058544427156448364,-0.001176700578071177,1.5498242378234863,,,1757046520.1055975
"(None, None)",40.9588859,29.1357976,-0.015,0.058544427156448364,-0.001176700578071177,1.5498242378234863,,,1757046520.217128
"(None, None)",40.9588859,29.1357976,-0.015,0.058544427156448364,-0.001176700578071177,1.5498242378234863,,,1757046520.3206546
"(None, None)",40.9588859,29.1357976,-0.015,0.058544427156448364,-0.001176700578071177,1.5498242378234863,,,1757046520.427385
"(None, None)",40.9588859,29.1357976,-0.015,0.058544427156448364,-0.001176700578071177,1.5498242378234863,,,1757046520.5324798
"(None, None)",40.9588859,29.1357976,-0.015,0.058544427156448364,-0.001176700578071177,1.5498242378234863,,,1757046520.6388218
"(None, None)",40.9588859,29.1357976,-0.015,0.058544427156448364,-0.001176700578071177,1.5498242378234863,,,1757046520.7449477
"(None, None)",40.9588859,29.1357976,-0.015,0.058544427156448364,-0.001176700578071177,1.5498242378234863,,,1757046520.8491158
"(None, None)",40.9588859,29.1357976,-0.015,0.058544427156448364,-0.001176700578071177,1.5498242378234863,,,1757046520.9580426
"(None, None)",40.9588859,29.1357976,-0.015,0.058544427156448364,-0.001176700578071177,1.5498242378234863,,,1757046521.0660548
"(None, None)",40.9588859,29.1357976,-0.015,0.058544427156448364,-0.001176700578071177,1.5498242378234863,,,1757046521.1662388
"(None, None)",40.9588859,29.1357976,-0.015,0.058544427156448364,-0.001176700578071177,1.5498242378234863,,,1757046521.2800817
"(None, None)",40.9588859,29.1357976,-0.015,0.058544427156448364,-0.001176700578071177,1.5498242378234863,,,1757046521.3836517
"(None, None)",40.9588859,29.1357976,-0.015,0.058544427156448364,-0.001176700578071177,1.5498242378234863,,,1757046521.4844823
"(None, None)",40.9588859,29.1357976,-0.015,0.058544427156448364,-0.001176700578071177,1.5498242378234863,,,1757046521.5916913
"(None, None)",40.9588859,29.1357976,-0.015,0.058544427156448364,-0.001176700578071177,1.5498242378234863,,,1757046521.6972091
"(None, None)",40.9588859,29.1357976,-0.015,0.058544427156448364,-0.001176700578071177,1.5498242378234863,,,1757046521.814348
"(None, None)",40.9588859,29.1357976,-0.015,0.058544427156448364,-0.001176700578071177,1.5498242378234863,,,1757046521.920415
"(None, None)",40.9588859,29.1357976,-0.015,0.058544427156448364,-0.001176700578071177,1.5498242378234863,,,1757046522.0242224
"(None, None)",40.9588859,29.1357976,-0.015,0.058544427156448364,-0.001176700578071177,1.5498242378234863,,,1757046522.1331341
"(None, None)",40.9588859,29.1357976,-0.015,0.058544427156448364,-0.001176700578071177,1.5498242378234863,,,1757046522.2360106
"(None, None)",40.9588859,29.1357976,-0.015,0.058544427156448364,-0.001176700578071177,1.5498242378234863,,,1757046522.345345
"(None, None)",40.9588859,29.1357976,-0.015,0.058544427156448364,-0.001176700578071177,1.5498242378234863,,,1757046522.4490547
"(None, None)",40.9588859,29.1357976,-0.015,0.058544427156448364,-0.001176700578071177,1.5498242378234863,,,1757046522.559541
"(None, None)",40.9588859,29.1357976,-0.015,0.058544427156448364,-0.001176700578071177,1.5498242378234863,,,1757046522.6674845
"(None, None)",40.9588859,29.1357976,-0.015,0.058544427156448364,-0.001176700578071177,1.5498242378234863,,,1757046522.7802448
"(None, None)",40.9588859,29.1357976,-0.015,0.058544427156448364,-0.001176700578071177,1.5498242378234863,,,1757046522.8993013
"(None, None)",40.9588859,29.1357976,-0.015,0.058544427156448364,-0.001176700578071177,1.5498242378234863,,,1757046522.997636
"(None, None)",40.9588859,29.1357976,-0.015,0.058544427156448364,-0.001176700578071177,1.5498242378234863,,,1757046523.1046085
"(None, None)",40.9588859,29.1357976,-0.015,0.058544427156448364,-0.001176700578071177,1.5498242378234863,,,1757046523.206873
"(None, None)",40.9588859,29.1357976,-0.015,0.058544427156448364,-0.001176700578071177,1.5498242378234863,,,1757046523.3128579
"(None, None)",40.9588859,29.1357976,-0.015,0.058544427156448364,-0.001176700578071177,1.5498242378234863,,,1757046523.4176579
"(None, None)",40.9588859,29.1357976,-0.015,0.058544427156448364,-0.001176700578071177,1.5498242378234863,,,1757046523.5273867
"(None, None)",40.9588859,29.1357976,-0.015,0.058544427156448364,-0.001176700578071177,1.5498242378234863,,,1757046523.637357
"(None, None)",40.9588859,29.1357976,-0.015,0.058544427156448364,-0.001176700578071177,1.5498242378234863,,,1757046523.7453837
"(None, None)",40.9588859,29.1357976,-0.015,0.058544427156448364,-0.001176700578071177,1.5498242378234863,,,1757046523.8499453
"(None, None)",40.9588859,29.1357976,-0.015,0.058544427156448364,-0.001176700578071177,1.5498242378234863,,,1757046524.0530481
"(None, None)",40.9588859,29.1357976,-0.015,0.058544427156448364,-0.001176700578071177,1.5498242378234863,,,1757046524.162709
"(None, None)",40.9588859,29.1357976,-0.015,0.058544427156448364,-0.001176700578071177,1.5498242378234863,,,1757046524.2654533
"(None, None)",40.9588859,29.1357976,-0.015,0.058544427156448364,-0.001176700578071177,1.5498242378234863,,,1757046524.3730676
"(None, None)",40.9588859,29.1357976,-0.015,0.058544427156448364,-0.001176700578071177,1.5498242378234863,,,1757046524.4793909
"(None, None)",40.9588859,29.1357976,-0.015,0.058544427156448364,-0.001176700578071177,1.5498242378234863,,,1757046524.582231
"(None, None)",40.9588859,29.1357976,-0.015,0.058544427156448364,-0.001176700578071177,1.5498242378234863,,,1757046524.6907897
"(None, None)",40.9588859,29.1357976,-0.015,0.058544427156448364,-0.001176700578071177,1.5498242378234863,,,1757046524.7997184
"(None, None)",40.9588859,29.1357976,-0.015,0.058544427156448364,-0.001176700578071177,1.5498242378234863,,,1757046524.9069421
"(None, None)",40.9588859,29.1357976,-0.015,0.058544427156448364,-0.001176700578071177,1.5498242378234863,,,1757046525.0108902
"(None, None)",40.9588859,29.1357976,-0.015,0.058544427156448364,-0.001176700578071177,1.5498242378234863,,,1757046525.1207144
"(None, None)",40.9588859,29.1357976,-0.015,0.058544427156448364,-0.001176700578071177,1.5498242378234863,,,1757046525.2226644
"(None, None)",40.9588859,29.1357976,-0.015,0.058544427156448364,-0.001176700578071177,1.5498242378234863,,,1757046525.3356502
"(None, None)",40.9588859,29.1357976,-0.015,0.058544427156448364,-0.001176700578071177,1.5498242378234863,,,1757046525.438844
"(None, None)",40.9588859,29.1357976,-0.015,0.058544427156448364,-0.001176700578071177,1.5498242378234863,,,1757046525.5461895
"(None, None)",40.9588859,29.1357976,-0.015,0.058544427156448364,-0.001176700578071177,1.5498242378234863,,,1757046525.6518993
"(None, None)",40.9588859,29.1357976,-0.015,0.058544427156448364,-0.001176700578071177,1.5498242378234863,,,1757046525.761972
"(None, None)",40.9588859,29.1357976,-0.015,0.058544427156448364,-0.001176700578071177,1.5498242378234863,,,1757046525.869075
"(None, None)",40.9588859,29.1357976,-0.015,0.058544427156448364,-0.001176700578071177,1.5498242378234863,,,1757046525.9759548
"(None, None)",40.9588859,29.1357976,-0.015,0.058544427156448364,-0.001176700578071177,1.5498242378234863,,,1757046526.089621
"(None, None)",40.9588859,29.1357976,-0.015,0.058544427156448364,-0.001176700578071177,1.5498242378234863,,,1757046526.1982603
"(None, None)",40.9588859,29.1357976,-0.015,0.058544427156448364,-0.001176700578071177,1.5498242378234863,,,1757046526.3063056
"(None, None)",40.9588859,29.1357976,-0.015,0.058544427156448364,-0.001176700578071177,1.5498242378234863,,,1757046526.4172244
"(None, None)",40.9588859,29.1357976,-0.015,0.058544427156448364,-0.001176700578071177,1.5498242378234863,,,1757046526.522182
"(None, None)",40.9588859,29.1357976,-0.015,0.058544427156448364,-0.001176700578071177,1.5498242378234863,,,1757046526.6288571
"(None, None)",40.9588859,29.1357976,-0.015,0.058544427156448364,-0.001176700578071177,1.5498242378234863,,,1757046526.7362702
"(None, None)",40.9588859,29.1357976,-0.015,0.058544427156448364,-0.001176700578071177,1.5498242378234863,,,1757046526.849146
"(None, None)",40.9588859,29.1357976,-0.015,0.058544427156448364,-0.001176700578071177,1.5498242378234863,,,1757046526.954228
"(None, None)",40.9588859,29.1357976,-0.015,0.058544427156448364,-0.001176700578071177,1.5498242378234863,,,1757046527.06248
"(None, None)",40.9588859,29.1357976,-0.015,0.058544427156448364,-0.001176700578071177,1.5498242378234863,,,1757046527.1669643
"(None, None)",40.9588859,29.1357976,-0.015,0.058544427156448364,-0.001176700578071177,1.5498242378234863,,,1757046527.2853332
"(None, None)",40.9588859,29.1357976,-0.015,0.058544427156448364,-0.001176700578071177,1.5498242378234863,,,1757046527.38784
"(None, None)",40.9588859,29.1357976,-0.015,0.058544427156448364,-0.001176700578071177,1.5498242378234863,,,1757046527.6333525
"(None, None)",40.9588859,29.1357976,-0.015,0.058544427156448364,-0.001176700578071177,1.5498242378234863,,,1757046527.7399828
"(None, None)",40.9588859,29.1357976,-0.015,0.058544427156448364,-0.001176700578071177,1.5498242378234863,,,1757046527.8475323
"(None, None)",40.9588859,29.1357976,-0.015,0.058544427156448364,-0.001176700578071177,1.5498242378234863,,,1757046527.9546206
"(None, None)",40.9588859,29.1357976,-0.015,0.058544427156448364,-0.001176700578071177,1.5498242378234863,,,1757046528.0644808
"(None, None)",40.9588859,29.1357976,-0.015,0.058544427156448364,-0.001176700578071177,1.5498242378234863,,,1757046528.1719046
"(None, None)",40.9588859,29.1357976,-0.015,0.058544427156448364,-0.001176700578071177,1.5498242378234863,,,1757046528.2860837
"(None, None)",40.9588859,29.1357976,-0.015,0.058544427156448364,-0.001176700578071177,1.5498242378234863,,,1757046528.3933082
"(None, None)",40.9588859,29.1357976,-0.015,0.058544427156448364,-0.001176700578071177,1.5498242378234863,,,1757046528.5032833
"(None, None)",40.9588859,29.1357976,-0.015,0.058544427156448364,-0.001176700578071177,1.5498242378234863,,,1757046528.6087058
"(None, None)",40.9588859,29.1357976,-0.015,0.058544427156448364,-0.001176700578071177,1.5498242378234863,,,1757046528.7182739
"(None, None)",40.9588859,29.1357976,-0.015,0.058544427156448364,-0.001176700578071177,1.5498242378234863,,,1757046528.8251536
"(None, None)",40.9588859,29.1357976,-0.015,0.058544427156448364,-0.001176700578071177,1.5498242378234863,,,1757046528.9306
"(None, None)",40.9588859,29.1357976,-0.015,0.058544427156448364,-0.001176700578071177,1.5498242378234863,,,1757046529.0391352
"(None, None)",40.9588859,29.1357976,-0.015,0.058544427156448364,-0.001176700578071177,1.5498242378234863,,,1757046529.1461315
"(None, None)",40.9588859,29.1357976,-0.015,0.058544427156448364,-0.001176700578071177,1.5498242378234863,,,1757046529.2521791
"(None, None)",40.9588859,29.1357976,-0.015,0.058544427156448364,-0.001176700578071177,1.5498242378234863,,,1757046529.3573713
"(None, None)",40.9588859,29.1357976,-0.015,0.058544427156448364,-0.001176700578071177,1.5498242378234863,,,1757046529.461853
"(None, None)",40.9588859,29.1357976,-0.015,0.058544427156448364,-0.001176700578071177,1.5498242378234863,,,1757046529.570504
"(None, None)",40.9588859,29.1357976,-0.015,0.058544427156448364,-0.001176700578071177,1.5498242378234863,,,1757046529.6823063
"(None, None)",40.9588859,29.1357976,-0.015,0.058544427156448364,-0.001176700578071177,1.5498242378234863,,,1757046529.790866
"(None, None)",40.9588859,29.1357976,-0.015,0.058544427156448364,-0.001176700578071177,1.5498242378234863,,,1757046529.8965387
"(None, None)",40.9588859,29.1357976,-0.015,0.058544427156448364,-0.001176700578071177,1.5498242378234863,,,1757046530.0069146
"(None, None)",40.9588859,29.1357976,-0.015,0.058544427156448364,-0.001176700578071177,1.5498242378234863,,,1757046530.116002
"(None, None)",40.9588859,29.1357976,-0.015,0.058544427156448364,-0.001176700578071177,1.5498242378234863,,,1757046530.2201128
"(None, None)",40.9588859,29.1357976,-0.015,0.058544427156448364,-0.001176700578071177,1.5498242378234863,,,1757046530.3492737
"(None, None)",40.9588859,29.1357976,-0.015,0.058544427156448364,-0.001176700578071177,1.5498242378234863,,,1757046530.4579139
"(None, None)",40.9588859,29.1357976,-0.015,0.058544427156448364,-0.001176700578071177,1.5498242378234863,,,1757046530.5634735
"(None, None)",40.9588859,29.1357976,-0.015,0.058544427156448364,-0.001176700578071177,1.5498242378234863,,,1757046530.672471
"(None, None)",40.9588859,29.1357976,-0.015,0.058544427156448364,-0.001176700578071177,1.5498242378234863,,,1757046530.7782562
"(None, None)",40.9588859,29.1357976,-0.015,0.058544427156448364,-0.001176700578071177,1.5498242378234863,,,1757046530.8843844
"(None, None)",40.9588859,29.1357976,-0.015,0.058544427156448364,-0.001176700578071177,1.5498242378234863,,,1757046530.9864478
"(None, None)",40.9588859,29.1357976,-0.015,0.058544427156448364,-0.001176700578071177,1.5498242378234863,,,1757046531.0919578
"(None, None)",40.9588859,29.1357976,-0.015,0.058544427156448364,-0.001176700578071177,1.5498242378234863,,,1757046531.196959
"(None, None)",40.9588859,29.1357976,-0.015,0.058544427156448364,-0.001176700578071177,1.5498242378234863,,,1757046531.303271
"(None, None)",40.9588859,29.1357976,-0.015,0.058544427156448364,-0.001176700578071177,1.5498242378234863,,,1757046531.4080076
"(None, None)",40.9588859,29.1357976,-0.015,0.058544427156448364,-0.001176700578071177,1.5498242378234863,,,1757046531.5168831
"(None, None)",40.9588859,29.1357976,-0.015,0.058544427156448364,-0.001176700578071177,1.5498242378234863,,,1757046531.6316252
"(None, None)",40.9588859,29.1357976,-0.015,0.058544427156448364,-0.001176700578071177,1.5498242378234863,,,1757046531.74106
"(None, None)",40.9588859,29.1357976,-0.015,0.058544427156448364,-0.001176700578071177,1.5498242378234863,,,1757046531.8471253
"(None, None)",40.9588859,29.1357976,-0.015,0.058544427156448364,-0.001176700578071177,1.5498242378234863,,,1757046531.9554565
"(None, None)",40.9588859,29.1357976,-0.015,0.058544427156448364,-0.001176700578071177,1.5498242378234863,,,1757046532.0660124
"(None, None)",40.9588859,29.1357976,-0.015,0.058544427156448364,-0.001176700578071177,1.5498242378234863,,,1757046532.1709745
"(None, None)",40.9588859,29.1357976,-0.015,0.058544427156448364,-0.001176700578071177,1.5498242378234863,,,1757046532.2797112
"(None, None)",40.9588859,29.1357976,-0.015,0.058544427156448364,-0.001176700578071177,1.5498242378234863,,,1757046532.3874135
"(None, None)",40.9588859,29.1357976,-0.015,0.058544427156448364,-0.001176700578071177,1.5498242378234863,,,1757046532.4953523
"(None, None)",40.9588859,29.1357976,-0.015,0.058544427156448364,-0.001176700578071177,1.5498242378234863,,,1757046532.60969
"(None, None)",40.9588859,29.1357976,-0.015,0.058544427156448364,-0.001176700578071177,1.5498242378234863,,,1757046532.7197237
"(None, None)",40.9588859,29.1357976,-0.015,0.058544427156448364,-0.001176700578071177,1.5498242378234863,,,1757046532.8267012
"(None, None)",40.9588859,29.1357976,-0.015,0.058544427156448364,-0.001176700578071177,1.5498242378234863,,,1757046532.9314675
"(None, None)",40.9588859,29.1357976,-0.015,0.058544427156448364,-0.001176700578071177,1.5498242378234863,,,1757046533.0410814
"(None, None)",40.9588859,29.1357976,-0.015,0.058544427156448364,-0.001176700578071177,1.5498242378234863,,,1757046533.1494648
"(None, None)",40.9588859,29.1357976,-0.015,0.058544427156448364,-0.001176700578071177,1.5498242378234863,,,1757046533.260372
"(None, None)",40.9588859,29.1357976,-0.015,0.058544427156448364,-0.001176700578071177,1.5498242378234863,,,1757046533.3659105
"(None, None)",40.9588859,29.1357976,-0.015,0.058544427156448364,-0.001176700578071177,1.5498242378234863,,,1757046533.473393
"(None, None)",40.9588859,29.1357976,-0.015,0.058544427156448364,-0.001176700578071177,1.5498242378234863,,,1757046533.5805202
"(None, None)",40.9588859,29.1357976,-0.015,0.058544427156448364,-0.001176700578071177,1.5498242378234863,,,1757046533.6875856
"(None, None)",40.9588859,29.1357976,-0.015,0.058544427156448364,-0.001176700578071177,1.5498242378234863,,,1757046533.7889805
"(None, None)",40.9588859,29.1357976,-0.015,0.058544427156448364,-0.001176700578071177,1.5498242378234863,,,1757046533.8904755
"(None, None)",40.9588859,29.1357976,-0.015,0.058544427156448364,-0.001176700578071177,1.5498242378234863,,,1757046533.9968274
"(None, None)",40.9588859,29.1357976,-0.015,0.058544427156448364,-0.001176700578071177,1.5498242378234863,,,1757046534.1034548
"(None, None)",40.9588859,29.1357976,-0.015,0.058544427156448364,-0.001176700578071177,1.5498242378234863,,,1757046534.2132201
"(None, None)",40.9588859,29.1357976,-0.015,0.058544427156448364,-0.001176700578071177,1.5498242378234863,,,1757046534.3213046
"(None, None)",40.9588859,29.1357976,-0.015,0.058544427156448364,-0.001176700578071177,1.5498242378234863,,,1757046534.4312837
"(None, None)",40.9588859,29.1357976,-0.015,0.058544427156448364,-0.001176700578071177,1.5498242378234863,,,1757046534.5344691
"(None, None)",40.9588859,29.1357976,-0.015,0.058544427156448364,-0.001176700578071177,1.5498242378234863,,,1757046534.6521773
"(None, None)",40.9588859,29.1357976,-0.015,0.058544427156448364,-0.001176700578071177,1.5498242378234863,,,1757046534.7547169
"(None, None)",40.9588859,29.1357976,-0.015,0.058544427156448364,-0.001176700578071177,1.5498242378234863,,,1757046534.861391
"(None, None)",40.9588859,29.1357976,-0.015,0.058544427156448364,-0.001176700578071177,1.5498242378234863,,,1757046534.96671
"(None, None)",40.9588859,29.1357976,-0.015,0.058544427156448364,-0.001176700578071177,1.5498242378234863,,,1757046535.07244
"(None, None)",40.9588859,29.1357976,-0.015,0.058544427156448364,-0.001176700578071177,1.5498242378234863,,,1757046535.1786208
"(None, None)",40.9588859,29.1357976,-0.015,0.058544427156448364,-0.001176700578071177,1.5498242378234863,,,1757046535.2837706
"(None, None)",40.9588859,29.1357976,-0.015,0.058544427156448364,-0.001176700578071177,1.5498242378234863,,,1757046535.3909323
"(None, None)",40.9588859,29.1357976,-0.015,0.058544427156448364,-0.001176700578071177,1.5498242378234863,,,1757046535.500021
"(None, None)",40.9588859,29.1357976,-0.015,0.058544427156448364,-0.001176700578071177,1.5498242378234863,,,1757046535.605283
"(None, None)",40.9588859,29.1357976,-0.015,0.058544427156448364,-0.001176700578071177,1.5498242378234863,,,1757046535.7159386
"(None, None)",40.9588859,29.1357976,-0.015,0.058544427156448364,-0.001176700578071177,1.5498242378234863,,,1757046535.8228068
"(None, None)",40.9588859,29.1357976,-0.015,0.058544427156448364,-0.001176700578071177,1.5498242378234863,,,1757046535.926659
"(None, None)",40.9588859,29.1357976,-0.015,0.058544427156448364,-0.001176700578071177,1.5498242378234863,,,1757046536.034534
"(None, None)",40.9588859,29.1357976,-0.015,0.058544427156448364,-0.001176700578071177,1.5498242378234863,,,1757046536.1428266
"(None, None)",40.9588859,29.1357976,-0.015,0.058544427156448364,-0.001176700578071177,1.5498242378234863,,,1757046536.2476218
"(None, None)",40.9588859,29.1357976,-0.015,0.058544427156448364,-0.001176700578071177,1.5498242378234863,,,1757046536.3546634
"(None, None)",40.9588859,29.1357976,-0.015,0.058544427156448364,-0.001176700578071177,1.5498242378234863,,,1757046536.4661274
"(None, None)",40.9588859,29.1357976,-0.015,0.058544427156448364,-0.001176700578071177,1.5498242378234863,,,1757046536.5806205
"(None, None)",40.9588859,29.1357976,-0.015,0.058544427156448364,-0.001176700578071177,1.5498242378234863,,,1757046536.6895561
"(None, None)",40.9588859,29.1357976,-0.015,0.058544427156448364,-0.001176700578071177,1.5498242378234863,,,1757046536.7991278
"(None, None)",40.9588859,29.1357976,-0.015,0.058544427156448364,-0.001176700578071177,1.5498242378234863,,,1757046536.9064527
"(None, None)",40.9588859,29.1357976,-0.015,0.058544427156448364,-0.001176700578071177,1.5498242378234863,,,1757046537.0146985
"(None, None)",40.9588859,29.1357976,-0.015,0.058544427156448364,-0.001176700578071177,1.5498242378234863,,,1757046537.1198843
"(None, None)",40.9588859,29.1357976,-0.015,0.058544427156448364,-0.001176700578071177,1.5498242378234863,,,1757046537.2306967
"(None, None)",40.9588859,29.1357976,-0.015,0.058544427156448364,-0.001176700578071177,1.5498242378234863,,,1757046537.3339326
"(None, None)",40.9588859,29.1357976,-0.015,0.058544427156448364,-0.001176700578071177,1.5498242378234863,,,1757046537.441667
"(None, None)",40.9588859,29.1357976,-0.015,0.058544427156448364,-0.001176700578071177,1.5498242378234863,,,1757046537.5495477
"(None, None)",40.9588859,29.1357976,-0.015,0.058544427156448364,-0.001176700578071177,1.5498242378234863,,,1757046537.6554937
"(None, None)",40.9588859,29.1357976,-0.015,0.058544427156448364,-0.001176700578071177,1.5498242378234863,,,1757046537.7642882
"(None, None)",40.9588859,29.1357976,-0.015,0.058544427156448364,-0.001176700578071177,1.5498242378234863,,,1757046537.8705895
"(None, None)",40.9588859,29.1357976,-0.015,0.058544427156448364,-0.001176700578071177,1.5498242378234863,,,1757046537.9761577
"(None, None)",40.9588859,29.1357976,-0.015,0.058544427156448364,-0.001176700578071177,1.5498242378234863,,,1757046538.0883877
"(None, None)",40.9588859,29.1357976,-0.015,0.058544427156448364,-0.001176700578071177,1.5498242378234863,,,1757046538.1935334
"(None, None)",40.9588859,29.1357976,-0.015,0.058544427156448364,-0.001176700578071177,1.5498242378234863,,,1757046538.2965987
"(None, None)",40.9588859,29.1357976,-0.015,0.058544427156448364,-0.001176700578071177,1.5498242378234863,,,1757046538.4052472
"(None, None)",40.9588859,29.1357976,-0.015,0.058544427156448364,-0.001176700578071177,1.5498242378234863,,,1757046538.5139413
"(None, None)",40.9588859,29.1357976,-0.015,0.058544427156448364,-0.001176700578071177,1.5498242378234863,,,1757046538.6212397
"(None, None)",40.9588859,29.1357976,-0.015,0.058544427156448364,-0.001176700578071177,1.5498242378234863,,,1757046538.731045
"(None, None)",40.9588859,29.1357976,-0.015,0.058544427156448364,-0.001176700578071177,1.5498242378234863,,,1757046538.8341725
"(None, None)",40.9588859,29.1357976,-0.015,0.058544427156448364,-0.001176700578071177,1.5498242378234863,,,1757046538.9417467
"(None, None)",40.9588859,29.1357976,-0.015,0.058544427156448364,-0.001176700578071177,1.5498242378234863,,,1757046539.051091
"(None, None)",40.9588859,29.1357976,-0.015,0.058544427156448364,-0.001176700578071177,1.5498242378234863,,,1757046539.1584916
"(None, None)",40.9588859,29.1357976,-0.015,0.058544427156448364,-0.001176700578071177,1.5498242378234863,,,1757046539.27123
"(None, None)",40.9588859,29.1357976,-0.015,0.058544427156448364,-0.001176700578071177,1.5498242378234863,,,1757046539.3734865
"(None, None)",40.9588859,29.1357976,-0.015,0.058544427156448364,-0.001176700578071177,1.5498242378234863,,,1757046539.476248
"(None, None)",40.9588859,29.1357976,-0.015,0.058544427156448364,-0.001176700578071177,1.5498242378234863,,,1757046539.583446
"(None, None)",40.9588859,29.1357976,-0.015,0.058544427156448364,-0.001176700578071177,1.5498242378234863,,,1757046539.6887343
"(None, None)",40.9588859,29.1357976,-0.015,0.058544427156448364,-0.001176700578071177,1.5498242378234863,,,1757046539.7914815
"(None, None)",40.9588859,29.1357976,-0.015,0.058544427156448364,-0.001176700578071177,1.5498242378234863,,,1757046539.8993385
"(None, None)",40.9588859,29.1357976,-0.015,0.058544427156448364,-0.001176700578071177,1.5498242378234863,,,1757046540.0057218
"(None, None)",40.9588859,29.1357976,-0.015,0.058544427156448364,-0.001176700578071177,1.5498242378234863,,,1757046540.1130786
"(None, None)",40.9588859,29.1357976,-0.015,0.058544427156448364,-0.001176700578071177,1.5498242378234863,,,1757046540.2244
"(None, None)",40.9588859,29.1357976,-0.015,0.058544427156448364,-0.001176700578071177,1.5498242378234863,,,1757046540.335311
"(None, None)",40.9588859,29.1357976,-0.015,0.058544427156448364,-0.001176700578071177,1.5498242378234863,,,1757046540.4474826
"(None, None)",40.9588859,29.1357976,-0.015,0.058544427156448364,-0.001176700578071177,1.5498242378234863,,,1757046540.5504107
"(None, None)",40.9588859,29.1357976,-0.015,0.058544427156448364,-0.001176700578071177,1.5498242378234863,,,1757046540.657378
"(None, None)",40.9588859,29.1357976,-0.015,0.058544427156448364,-0.001176700578071177,1.5498242378234863,,,1757046540.7650704
"(None, None)",40.9588859,29.1357976,-0.015,0.058544427156448364,-0.001176700578071177,1.5498242378234863,,,1757046540.8768783
"(None, None)",40.9588859,29.1357976,-0.015,0.058544427156448364,-0.001176700578071177,1.5498242378234863,,,1757046540.987163
"(None, None)",40.9588859,29.1357976,-0.015,0.058544427156448364,-0.001176700578071177,1.5498242378234863,,,1757046541.0902123
"(None, None)",40.9588859,29.1357976,-0.015,0.058544427156448364,-0.001176700578071177,1.5498242378234863,,,1757046541.2000277
"(None, None)",40.9588859,29.1357976,-0.015,0.058544427156448364,-0.001176700578071177,1.5498242378234863,,,1757046541.3045344
"(None, None)",40.9588859,29.1357976,-0.015,0.058544427156448364,-0.001176700578071177,1.5498242378234863,,,1757046541.4127886
"(None, None)",40.9588859,29.1357976,-0.015,0.058544427156448364,-0.001176700578071177,1.5498242378234863,,,1757046541.5232897
"(None, None)",40.9588859,29.1357976,-0.015,0.058544427156448364,-0.001176700578071177,1.5498242378234863,,,1757046541.6431494
"(None, None)",40.9588859,29.1357976,-0.015,0.058544427156448364,-0.001176700578071177,1.5498242378234863,,,1757046541.7453961
"(None, None)",40.9588859,29.1357976,-0.015,0.058544427156448364,-0.001176700578071177,1.5498242378234863,,,1757046541.9516659
"(None, None)",40.9588859,29.1357976,-0.015,0.058544427156448364,-0.001176700578071177,1.5498242378234863,,,1757046542.0574572
"(None, None)",40.9588859,29.1357976,-0.015,0.058544427156448364,-0.001176700578071177,1.5498242378234863,,,1757046542.1666079
"(None, None)",40.9588859,29.1357976,-0.015,0.058544427156448364,-0.001176700578071177,1.5498242378234863,,,1757046542.274654
"(None, None)",40.9588859,29.1357976,-0.015,0.058544427156448364,-0.001176700578071177,1.5498242378234863,,,1757046542.3892913
"(None, None)",40.9588859,29.1357976,-0.015,0.058544427156448364,-0.001176700578071177,1.5498242378234863,,,1757046542.494479
"(None, None)",40.9588859,29.1357976,-0.015,0.058544427156448364,-0.001176700578071177,1.5498242378234863,,,1757046542.6001012
"(None, None)",40.9588859,29.1357976,-0.015,0.058544427156448364,-0.001176700578071177,1.5498242378234863,,,1757046542.709359
"(None, None)",40.9588859,29.1357976,-0.015,0.058544427156448364,-0.001176700578071177,1.5498242378234863,,,1757046542.8152544
"(None, None)",40.9588859,29.1357976,-0.015,0.058544427156448364,-0.001176700578071177,1.5498242378234863,,,1757046542.9169745
"(None, None)",40.9588859,29.1357976,-0.015,0.058544427156448364,-0.001176700578071177,1.5498242378234863,,,1757046543.0284684
"(None, None)",40.9588859,29.1357976,-0.015,0.058544427156448364,-0.001176700578071177,1.5498242378234863,,,1757046543.1380734
"(None, None)",40.9588859,29.1357976,-0.015,0.058544427156448364,-0.001176700578071177,1.5498242378234863,,,1757046543.2408552
"(None, None)",40.9588859,29.1357976,-0.015,0.058544427156448364,-0.001176700578071177,1.5498242378234863,,,1757046543.3486154
"(None, None)",40.9588859,29.1357976,-0.015,0.058544427156448364,-0.001176700578071177,1.5498242378234863,,,1757046543.464125
"(None, None)",40.9588859,29.1357976,-0.015,0.058544427156448364,-0.001176700578071177,1.5498242378234863,,,1757046543.5705268
"(None, None)",40.9588859,29.1357976,-0.015,0.058544427156448364,-0.001176700578071177,1.5498242378234863,,,1757046543.676175
"(None, None)",40.9588859,29.1357976,-0.015,0.058544427156448364,-0.001176700578071177,1.5498242378234863,,,1757046543.7838848
"(None, None)",40.9588859,29.1357976,-0.015,0.058544427156448364,-0.001176700578071177,1.5498242378234863,,,1757046543.896076
"(None, None)",40.9588859,29.1357976,-0.015,0.058544427156448364,-0.001176700578071177,1.5498242378234863,,,1757046544.0039768
"(None, None)",40.9588859,29.1357976,-0.015,0.058544427156448364,-0.001176700578071177,1.5498242378234863,,,1757046544.2292519
"(None, None)",40.9588859,29.1357976,-0.015,0.058544427156448364,-0.001176700578071177,1.5498242378234863,,,1757046544.3408873
"(None, None)",40.9588859,29.1357976,-0.015,0.058544427156448364,-0.001176700578071177,1.5498242378234863,,,1757046544.4495704
"(None, None)",40.9588859,29.1357976,-0.015,0.058544427156448364,-0.001176700578071177,1.5498242378234863,,,1757046544.5583382
"(None, None)",40.9588859,29.1357976,-0.015,0.058544427156448364,-0.001176700578071177,1.5498242378234863,,,1757046544.6634874
"(None, None)",40.9588859,29.1357976,-0.015,0.058544427156448364,-0.001176700578071177,1.5498242378234863,,,1757046544.772597
"(None, None)",40.9588859,29.1357976,-0.015,0.058544427156448364,-0.001176700578071177,1.5498242378234863,,,1757046544.880761
"(None, None)",40.9588859,29.1357976,-0.015,0.058544427156448364,-0.001176700578071177,1.5498242378234863,,,1757046544.9923542
"(None, None)",40.9588859,29.1357976,-0.015,0.058544427156448364,-0.001176700578071177,1.5498242378234863,,,1757046545.0993721
"(None, None)",40.9588859,29.1357976,-0.015,0.058544427156448364,-0.001176700578071177,1.5498242378234863,,,1757046545.2088766
"(None, None)",40.9588859,29.1357976,-0.015,0.058544427156448364,-0.001176700578071177,1.5498242378234863,,,1757046545.3136172
"(None, None)",40.9588859,29.1357976,-0.015,0.058544427156448364,-0.001176700578071177,1.5498242378234863,,,1757046545.4241836
"(None, None)",40.9588859,29.1357976,-0.015,0.058544427156448364,-0.001176700578071177,1.5498242378234863,,,1757046545.5253184
"(None, None)",40.9588859,29.1357976,-0.015,0.058544427156448364,-0.001176700578071177,1.5498242378234863,,,1757046545.6315467
"(None, None)",40.9588859,29.1357976,-0.015,0.058544427156448364,-0.001176700578071177,1.5498242378234863,,,1757046545.7365973
"(None, None)",40.9588859,29.1357976,-0.015,0.058544427156448364,-0.001176700578071177,1.5498242378234863,,,1757046545.8399494
"(None, None)",40.9588859,29.1357976,-0.015,0.058544427156448364,-0.001176700578071177,1.5498242378234863,,,1757046545.9513125
"(None, None)",40.9588859,29.1357976,-0.015,0.058544427156448364,-0.001176700578071177,1.5498242378234863,,,1757046546.0618253
"(None, None)",40.9588859,29.1357976,-0.015,0.058544427156448364,-0.001176700578071177,1.5498242378234863,,,1757046546.1657565
"(None, None)",40.9588859,29.1357976,-0.015,0.058544427156448364,-0.001176700578071177,1.5498242378234863,,,1757046546.267641
"(None, None)",40.9588859,29.1357976,-0.015,0.058544427156448364,-0.001176700578071177,1.5498242378234863,,,1757046546.5007079
"(None, None)",40.9588859,29.1357976,-0.015,0.058544427156448364,-0.001176700578071177,1.5498242378234863,,,1757046546.6044946
"(None, None)",40.9588859,29.1357976,-0.015,0.058544427156448364,-0.001176700578071177,1.5498242378234863,,,1757046546.7128115
"(None, None)",40.9588859,29.1357976,-0.015,0.058544427156448364,-0.001176700578071177,1.5498242378234863,,,1757046546.8203185
"(None, None)",40.9588859,29.1357976,-0.015,0.058544427156448364,-0.001176700578071177,1.5498242378234863,,,1757046546.9278724
"(None, None)",40.9588859,29.1357976,-0.015,0.058544427156448364,-0.001176700578071177,1.5498242378234863,,,1757046547.0346508
"(None, None)",40.9588859,29.1357976,-0.015,0.058544427156448364,-0.001176700578071177,1.5498242378234863,,,1757046547.1417594
"(None, None)",40.9588859,29.1357976,-0.015,0.058544427156448364,-0.001176700578071177,1.5498242378234863,,,1757046547.2515075
"(None, None)",40.9588859,29.1357976,-0.015,0.058544427156448364,-0.001176700578071177,1.5498242378234863,,,1757046547.3541372
"(None, None)",40.9588859,29.1357976,-0.015,0.058544427156448364,-0.001176700578071177,1.5498242378234863,,,1757046547.4606147
"(None, None)",40.9588859,29.1357976,-0.015,0.058544427156448364,-0.001176700578071177,1.5498242378234863,,,1757046547.5749815
"(None, None)",40.9588859,29.1357976,-0.015,0.058544427156448364,-0.001176700578071177,1.5498242378234863,,,1757046547.6813824
"(None, None)",40.9588859,29.1357976,-0.015,0.058544427156448364,-0.001176700578071177,1.5498242378234863,,,1757046547.7829194
"(None, None)",40.9588859,29.1357976,-0.015,0.058544427156448364,-0.001176700578071177,1.5498242378234863,,,1757046547.8946023
"(None, None)",40.9588859,29.1357976,-0.015,0.058544427156448364,-0.001176700578071177,1.5498242378234863,,,1757046548.0061958
"(None, None)",40.9588859,29.1357976,-0.015,0.058544427156448364,-0.001176700578071177,1.5498242378234863,,,1757046548.1125872
"(None, None)",40.9588859,29.1357976,-0.015,0.058544427156448364,-0.001176700578071177,1.5498242378234863,,,1757046548.2182
"(None, None)",40.9588859,29.1357976,-0.015,0.058544427156448364,-0.001176700578071177,1.5498242378234863,,,1757046548.324469
"(None, None)",40.9588859,29.1357976,-0.015,0.058544427156448364,-0.001176700578071177,1.5498242378234863,,,1757046548.432023
"(None, None)",40.9588859,29.1357976,-0.015,0.058544427156448364,-0.001176700578071177,1.5498242378234863,,,1757046548.543716
"(None, None)",40.9588859,29.1357976,-0.015,0.058544427156448364,-0.001176700578071177,1.5498242378234863,,,1757046548.6514223
"(None, None)",40.9588859,29.1357976,-0.015,0.058544427156448364,-0.001176700578071177,1.5498242378234863,,,1757046548.7599907
"(None, None)",40.9588859,29.1357976,-0.015,0.058544427156448364,-0.001176700578071177,1.5498242378234863,,,1757046548.8711433
"(None, None)",40.9588859,29.1357976,-0.015,0.058544427156448364,-0.001176700578071177,1.5498242378234863,,,1757046548.978258
"(None, None)",40.9588859,29.1357976,-0.015,0.058544427156448364,-0.001176700578071177,1.5498242378234863,,,1757046549.0827255
"(None, None)",40.9588859,29.1357976,-0.015,0.058544427156448364,-0.001176700578071177,1.5498242378234863,,,1757046549.1890419
"(None, None)",40.9588859,29.1357976,-0.015,0.058544427156448364,-0.001176700578071177,1.5498242378234863,,,1757046549.3011315
"(None, None)",40.9588859,29.1357976,-0.015,0.058544427156448364,-0.001176700578071177,1.5498242378234863,,,1757046549.4082894
"(None, None)",40.9588859,29.1357976,-0.015,0.058544427156448364,-0.001176700578071177,1.5498242378234863,,,1757046549.5190713
"(None, None)",40.9588859,29.1357976,-0.015,0.058544427156448364,-0.001176700578071177,1.5498242378234863,,,1757046549.6223693
"(None, None)",40.9588859,29.1357976,-0.015,0.058544427156448364,-0.001176700578071177,1.5498242378234863,,,1757046549.7365885
"(None, None)",40.9588859,29.1357976,-0.015,0.058544427156448364,-0.001176700578071177,1.5498242378234863,,,1757046549.8482883
"(None, None)",40.9588859,29.1357976,-0.015,0.058544427156448364,-0.001176700578071177,1.5498242378234863,,,1757046549.9536977
"(None, None)",40.9588859,29.1357976,-0.015,0.058544427156448364,-0.001176700578071177,1.5498242378234863,,,1757046550.0592556
"(None, None)",40.9588859,29.1357976,-0.015,0.058544427156448364,-0.001176700578071177,1.5498242378234863,,,1757046550.1650736
"(None, None)",40.9588859,29.1357976,-0.015,0.058544427156448364,-0.001176700578071177,1.5498242378234863,,,1757046550.2798805
"(None, None)",40.9588859,29.1357976,-0.015,0.058544427156448364,-0.001176700578071177,1.5498242378234863,,,1757046550.3833938
"(None, None)",40.9588859,29.1357976,-0.015,0.058544427156448364,-0.001176700578071177,1.5498242378234863,,,1757046550.485491
"(None, None)",40.9588859,29.1357976,-0.015,0.058544427156448364,-0.001176700578071177,1.5498242378234863,,,1757046550.5978231
"(320, 241)",40.9588858,29.1357976,4.998,0.0009931824170053005,-0.0004375330754555762,1.575140118598938,40.95888597383352,29.13579762701284,1757046645.1154716
"(None, None)",40.9588858,29.1357976,4.998,0.002902406733483076,-0.0004323821049183607,1.5751601457595825,,,1757046645.8002868
"(None, None)",40.9588858,29.1357976,4.998,0.0012950293021276593,-0.0005121220601722598,1.57522714138031,,,1757046645.939578
"(320, 239)",40.9588858,29.1357976,4.998,0.0012950293021276593,-0.0005121220601722598,1.57522714138031,40.958885523242024,29.13579762882373,1757046646.0434592
"(320, 238)",40.9588858,29.1357976,4.998,-0.003210499882698059,-0.0004891176358796656,1.5751630067825317,40.958885507034815,29.135797627385813,1757046646.154722
"(321, 238)",40.9588858,29.1357976,4.998,-0.003210499882698059,-0.0004891176358796656,1.5751630067825317,40.95888550798966,29.135797338044515,1757046646.2585812
"(320, 239)",40.9588858,29.1357976,4.998,-0.003210499882698059,-0.0004891176358796656,1.5751630067825317,40.958885725537804,29.13579762864927,1757046646.3672059
"(None, None)",40.9588858,29.1357976,4.998,0.0021370011381804943,-0.00029480751254595816,1.5751804113388062,,,1757046646.470094
"(320, 241)",40.9588858,29.1357976,4.998,0.0021370011381804943,-0.00029480751254595816,1.5751804113388062,40.958885922505765,29.13579761823858,1757046646.5817523
"(320, 241)",40.9588858,29.1357976,4.998,0.0018179666949436069,-0.000296845129923895,1.5751644372940063,40.95888593682951,29.135797618439984,1757046646.685934
"(None, None)",40.9588858,29.1357976,4.998,0.0018179666949436069,-0.000296845129923895,1.5751644372940063,,,1757046646.7959259
"(320, 239)",40.9588858,29.1357976,4.998,0.0018179666949436069,-0.000296845129923895,1.5751644372940063,40.95888549980615,29.13579761591214,1757046646.897946
"(320, 238)",40.9588858,29.1357976,4.998,-0.0033073110971599817,-0.00026805372908711433,1.5751500129699707,40.95888551142507,29.135797614273102,1757046647.0035248
"(320, 238)",40.9588858,29.1357976,4.998,-0.0033073110971599817,-0.00026805372908711433,1.5751500129699707,40.95888551142507,29.135797614273102,1757046647.1113348
"(320, 239)",40.9588858,29.1357976,4.998,0.0007206636946648359,-0.0004041957145091146,1.5751442909240723,40.95888554905331,29.135797622586075,1757046647.2198412
"(None, None)",40.9588858,29.1357976,4.998,0.0007206636946648359,-0.0004041957145091146,1.5751442909240723,,,1757046647.3230703
"(320, 241)",40.9588858,29.1357976,4.998,0.0007206636946648359,-0.0004041957145091146,1.5751442909240723,40.95888598607551,29.135797625102256,1757046647.4299936
"(320, 241)",40.9588858,29.1357976,4.998,0.0028637247160077095,-0.000497056171298027,1.5751609802246094,40.95888588983824,29.135797630071046,1757046647.5348954
"(None, None)",40.9588858,29.1357976,4.998,0.0028637247160077095,-0.000497056171298027,1.5751609802246094,,,1757046647.6408544
"(320, 239)",40.9588858,29.1357976,4.998,-0.0028302117716521025,-0.00037663098191842437,1.5751664638519287,40.95888570848581,29.13579762186251,1757046647.7489936
"(320, 239)",40.9588858,29.1357976,4.998,-0.0028302117716521025,-0.00037663098191842437,1.5751664638519287,40.95888570848581,29.13579762186251,1757046647.8560863
"(320, 239)",40.9588858,29.1357976,4.998,-0.0028302117716521025,-0.00037663098191842437,1.5751664638519287,40.95888570848581,29.13579762186251,1757046647.9612238
"(None, None)",40.9588858,29.1357976,4.998,-0.0003579144540708512,-0.00024164390924852341,1.575152039527893,,,1757046648.0695143
"(321, 241)",40.9588858,29.1357976,4.998,-0.0003579144540708512,-0.00024164390924852341,1.575152039527893,40.95888603548504,29.135797326369673,1757046648.1713393
"(321, 241)",40.9588858,29.1357976,4.998,0.0031750635243952274,-0.00028442454640753567,1.5752016305923462,40.958885876863526,29.135797328006817,1757046648.285149
"(321, 241)",40.9588858,29.1357976,4.998,0.0031750635243952274,-0.00028442454640753567,1.5752016305923462,40.958885876863526,29.135797328006817,1757046648.3874784
"(None, None)",40.9588858,29.1357976,4.998,0.0031750635243952274,-0.00028442454640753567,1.5752016305923462,,,1757046648.4974024
"(321, 239)",40.9588858,29.1357976,4.998,-0.0023991891648620367,-0.00027270906139165163,1.5751382112503052,40.95888569010354,29.13579732622965,1757046648.6000483
"(321, 239)",40.9588858,29.1357976,4.998,-0.0023991891648620367,-0.00027270906139165163,1.5751382112503052,40.95888569010354,29.13579732622965,1757046648.7063682
"(321, 239)",40.9588858,29.1357976,4.998,-0.0002932308707386255,-0.00033860444091260433,1.575121283531189,40.95888559553423,29.135797329606184,1757046648.8133678
"(None, None)",40.9588858,29.1357976,4.998,-0.0002932308707386255,-0.00033860444091260433,1.575121283531189,,,1757046648.917262
"(320, 241)",40.9588858,29.1357976,4.998,-0.0002932308707386255,-0.00033860444091260433,1.575121283531189,40.95888603161088,29.135797621457726,1757046649.02329
"(321, 241)",40.9588858,29.1357976,4.998,0.003096763277426362,-0.00021902938897255808,1.5752118825912476,40.9588858803941,29.135797324140388,1757046649.135183
"(320, 241)",40.9588858,29.1357976,4.998,0.003096763277426362,-0.00021902938897255808,1.5752118825912476,40.95888587942934,29.13579761348653,1757046649.2427983
"(321, 239)",40.9588858,29.1357976,4.998,-0.0023486220743507147,-0.0002955030358862132,1.5752416849136353,40.958885687850064,29.135797327556382,1757046649.4559507
"(321, 239)",40.9588858,29.1357976,4.998,-0.0023486220743507147,-0.0002955030358862132,1.5752416849136353,40.958885687850064,29.135797327556382,1757046649.55601
"(321, 239)",40.9588858,29.1357976,4.999,-0.0011363824596628547,-0.0001994342019315809,1.5751733779907227,40.95888563339466,29.135797321482595,1757046649.6610985
"(321, 240)",40.9588858,29.1357976,4.999,-0.0011363824596628547,-0.0001994342019315809,1.5751733779907227,40.95888585194819,29.13579732274775,1757046649.7693136
"(322, 242)",40.9588858,29.1357976,4.999,0.0036142782773822546,-5.6003987992880866e-05,1.5751463174819946,40.95888607668522,29.135797026115252,1757046649.880291
"(322, 242)",40.9588858,29.1357976,4.999,0.0036142782773822546,-5.6003987992880866e-05,1.5751463174819946,40.95888607668522,29.135797026115252,1757046649.9868631
"(321, 241)",40.9588858,29.1357976,4.999,0.0036142782773822546,-5.6003987992880866e-05,1.5751463174819946,40.95888585718867,29.135797314250144,1757046650.097241
"(None, None)",40.9588858,29.1357976,4.998,-0.0011813710443675518,6.034377292962745e-05,1.575190782546997,,,1757046650.2034266
"(321, 239)",40.9588858,29.1357976,4.998,-0.0011813710443675518,6.034377292962745e-05,1.575190782546997,40.95888563550259,29.135797306101463,1757046650.3076806
"(321, 239)",40.9588858,29.1357976,4.998,-0.0018176236189901829,0.00025298152468167245,1.575132131576538,40.958885664093344,29.135797294825778,1757046650.4170697
"(None, None)",40.9588858,29.1357976,4.998,-0.0018176236189901829,0.00025298152468167245,1.575132131576538,,,1757046650.525037
"(321, 241)",40.9588858,29.1357976,4.998,-0.0018176236189901829,0.00025298152468167245,1.575132131576538,40.958886101117315,29.135797297329812,1757046650.6328592
"(322, 242)",40.9588858,29.1357976,4.998,0.003327423706650734,7.237766840262339e-05,1.5751348733901978,40.9588860895298,29.135797018665475,1757046650.735692
"(322, 242)",40.9588858,29.1357976,4.998,0.003327423706650734,7.237766840262339e-05,1.5751348733901978,40.9588860895298,29.135797018665475,1757046650.845453
"(321, 241)",40.9588858,29.1357976,4.998,-0.0008360783103853464,4.000093395006843e-05,1.5751579999923706,40.95888605701069,29.135797309749897,1757046650.9492686
"(None, None)",40.9588858,29.1357976,4.998,-0.0008360783103853464,4.000093395006843e-05,1.5751579999923706,,,1757046651.056657
"(321, 239)",40.9588858,29.1357976,4.998,-0.0008360783103853464,4.000093395006843e-05,1.5751579999923706,40.95888561998838,29.135797307228138,1757046651.1601884
"(321, 239)",40.9588858,29.1357976,4.998,-0.003293622750788927,-0.00012656977924052626,1.5751785039901733,40.958885730298405,29.1357973177688,1757046651.26501
"(None, None)",40.9588858,29.1357976,4.998,-0.003293622750788927,-0.00012656977924052626,1.5751785039901733,,,1757046651.3716683
"(321, 241)",40.9588858,29.1357976,4.998,0.002358846366405487,-0.00013461285561788827,1.5751707553863525,40.958885913532804,29.13579731930858,1757046651.474223
"(322, 242)",40.9588858,29.1357976,4.998,0.002358846366405487,-0.00013461285561788827,1.5751707553863525,40.958886132992916,29.135797031234546,1757046651.5869038
"(321, 242)",40.9588858,29.1357976,4.998,-0.00023477118520531803,-0.00010890314297284931,1.575202465057373,40.95888624850447,29.13579731973597,1757046651.6955192
"(321, 241)",40.9588858,29.1357976,4.998,-0.00023477118520531803,-0.00010890314297284931,1.575202465057373,40.95888602999291,29.13579731846138,1757046651.7996848
"(322, 239)",40.9588858,29.1357976,4.998,-0.00023477118520531803,-0.00010890314297284931,1.575202465057373,40.95888559393419,29.135797026563555,1757046651.9061944
"(321, 239)",40.9588858,29.1357976,4.998,-0.00379784032702446,-0.00016882714407984167,1.5752900838851929,40.95888575295173,29.135797320405768,1757046652.0171237
"(322, 239)",40.9588858,29.1357976,4.998,-0.00379784032702446,-0.00016882714407984167,1.5752900838851929,40.95888575393369,29.135797031060427,1757046652.1239667
"(None, None)",40.9588858,29.1357976,4.998,-0.00379784032702446,-0.00016882714407984167,1.5752900838851929,,,1757046652.228618
"(321, 241)",40.9588858,29.1357976,4.998,0.001839122618548572,-0.00021164646022953093,1.5752322673797607,40.95888593686484,29.13579732403442,1757046652.334764
"(322, 242)",40.9588858,29.1357976,4.998,0.001839122618548572,-0.00021164646022953093,1.5752322673797607,40.95888615633929,29.135797035976708,1757046652.4453356
"(322, 242)",40.9588858,29.1357976,4.998,0.0010077949846163392,-0.000182178700924851,1.5752061605453491,40.95888619366105,29.135797034426272,1757046652.5532756
"(321, 241)",40.9588858,29.1357976,4.998,0.0010077949846163392,-0.000182178700924851,1.5752061605453491,40.95888597419008,29.13579732249485,1757046652.6670368
"(322, 240)",40.9588858,29.1357976,4.998,-0.0035292920656502247,-0.00020096148364245892,1.575209379196167,40.95888596034505,29.13579703417232,1757046652.8669283
"(None, None)",40.9588858,29.1357976,4.998,-0.0035292920656502247,-0.00020096148364245892,1.575209379196167,,,1757046652.9728782
"(321, 241)",40.9588858,29.1357976,4.998,0.0011296962620690465,-0.00014552912034559995,1.5752145051956177,40.95888596872601,29.135797320285928,1757046653.0834768
"(322, 242)",40.9588858,29.1357976,4.998,0.0011296962620690465,-0.00014552912034559995,1.5752145051956177,40.95888618819857,29.1357970322201,1757046653.1932573
"(322, 242)",40.9588858,29.1357976,4.998,0.0011296962620690465,-0.00014552912034559995,1.5752145051956177,40.95888618819857,29.1357970322201,1757046653.2958221
"(322, 242)",40.9588858,29.1357976,4.998,0.0019557587802410126,-0.0001424850634066388,1.575256586074829,40.95888615112676,29.135797031845588,1757046653.4007788
"(321, 241)",40.9588858,29.1357976,4.998,0.0019557587802410126,-0.0001424850634066388,1.575256586074829,40.9588859316471,29.13579731989609,1757046653.514428
"(322, 240)",40.9588858,29.1357976,4.999,-0.0037505945656448603,-0.0002008649753406644,1.575186014175415,40.95888597030517,29.13579703410571,1757046653.6211317
"(None, None)",40.9588858,29.1357976,4.999,-0.0037505945656448603,-0.0002008649753406644,1.575186014175415,,,1757046653.7267032
"(None, None)",40.9588858,29.1357976,4.999,-0.0037505945656448603,-0.0002008649753406644,1.575186014175415,,,1757046653.8308017
"(321, 241)",40.9588858,29.1357976,4.999,-0.00017424111138097942,-0.00033243888174183667,1.5751956701278687,40.95888602727483,29.13579733167994,1757046653.9312663
"(322, 242)",40.9588858,29.1357976,4.999,-0.00017424111138097942,-0.00033243888174183667,1.5751956701278687,40.95888624679047,29.135797043546454,1757046654.0453928
"(322, 242)",40.9588858,29.1357976,4.999,0.0022014700807631016,-0.00021053232194390148,1.5752050876617432,40.95888614012659,29.13579703569139,1757046654.1474001
"(322, 242)",40.9588858,29.1357976,4.999,0.0022014700807631016,-0.00021053232194390148,1.5752050876617432,40.95888614012659,29.13579703569139,1757046654.2563026
"(321, 241)",40.9588858,29.1357976,4.999,-0.0033090326469391584,-0.00021399042452685535,1.5751603841781616,40.95888616806921,29.135797325433245,1757046654.3636034
"(None, None)",40.9588858,29.1357976,4.999,-0.0033090326469391584,-0.00021399042452685535,1.5751603841781616,,,1757046654.469464
"(None, None)",40.9588858,29.1357976,4.999,-0.0033090326469391584,-0.00021399042452685535,1.5751603841781616,,,1757046654.5756223
"(321, 241)",40.9588858,29.1357976,5.0,-0.0017590195639058948,-0.00031868863152340055,1.575169324874878,40.95888609850087,29.13579733121003,1757046654.6829846
"(321, 242)",40.9588858,29.1357976,5.0,-0.0017590195639058948,-0.00031868863152340055,1.575169324874878,40.95888631710522,29.135797332473423,1757046654.7849064
"(322, 242)",40.9588858,29.1357976,5.0,-0.0017590195639058948,-0.00031868863152340055,1.575169324874878,40.95888631806037,29.13579704300408,1757046654.8946033
"(322, 242)",40.9588858,29.1357976,5.0,0.0028655207715928555,-0.000365835236152634,1.5752146244049072,40.95888611033987,29.135797044648722,1757046655.006229
"(322, 242)",40.9588858,29.1357976,5.0,0.0028655207715928555,-0.000365835236152634,1.5752146244049072,40.95888611033987,29.135797044648722,1757046655.115083
"(321, 241)",40.9588858,29.1357976,5.0,-0.002408382948487997,-0.0003249509900342673,1.5751745700836182,40.958886127668436,29.135797331752368,1757046655.2192216
"(321, 241)",40.9588858,29.1357976,5.0,-0.002408382948487997,-0.0003249509900342673,1.5751745700836182,40.958886127668436,29.135797331752368,1757046655.3342195
"(None, None)",40.9588858,29.1357976,5.0,-0.002408382948487997,-0.0003249509900342673,1.5751745700836182,,,1757046655.4393392
"(321, 241)",40.9588858,29.1357976,5.001,-0.0019108956912532449,-0.0002697399177122861,1.575105905532837,40.958886105380465,29.135797328257908,1757046655.5455878
"(322, 242)",40.9588858,29.1357976,5.001,-0.0019108956912532449,-0.0002697399177122861,1.575105905532837,40.95888632497085,29.13579703997496,1757046655.6516101
"(322, 242)",40.9588858,29.1357976,5.001,0.00355641171336174,-0.00017945276340469718,1.5751920938491821,40.958886079390766,29.13579703326178,1757046655.7565854
"(322, 242)",40.9588858,29.1357976,5.001,0.00355641171336174,-0.00017945276340469718,1.5751920938491821,40.958886079390766,29.13579703326178,1757046655.8679855
"(322, 242)",40.9588858,29.1357976,5.001,0.00355641171336174,-0.00017945276340469718,1.5751920938491821,40.958886079390766,29.13579703326178,1757046655.9718878
"(322, 242)",40.9588858,29.1357976,5.001,-0.0006298735388554633,-0.00014159039710648358,1.575208306312561,40.95888626748423,29.13579703209398,1757046656.082269
"(321, 241)",40.9588858,29.1357976,5.001,-0.0006298735388554633,-0.00014159039710648358,1.575208306312561,40.95888604787588,29.135797320341812,1757046656.1872628
"(321, 241)",40.9588858,29.1357976,5.001,-0.002374397125095129,-0.00010616902000037953,1.5752207040786743,40.95888612626027,29.135797318694642,1757046656.2964592
"(321, 241)",40.9588858,29.1357976,5.001,-0.002374397125095129,-0.00010616902000037953,1.5752207040786743,40.95888612626027,29.135797318694642,1757046656.400616
"(322, 242)",40.9588858,29.1357976,5.001,-0.002374397125095129,-0.00010616902000037953,1.5752207040786743,40.958886345878135,29.13579703044217,1757046656.5088801
"(322, 242)",40.9588858,29.1357976,5.001,0.003770803101360798,-0.00023560428235214204,1.5751134157180786,40.958886069714325,29.135797036519023,1757046656.6436398
"(322, 242)",40.9588858,29.1357976,5.001,0.003770803101360798,-0.00023560428235214204,1.5751134157180786,40.958886069714325,29.135797036519023,1757046656.7547736
"(322, 242)",40.9588858,29.1357976,5.001,0.0006999871111474931,-9.800346742849797e-05,1.5750303268432617,40.95888620766767,29.13579702906314,1757046656.8563287
"(321, 241)",40.9588858,29.1357976,5.001,0.0006999871111474931,-9.800346742849797e-05,1.5750303268432617,40.95888598810213,29.135797317357323,1757046656.9639373
"(None, None)",40.9588858,29.1357976,5.001,0.0006999871111474931,-9.800346742849797e-05,1.5750303268432617,,,1757046657.0696812
"(321, 241)",40.9588858,29.1357976,5.001,-0.0018297861097380519,-0.0001731904922053218,1.5750178098678589,40.95888610173687,29.135797322458394,1757046657.17502
"(321, 241)",40.9588858,29.1357976,5.001,-0.0018297861097380519,-0.0001731904922053218,1.5750178098678589,40.95888610173687,29.135797322458394,1757046657.2861187
"(322, 242)",40.9588858,29.1357976,5.001,0.004338349215686321,-0.00019995110051240772,1.575153112411499,40.958886044240884,29.13579703426683,1757046657.3920307
"(322, 242)",40.9588858,29.1357976,5.001,0.004338349215686321,-0.00019995110051240772,1.575153112411499,40.958886044240884,29.13579703426683,1757046657.498906
"(322, 242)",40.9588858,29.1357976,5.001,0.004338349215686321,-0.00019995110051240772,1.575153112411499,40.958886044240884,29.13579703426683,1757046657.603477
"(321, 241)",40.9588859,29.1357976,5.001,0.0024158398155122995,-0.00047607399756088853,1.5751022100448608,40.95888601095978,29.135797339428567,1757046657.712187
"(None, None)",40.9588859,29.1357976,5.001,0.0024158398155122995,-0.00047607399756088853,1.5751022100448608,,,1757046657.8198369
"(None, None)",40.9588859,29.1357976,5.001,-0.0021617866586893797,-0.0006247783894650638,1.5751001834869385,,,1757046657.9319296
"(321, 239)",40.9588859,29.1357976,5.001,-0.0021617866586893797,-0.0006247783894650638,1.5751001834869385,40.95888577929662,29.13579734695429,1757046658.0333943
"(None, None)",40.9588859,29.1357976,5.001,-0.0021617866586893797,-0.0006247783894650638,1.5751001834869385,,,1757046658.1343894
"(320, 241)",40.9588859,29.1357976,5.001,0.003739844774827361,-0.0006663962849415839,1.57509446144104,40.958885950501774,29.13579763993091,1757046658.2427359
"(321, 241)",40.9588859,29.1357976,5.001,0.003739844774827361,-0.0006663962849415839,1.57509446144104,40.95888595144135,29.135797350411725,1757046658.3501909
"(321, 241)",40.9588859,29.1357976,5.001,0.0029976172372698784,-0.0006011316436342895,1.575154185295105,40.958885984809456,29.135797346725344,1757046658.4576414
"(None, None)",40.9588859,29.1357976,5.001,0.0029976172372698784,-0.0006011316436342895,1.575154185295105,,,1757046658.5613234
"(321, 239)",40.9588859,29.1357976,5.001,0.0029976172372698784,-0.0006011316436342895,1.575154185295105,40.95888554752252,29.135797344193463,1757046658.6689112
"(321, 238)",40.9588859,29.1357976,5.001,-0.0018845766317099333,-0.0005248968955129385,1.575075387954712,40.958885548221055,29.13579733970937,1757046658.7780542
"(321, 238)",40.9588859,29.1357976,5.001,-0.0018845766317099333,-0.0005248968955129385,1.575075387954712,40.958885548221055,29.13579733970937,1757046658.8842995
"(321, 239)",40.958886,29.1357976,5.001,0.0026171421632170677,-0.00039490096969529986,1.5750770568847656,40.958885664640526,29.13579733205867,1757046658.9915192
"(None, None)",40.958886,29.1357976,5.001,0.0026171421632170677,-0.00039490096969529986,1.5750770568847656,,,1757046659.0972004
"(None, None)",40.958886,29.1357976,5.001,0.0026171421632170677,-0.00039490096969529986,1.5750770568847656,,,1757046659.2026496
"(None, None)",40.958886,29.1357976,5.001,0.0034863159526139498,-0.0003564257058314979,1.575080394744873,,,1757046659.3088202
"(320, 240)",40.958886,29.1357976,5.001,0.0034863159526139498,-0.0003564257058314979,1.575080394744873,40.958885843310334,29.135797620314634,1757046659.4122188
"(320, 238)",40.958886,29.1357976,5.001,-0.002231079153716564,-0.0002787807898130268,1.5749773979187012,40.958885662900336,29.135797614718104,1757046659.5210786
"(320, 238)",40.958886,29.1357976,5.001,-0.002231079153716564,-0.0002787807898130268,1.5749773979187012,40.958885662900336,29.135797614718104,1757046659.6305141
"(320, 238)",40.958886,29.1357976,5.001,-0.002231079153716564,-0.0002787807898130268,1.5749773979187012,40.958885662900336,29.135797614718104,1757046659.738868
"(320, 239)",40.958886,29.1357976,5.002,0.0012564894277602434,-0.0001816192816477269,1.5750000476837158,40.95888572481974,29.13579760927476,1757046659.8447754
"(320, 240)",40.958886,29.1357976,5.002,0.0012564894277602434,-0.0001816192816477269,1.5750000476837158,40.958885943507404,29.135797610492098,1757046659.9513254
"(320, 240)",40.958886,29.1357976,5.002,0.003709702752530575,-0.0002686971565708518,1.5749887228012085,40.958885833259295,29.135797615062135,1757046660.06186
"(320, 239)",40.958886,29.1357976,5.002,0.003709702752530575,-0.0002686971565708518,1.5749887228012085,40.958885614566334,29.135797613848048,1757046660.1724255
"(320, 238)",40.958886,29.1357976,5.001,-0.002159315859898925,-0.00023126578889787197,1.5750638246536255,40.958885659684384,29.13579761183472,1757046660.311014
"(320, 238)",40.958886,29.1357976,5.001,-0.002159315859898925,-0.00023126578889787197,1.5750638246536255,40.958885659684384,29.13579761183472,1757046660.4153838
"(320, 238)",40.958886,29.1357976,5.001,-0.002159315859898925,-0.00023126578889787197,1.5750638246536255,40.958885659684384,29.13579761183472,1757046660.5247982
"(320, 238)",40.958886,29.1357976,5.002,-0.0006395106320269406,-0.00013379385927692056,1.575034737586975,40.958885591340504,29.135797605667303,1757046660.634202
"(321, 239)",40.958886,29.1357976,5.002,-0.0006395106320269406,-0.00013379385927692056,1.575034737586975,40.95888581095151,29.135797317314484,1757046660.748197
"(321, 239)",40.958886,29.1357976,5.002,-0.0006395106320269406,-0.00013379385927692056,1.575034737586975,40.95888581095151,29.135797317314484,1757046660.8496246
"(320, 239)",40.958886,29.1357976,5.002,0.0039038776885718107,-0.00010564376862021163,1.5750305652618408,40.95888560587135,29.135797604076068,1757046660.9573436
"(321, 239)",40.958886,29.1357976,5.002,0.0039038776885718107,-0.00010564376862021163,1.5750305652618408,40.95888560679755,29.135797314487295,1757046661.0670881
"(321, 238)",40.958886,29.1357976,5.002,-0.0016004035715013742,-5.946271994616836e-05,1.5750797986984253,40.95888563547077,29.135797311888197,1757046661.1757033
"(320, 238)",40.958886,29.1357976,5.002,-0.0016004035715013742,-5.946271994616836e-05,1.5750797986984253,40.958885634533935,29.135797601465125,1757046661.2897732
"(321, 238)",40.958886,29.1357976,5.002,-0.0016004035715013742,-5.946271994616836e-05,1.5750797986984253,40.95888563547077,29.135797311888197,1757046661.3978486
"(321, 238)",40.958886,29.1357976,5.001,-0.0011790345888584852,-5.632322790916078e-05,1.5751041173934937,40.95888561661851,29.135797311638285,1757046661.5027323
"(321, 239)",40.958886,29.1357976,5.001,-0.0011790345888584852,-5.632322790916078e-05,1.5751041173934937,40.958885835257156,29.135797312883817,1757046661.728435
"(321, 239)",40.958886,29.1357976,5.001,0.0035031100269407034,-0.00013186865544412285,1.574965238571167,40.95888562486275,29.135797316238886,1757046661.8376245
"(321, 239)",40.958886,29.1357976,5.001,0.0035031100269407034,-0.00013186865544412285,1.574965238571167,40.95888562486275,29.135797316238886,1757046661.9460864
"(321, 238)",40.958886,29.1357976,5.002,-0.000962294521741569,-0.0001715593389235437,1.5751475095748901,40.95888560678941,29.135797318358648,1757046662.05752
"(321, 238)",40.958886,29.1357976,5.002,-0.000962294521741569,-0.0001715593389235437,1.5751475095748901,40.95888560678941,29.135797318358648,1757046662.164467
"(321, 238)",40.958886,29.1357976,5.002,-0.002349426969885826,0.00021871333592571318,1.575080156326294,40.95888566918205,29.135797295528718,1757046662.2724273
"(321, 238)",40.958886,29.1357976,5.002,-0.002349426969885826,0.00021871333592571318,1.575080156326294,40.95888566918205,29.135797295528718,1757046662.380822
"(321, 239)",40.958886,29.1357976,5.001,0.0034055490978062153,0.00030083689489401877,1.5751696825027466,40.95888562937395,29.135797290421436,1757046662.586085
"(321, 240)",40.958886,29.1357976,5.001,0.0034055490978062153,0.00030083689489401877,1.5751696825027466,40.958885848022526,29.13579729169247,1757046662.6913939
"(321, 239)",40.9588859,29.1357976,5.001,-0.0007214784272946417,0.00026814191369339824,1.5750312805175781,40.958885714747076,29.135797293481573,1757046662.7936778
"(321, 238)",40.9588859,29.1357976,5.001,-0.0007214784272946417,0.00026814191369339824,1.5750312805175781,40.95888549610674,29.135797292256477,1757046662.9010599
"(321, 238)",40.9588859,29.1357976,5.001,-0.0007214784272946417,0.00026814191369339824,1.5750312805175781,40.95888549610674,29.135797292256477,1757046663.0094678
"(321, 238)",40.9588859,29.1357976,5.001,-0.003065765369683504,0.00018660008208826184,1.575164556503296,40.958885601443974,29.135797297650647,1757046663.1184428
"(321, 238)",40.9588859,29.1357976,5.001,-0.003065765369683504,0.00018660008208826184,1.575164556503296,40.958885601443974,29.135797297650647,1757046663.222143
"(321, 239)",40.9588859,29.1357976,5.001,0.0028018092270940542,0.0001518372882856056,1.5752018690109253,40.9588855564766,29.13579729942922,1757046663.3271248
"(322, 240)",40.9588859,29.1357976,5.001,0.0028018092270940542,0.0001518372882856056,1.5752018690109253,40.95888577608668,29.135797011183826,1757046663.4329653
"(322, 241)",40.9588859,29.1357976,5.001,0.0028018092270940542,0.0001518372882856056,1.5752018690109253,40.95888599472779,29.13579701246723,1757046663.5388396
"(321, 239)",40.9588859,29.1357976,5.001,0.0002220403403043747,0.00013875108561478555,1.5751510858535767,40.958885672361745,29.13579730090392,1757046663.6459064
"(321, 238)",40.9588859,29.1357976,5.001,0.0002220403403043747,0.00013875108561478555,1.5751510858535767,40.95888545371876,29.135797299642793,1757046663.7490692
"(321, 238)",40.9588859,29.1357976,5.001,-0.0036727951373904943,-1.0638152161845937e-05,1.57510507106781,40.958885628664014,29.13579730956453,1757046663.8595846
"(321, 238)",40.9588859,29.1357976,5.001,-0.0036727951373904943,-1.0638152161845937e-05,1.57510507106781,40.958885628664014,29.13579730956453,1757046663.9691641
"(321, 239)",40.9588859,29.1357976,5.001,0.0018540590535849333,-0.00017540052067488432,1.5751229524612427,40.95888559897483,29.1357973191783,1757046664.0786076
"(322, 241)",40.9588859,29.1357976,5.001,0.0018540590535849333,-0.00017540052067488432,1.5751229524612427,40.95888603720611,29.13579703216851,1757046664.193576
"(322, 241)",40.9588859,29.1357976,5.001,0.0018540590535849333,-0.00017540052067488432,1.5751229524612427,40.95888603720611,29.13579703216851,1757046664.3016407
"(None, None)",40.9588859,29.1357976,5.001,0.0008400227525271475,-0.00011295831791358069,1.575208306312561,,,1757046664.409416
"(322, 240)",40.9588859,29.1357976,5.001,0.0008400227525271475,-0.00011295831791358069,1.575208306312561,40.9588858641695,29.13579702745345,1757046664.5139968
"(321, 239)",40.9588859,29.1357976,5.001,0.0008400227525271475,-0.00011295831791358069,1.575208306312561,40.95888564456184,29.135797315697605,1757046664.6194112
"(321, 239)",40.9588859,29.1357976,5.0,-0.003987066447734833,-6.0476824728539214e-05,1.5751572847366333,40.95888586142521,29.135797313906878,1757046664.7341862
"(321, 239)",40.9588859,29.1357976,5.0,-0.003987066447734833,-6.0476824728539214e-05,1.5751572847366333,40.95888586142521,29.135797313906878,1757046664.8416872
"(322, 240)",40.9588859,29.1357976,5.0,0.0011930291075259447,-0.0001302145974477753,1.5751941204071045,40.95888584831174,29.135797028502502,1757046664.9553118
"(321, 240)",40.9588859,29.1357976,5.0,0.0011930291075259447,-0.0001302145974477753,1.5751941204071045,40.958885847350345,29.13579731796738,1757046665.0612109
"(321, 241)",40.9588859,29.1357976,5.0,0.0011930291075259447,-0.0001302145974477753,1.5751941204071045,40.9588860659476,29.135797319242073,1757046665.1691856
"(321, 241)",40.9588859,29.1357976,4.999,0.0011438702931627631,-0.00012944992340635508,1.5751724243164062,40.95888606811754,29.135797319260725,1757046665.2865615
"(322, 241)",40.9588859,29.1357976,4.999,0.0011438702931627631,-0.00012944992340635508,1.5751724243164062,40.95888606907385,29.135797029855333,1757046665.3937466
"(321, 239)",40.9588859,29.1357976,4.999,-0.003556580515578389,-0.00012077236169716343,1.5751820802688599,40.95888584209486,29.135797317435944,1757046665.5081713
"(321, 239)",40.9588859,29.1357976,4.999,-0.003556580515578389,-0.00012077236169716343,1.5751820802688599,40.95888584209486,29.135797317435944,1757046665.6102324
"(322, 240)",40.9588859,29.1357976,4.999,-0.003556580515578389,-0.00012077236169716343,1.5751820802688599,40.95888606160682,29.13579702929154,1757046665.7170265
"(321, 241)",40.9588859,29.1357976,4.999,0.000477093446534127,-5.17299267812632e-05,1.5751562118530273,40.95888609807239,29.135797314807522,1757046665.823051
"(321, 242)",40.9588859,29.1357976,4.999,0.000477093446534127,-5.17299267812632e-05,1.5751562118530273,40.95888631662554,29.135797316069976,1757046665.9325507
"(322, 242)",40.9588859,29.1357976,4.999,0.0028110311832278967,-0.0001248986809514463,1.5751467943191528,40.95888621274418,29.135797030417365,1757046666.045699
"(321, 242)",40.9588859,29.1357976,4.999,0.0028110311832278967,-0.0001248986809514463,1.5751467943191528,40.958886211793576,29.135797319817453,1757046666.1526477
"(321, 241)",40.9588859,29.1357976,4.999,0.0028110311832278967,-0.0001248986809514463,1.5751467943191528,40.95888599324628,29.135797318554474,1757046666.262929
"(322, 240)",40.9588859,29.1357976,5.0,-0.0028583924286067486,-0.00017199978174176067,1.5752018690109253,40.95888603027784,29.135797032047055,1757046666.3675811
"(322, 240)",40.9588859,29.1357976,5.0,-0.0028583924286067486,-0.00017199978174176067,1.5752018690109253,40.95888603027784,29.135797032047055,1757046666.4749978
"(322, 240)",40.9588859,29.1357976,5.0,-0.000350812915712595,-9.266784763894975e-05,1.575107216835022,40.95888591762365,29.135797026671312,1757046666.5972083
"(321, 241)",40.9588859,29.1357976,5.0,-0.000350812915712595,-9.266784763894975e-05,1.575107216835022,40.95888613528004,29.13579731738364,1757046666.7043874
"(322, 242)",40.9588859,29.1357976,5.0,-0.000350812915712595,-9.266784763894975e-05,1.575107216835022,40.95888635482169,29.135797029165065,1757046666.8105679
"(322, 242)",40.9588859,29.1357976,5.0,0.003481217660009861,-2.0986650270060636e-05,1.5751816034317017,40.95888618273954,29.135797023964713,1757046666.9224026
"(321, 242)",40.9588859,29.1357976,5.0,0.003481217660009861,-2.0986650270060636e-05,1.5751816034317017,40.958886181780976,29.135797313421808,1757046667.037633
"(322, 240)",40.9588859,29.1357976,5.001,-0.0020670697558671236,-0.00015684438403695822,1.5751430988311768,40.95888599473186,29.135797030818182,1757046667.1501899
"(322, 240)",40.9588859,29.1357976,5.001,-0.0020670697558671236,-0.00015684438403695822,1.5751430988311768,40.95888599473186,29.135797030818182,1757046667.281634
"(322, 240)",40.9588859,29.1357976,5.001,-0.0020670697558671236,-0.00015684438403695822,1.5751430988311768,40.95888599473186,29.135797030818182,1757046667.3908317
"(None, None)",40.9588859,29.1357976,5.001,-0.0014896700158715248,-0.000117067014798522,1.5750700235366821,,,1757046667.4941988
"(321, 241)",40.9588859,29.1357976,5.001,-0.0014896700158715248,-0.000117067014798522,1.5750700235366821,40.95888618647854,29.135797319054664,1757046667.5993955
"(322, 242)",40.9588859,29.1357976,5.001,0.0035702965687960386,-9.820042760111392e-05,1.575152039527893,40.958886178765944,29.135797028409414,1757046667.704775
"(322, 242)",40.9588859,29.1357976,5.001,0.0035702965687960386,-9.820042760111392e-05,1.575152039527893,40.958886178765944,29.135797028409414,1757046667.8108895
"(321, 242)",40.9588859,29.1357976,5.001,0.0035702965687960386,-9.820042760111392e-05,1.575152039527893,40.95888617781376,29.135797317923952,1757046667.9194806
"(322, 240)",40.9588859,29.1357976,5.001,-0.0008663024054840207,-9.309984307037666e-05,1.5751745700836182,40.958885940814255,29.135797026718002,1757046668.02139
"(322, 240)",40.9588859,29.1357976,5.001,-0.0008663024054840207,-9.309984307037666e-05,1.5751745700836182,40.958885940814255,29.135797026718002,1757046668.1258063
"(322, 240)",40.9588859,29.1357976,5.001,-0.002403746824711561,-2.1099682271596976e-05,1.5751200914382935,40.958886009873524,29.135797022825496,1757046668.2345839
"(321, 241)",40.9588859,29.1357976,5.001,-0.002403746824711561,-2.1099682271596976e-05,1.5751200914382935,40.95888622757413,29.135797313597923,1757046668.4575512
"(322, 242)",40.9588859,29.1357976,5.001,0.0032414186280220747,-0.0001675990060903132,1.5750763416290283,40.95888619349493,29.135797032592784,1757046668.5644648
"(322, 242)",40.9588859,29.1357976,5.001,0.0032414186280220747,-0.0001675990060903132,1.5750763416290283,40.95888619349493,29.135797032592784,1757046668.6792362
"(321, 241)",40.9588859,29.1357976,5.001,0.0003434287791606039,0.00022632034961134195,1.5751240253448486,40.95888610420395,29.135797298178097,1757046668.785762
"(322, 240)",40.9588859,29.1357976,5.001,0.0003434287791606039,0.00022632034961134195,1.5751240253448486,40.95888588650811,29.135797007400445,1757046668.8945885
"(321, 239)",40.9588859,29.1357976,5.001,0.0003434287791606039,0.00022632034961134195,1.5751240253448486,40.958885666919116,29.13579729567117,1757046669.0038419
"(322, 240)",40.9588859,29.1357976,5.001,-0.0029147721361368895,0.00024907695478759706,1.575112223625183,40.958886032880464,29.135797006880882,1757046669.1158197
"(None, None)",40.9588859,29.1357976,5.001,-0.0029147721361368895,0.00024907695478759706,1.575112223625183,,,1757046669.2214007
"(321, 241)",40.9588859,29.1357976,5.001,0.0021561807952821255,0.00038340469473041594,1.575122594833374,40.958886022796406,29.135797288368146,1757046669.32437
"(321, 242)",40.9588859,29.1357976,5.001,0.0021561807952821255,0.00038340469473041594,1.575122594833374,40.9588862414331,29.135797289623717,1757046669.4312863
"(321, 242)",40.9588859,29.1357976,5.001,0.0021561807952821255,0.00038340469473041594,1.575122594833374,40.9588862414331,29.135797289623717,1757046669.536629
"(321, 241)",40.9588859,29.1357977,5.001,0.0012130008544772863,0.0001643496216274798,1.5751022100448608,40.95888606512129,29.135797401637106,1757046669.6453066
"(322, 240)",40.9588859,29.1357977,5.001,0.0012130008544772863,0.0001643496216274798,1.5751022100448608,40.958885847421335,29.135797110864594,1757046669.7528236
"(321, 239)",40.9588859,29.1357977,5.001,-0.0033307750709354877,0.00023899377265479416,1.5750280618667603,40.95888583196291,29.1357973958754,1757046669.8670783
"(321, 239)",40.9588859,29.1357977,5.001,-0.0033307750709354877,0.00023899377265479416,1.5750280618667603,40.95888583196291,29.1357973958754,1757046669.97909
"(322, 240)",40.9588859,29.1357977,5.001,-0.0033307750709354877,0.00023899377265479416,1.5750280618667603,40.958886051529724,29.135797107569942,1757046670.0850985
"(321, 241)",40.9588859,29.1357977,5.001,0.0011655563721433282,0.00016065945965237916,1.575087070465088,40.958886067248606,29.135797401865382,1757046670.1999185
"(321, 242)",40.9588859,29.1357977,5.001,0.0011655563721433282,0.00016065945965237916,1.575087070465088,40.95888628588754,29.135797403109283,1757046670.3079958
"(321, 242)",40.9588859,29.1357977,5.0,0.0025976132601499557,0.00011857591744046658,1.575103521347046,40.95888622148048,29.135797405316463,1757046670.4224114
"(321, 241)",40.9588859,29.1357977,5.0,0.0025976132601499557,0.00011857591744046658,1.575103521347046,40.95888600288873,29.13579740406605,1757046670.5291586
"(322, 240)",40.9588859,29.1357977,5.0,0.0025976132601499557,0.00011857591744046658,1.575103521347046,40.95888578523295,29.13579711334879,1757046670.6381764
"(321, 239)",40.9588859,29.1357977,4.999,-0.0033484790474176407,-7.240632112370804e-05,1.574965000152588,40.958885832712475,29.1357974145248,1757046670.745726
"(321, 239)",40.9588859,29.1357977,4.999,-0.0033484790474176407,-7.240632112370804e-05,1.574965000152588,40.958885832712475,29.1357974145248,1757046670.8523486
"(322, 240)",40.9588859,29.1357977,4.999,0.0003898167051374912,-0.00013346153718885034,1.575073003768921,40.95888588433852,29.135797129022823,1757046670.9651456
"(321, 241)",40.9588859,29.1357977,4.999,0.0003898167051374912,-0.00013346153718885034,1.575073003768921,40.95888610195805,29.13579741966802,1757046671.0709481
"(321, 242)",40.9588859,29.1357977,4.999,0.0003898167051374912,-0.00013346153718885034,1.575073003768921,40.95888632051145,29.135797420906272,1757046671.1767051
"(321, 242)",40.9588859,29.1357977,4.998,0.0024727853015065193,-3.67567190551199e-05,1.5751235485076904,40.95888622693066,29.135797414709852,1757046671.2849352
"(321, 241)",40.9588859,29.1357977,4.998,0.0024727853015065193,-3.67567190551199e-05,1.5751235485076904,40.958886008426276,29.135797413454323,1757046671.3922195
"(322, 240)",40.9588859,29.1357977,4.998,-0.003062110161408782,-7.250983617268503e-05,1.5750311613082886,40.95888603931805,29.135797126380275,1757046671.5045872
"(321, 239)",40.9588859,29.1357977,4.998,-0.003062110161408782,-7.250983617268503e-05,1.5750311613082886,40.95888581988293,29.135797414509927,1757046671.6258564
"(321, 239)",40.9588859,29.1357977,4.998,-0.003062110161408782,-7.250983617268503e-05,1.5750311613082886,40.95888581988293,29.135797414509927,1757046671.7334812
"(322, 240)",40.9588859,29.1357977,4.999,-0.00098131550475955,-0.00039471554919146,1.5750871896743774,40.95888594586669,29.135797144908864,1757046671.8388216
"(321, 241)",40.9588859,29.1357977,4.999,-0.00098131550475955,-0.00039471554919146,1.5750871896743774,40.95888616348458,29.13579743555528,1757046671.956778
"(321, 242)",40.9588859,29.1357977,4.999,0.0033965029288083315,-0.0005443115369416773,1.5750880241394043,40.95888618540721,29.135797444585553,1757046672.0590644
"(321, 241)",40.9588859,29.1357977,4.999,0.0033965029288083315,-0.0005443115369416773,1.5750880241394043,40.95888596686135,29.135797443338763,1757046672.1669612
"(322, 241)",40.9588859,29.1357977,4.999,0.0033965029288083315,-0.0005443115369416773,1.5750880241394043,40.958885967799134,29.135797153936632,1757046672.2706132
"(322, 240)",40.9588859,29.1357977,4.999,-0.0014262936310842633,-0.00046867484343238175,1.575082778930664,40.95888596583286,29.135797149420036,1757046672.3824878
"(321, 239)",40.9588859,29.1357977,4.999,-0.0014262936310842633,-0.00046867484343238175,1.575082778930664,40.95888574634298,29.13579743758736,1757046672.490657
"(322, 240)",40.9588859,29.1357977,4.998,-0.002189897932112217,-0.0005540966521948576,1.5750724077224731,40.95888600008271,29.135797154801573,1757046672.5945206
"(None, None)",40.9588859,29.1357977,4.998,-0.002189897932112217,-0.0005540966521948576,1.5750724077224731,,,1757046672.7034106
"(321, 241)",40.9588859,29.1357977,4.998,-0.002189897932112217,-0.0005540966521948576,1.5750724077224731,40.95888621766247,29.135797445383826,1757046672.8059437
"(322, 242)",40.9588859,29.1357977,4.998,0.0031888321973383427,-0.0005129838827997446,1.5751943588256836,40.95888619566134,29.135797153528365,1757046672.912113
"(321, 241)",40.9588859,29.1357977,4.998,0.0031888321973383427,-0.0005129838827997446,1.5751943588256836,40.958885976198644,29.135797441591183,1757046673.0210555
"(322, 241)",40.9588859,29.1357977,4.998,-0.00099260825663805,-0.00037577771581709385,1.5751584768295288,40.95888616490957,29.135797145160556,1757046673.127553
"(322, 240)",40.9588859,29.1357977,4.998,-0.00099260825663805,-0.00037577771581709385,1.5751584768295288,40.95888594639812,29.135797143901154,1757046673.2349648
"(321, 239)",40.9588859,29.1357977,4.998,-0.00099260825663805,-0.00037577771581709385,1.5751584768295288,40.958885726935286,29.13579743198844,1757046673.338827
"(321, 239)",40.9588859,29.1357977,4.998,-0.0030799787491559982,-0.00025341587024740875,1.5751334428787231,40.95888582067207,29.135797425259256,1757046673.448276
"(None, None)",40.9588859,29.1357977,4.998,-0.0030799787491559982,-0.00025341587024740875,1.5751334428787231,,,1757046673.555273
"(321, 241)",40.9588859,29.1357977,4.999,0.002621992724016309,-0.00015966345381457359,1.5750775337219238,40.95888600171392,29.135797420661245,1757046673.656439
"(321, 241)",40.9588859,29.1357977,4.999,0.002621992724016309,-0.00015966345381457359,1.5750775337219238,40.95888600171392,29.135797420661245,1757046673.7659225
"(321, 241)",40.9588859,29.1357977,4.999,0.002621992724016309,-0.00015966345381457359,1.5750775337219238,40.95888600171392,29.135797420661245,1757046673.8719654
"(321, 241)",40.9588859,29.1357977,4.999,-0.0005476928199641407,-0.00031629891600459814,1.575077772140503,40.95888614402486,29.135797430779203,1757046673.9752696
"(321, 240)",40.9588859,29.1357977,4.999,-0.0005476928199641407,-0.00031629891600459814,1.575077772140503,40.95888592546978,29.135797429540883,1757046674.0878096
"(321, 239)",40.9588859,29.1357977,4.999,-0.0032309023663401604,-0.00040192389860749245,1.575166940689087,40.9588858274115,29.135797434071193,1757046674.1920698
"(321, 239)",40.9588859,29.1357977,4.999,-0.0032309023663401604,-0.00040192389860749245,1.575166940689087,40.9588858274115,29.135797434071193,1757046674.301892
"(None, None)",40.9588859,29.1357977,4.999,-0.0032309023663401604,-0.00040192389860749245,1.575166940689087,,,1757046674.412985
"(320, 241)",40.9588859,29.1357977,5.0,0.00229833135381341,-0.00045099551789462566,1.575148105621338,40.95888601527846,29.13579772748837,1757046674.5174932
"(320, 242)",40.9588859,29.1357977,5.0,0.00229833135381341,-0.00045099551789462566,1.575148105621338,40.9588862338707,29.13579772874803,1757046674.6286242
"(320, 241)",40.9588859,29.1357977,5.0,0.0005400119698606431,-0.00045864249113947153,1.5750864744186401,40.958886094254765,29.135797728382443,1757046674.7396376
"(None, None)",40.9588859,29.1357977,5.0,0.0005400119698606431,-0.00045864249113947153,1.5750864744186401,,,1757046674.8490589
"(321, 240)",40.9588859,29.1357977,5.0,0.0005400119698606431,-0.00045864249113947153,1.5750864744186401,40.958885876594664,29.135797437675777,1757046674.9568443
"(321, 240)",40.9588859,29.1357977,5.0,-0.0037251159083098173,-0.00047388605889864266,1.5751909017562866,40.95888606818234,29.135797439692023,1757046675.058642
"(320, 240)",40.9588859,29.1357977,5.0,-0.0037251159083098173,-0.00047388605889864266,1.5751909017562866,40.95888606722207,29.135797729158654,1757046675.166319
"(320, 241)",40.9588859,29.1357977,5.0,0.0018061768496409059,-0.00038858148036524653,1.5750696659088135,40.958886037397534,29.135797723889326,1757046675.2696354
"(320, 242)",40.9588859,29.1357977,5.0,0.0018061768496409059,-0.00038858148036524653,1.5750696659088135,40.958886255990976,29.135797725126288,1757046675.3858354
"(321, 242)",40.9588859,29.1357977,5.0,0.0018061768496409059,-0.00038858148036524653,1.5750696659088135,40.95888625692444,29.135797435666028,1757046675.4928925
"(320, 241)",40.9588859,29.1357977,5.001,0.0012100522872060537,-0.0002592416713014245,1.5751105546951294,40.958886064230136,29.135797716360344,1757046675.5978024
"(320, 241)",40.9588859,29.1357977,5.001,0.0012100522872060537,-0.0002592416713014245,1.5751105546951294,40.958886064230136,29.135797716360344,1757046675.71181
"(320, 240)",40.9588859,29.1357977,5.001,-0.0037765945307910442,-0.0001847337989602238,1.5750962495803833,40.95888606962611,29.135797711955533,1757046675.8190396
"(320, 240)",40.9588859,29.1357977,5.001,-0.0037765945307910442,-0.0001847337989602238,1.5750962495803833,40.95888606962611,29.135797711955533,1757046675.9254603
"(320, 241)",40.9588859,29.1357977,5.001,-0.0037765945307910442,-0.0001847337989602238,1.5750962495803833,40.95888628827542,29.135797713200507,1757046676.0328515
"(320, 241)",40.9588859,29.1357977,5.001,0.0009393072105012834,-0.00024018406111281365,1.575077772140503,40.95888607639743,29.13579771528847,1757046676.1326258
"(320, 241)",40.9588859,29.1357977,5.001,0.0009393072105012834,-0.00024018406111281365,1.575077772140503,40.95888607639743,29.13579771528847,1757046676.2467523
"(321, 242)",40.9588859,29.1357977,5.001,0.0015359813114628196,-0.00021226175886113197,1.575137972831726,40.95888626918327,29.13579742522545,1757046676.356736
"(320, 241)",40.9588859,29.1357977,5.001,0.0015359813114628196,-0.00021226175886113197,1.575137972831726,40.95888604959664,29.135797713487374,1757046676.4633818
"(320, 241)",40.9588859,29.1357977,5.001,0.0015359813114628196,-0.00021226175886113197,1.575137972831726,40.95888604959664,29.135797713487374,1757046676.575707
"(320, 240)",40.9588859,29.1357977,5.001,-0.003758332459256053,-6.929206574568525e-05,1.5750954151153564,40.95888606882799,29.13579770508325,1757046676.6852415
"(320, 240)",40.9588859,29.1357977,5.001,-0.003758332459256053,-6.929206574568525e-05,1.5750954151153564,40.95888606882799,29.13579770508325,1757046676.7908924
"(320, 241)",40.9588858,29.1357977,5.001,-0.0001472708536311984,4.116257969144499e-06,1.575178623199463,40.958886025259105,29.13579770106231,1757046676.9012
"(320, 241)",40.9588858,29.1357977,5.001,-0.0001472708536311984,4.116257969144499e-06,1.575178623199463,40.958886025259105,29.13579770106231,1757046677.0076869
"(321, 242)",40.9588858,29.1357977,5.001,-0.0001472708536311984,4.116257969144499e-06,1.575178623199463,40.95888624485985,29.13579741280754,1757046677.120586
"(321, 242)",40.9588858,29.1357977,5.001,0.0018687088740989566,-5.1306782552273944e-05,1.575102686882019,40.95888615425884,29.13579741554859,1757046677.2257605
"(321, 241)",40.9588858,29.1357977,5.001,0.0018687088740989566,-5.1306782552273944e-05,1.575102686882019,40.958885935621936,29.135797414299187,1757046677.3335447
"(321, 241)",40.9588858,29.1357977,5.001,-0.0035299332812428474,-0.00012576747394632548,1.5749845504760742,40.95888617812124,29.135797420043833,1757046677.4414546
"(321, 240)",40.9588858,29.1357977,5.001,-0.0035299332812428474,-0.00012576747394632548,1.5749845504760742,40.9588859594726,29.135797418836177,1757046677.5513468
"(321, 240)",40.9588858,29.1357977,5.001,-0.0035299332812428474,-0.00012576747394632548,1.5749845504760742,40.9588859594726,29.135797418836177,1757046677.6645007
"(321, 241)",40.9588858,29.1357977,5.001,-0.0018311222083866596,0.00013931941066402942,1.5751104354858398,40.95888610187734,29.13579740390465,1757046677.7727199
"(322, 242)",40.9588858,29.1357977,5.001,-0.0018311222083866596,0.00013931941066402942,1.5751104354858398,40.95888632146986,29.135797115621692,1757046677.881193
"(322, 242)",40.9588858,29.1357977,5.001,0.0026180564891546965,0.0002808190474752337,1.5749932527542114,40.95888612155069,29.135797106035522,1757046677.987073
"(322, 242)",40.9588858,29.1357977,5.001,0.0026180564891546965,0.0002808190474752337,1.5749932527542114,40.95888612155069,29.135797106035522,1757046678.0915778
"(321, 241)",40.9588858,29.1357977,5.001,0.0026180564891546965,0.0002808190474752337,1.5749932527542114,40.95888590199693,29.13579739433494,1757046678.204101
"(321, 241)",40.9588858,29.1357977,5.001,-0.0026439079083502293,0.00036231320700608194,1.575152039527893,40.95888613844638,29.135797390864376,1757046678.3094304
"(None, None)",40.9588858,29.1357977,5.001,-0.0026439079083502293,0.00036231320700608194,1.575152039527893,,,1757046678.4114623
"(322, 241)",40.9588858,29.1357977,5.001,-0.0026146082673221827,0.00023848612909205258,1.575121521949768,40.958886138044726,29.135797108680773,1757046678.5167253
"(321, 241)",40.9588858,29.1357977,5.001,-0.0026146082673221827,0.00023848612909205258,1.575121521949768,40.95888613709864,29.13579739820967,1757046678.6243665
"(322, 242)",40.9588858,29.1357977,5.001,-0.0026146082673221827,0.00023848612909205258,1.575121521949768,40.958886356697256,29.135797109925715,1757046678.735058
"(322, 242)",40.9588858,29.1357977,5.001,0.0026681695599108934,0.0002465923607815057,1.5751591920852661,40.95888611936688,29.135797108129672,1757046678.8485594
"(322, 242)",40.9588858,29.1357977,5.001,0.0026681695599108934,0.0002465923607815057,1.5751591920852661,40.95888611936688,29.135797108129672,1757046678.9509447
"(322, 242)",40.9588858,29.1357977,5.001,-0.0015268638962879777,0.00016369353397749364,1.5751591920852661,40.95888630782587,29.13579711412828,1757046679.0592108
"(321, 241)",40.9588858,29.1357977,5.001,-0.0015268638962879777,0.00016369353397749364,1.5751591920852661,40.958886088223856,29.13579740239574,1757046679.1685522
"(321, 241)",40.9588858,29.1357977,5.001,-0.0015268638962879777,0.00016369353397749364,1.5751591920852661,40.958886088223856,29.13579740239574,1757046679.2754762
"(321, 241)",40.9588858,29.1357977,5.001,-0.00246122432872653,3.638439375208691e-05,1.575100064277649,40.958886130163286,29.135797410184125,1757046679.4131622
"(321, 242)",40.9588858,29.1357977,5.001,-0.00246122432872653,3.638439375208691e-05,1.575100064277649,40.95888634881469,29.135797411426747,1757046679.5223718
"(322, 242)",40.9588858,29.1357977,5.001,0.0030248877592384815,0.0001421067863702774,1.5750981569290161,40.95888610329296,29.135797114230265,1757046679.630687
"(None, None)",40.9588858,29.1357977,5.001,0.0030248877592384815,0.0001421067863702774,1.5750981569290161,,,1757046679.7360215
"(322, 242)",40.9588858,29.1357977,5.001,0.0030248877592384815,0.0001421067863702774,1.5750981569290161,40.95888610329296,29.135797114230265,1757046679.8421502
"(322, 242)",40.9588858,29.1357977,5.001,-0.00037170734140090644,7.362541509792209e-05,1.5750313997268677,40.9588862558511,29.135797119116948,1757046679.956715
"(321, 241)",40.9588858,29.1357977,5.001,-0.00037170734140090644,7.362541509792209e-05,1.5750313997268677,40.958886036281434,29.135797407416,1757046680.0637898
"(321, 241)",40.9588858,29.1357977,5.001,-0.002929969923570752,-1.9005734429811127e-05,1.5750995874404907,40.95888615121167,29.13579741359803,1757046680.2860255
"(322, 242)",40.9588858,29.1357977,5.001,-0.002929969923570752,-1.9005734429811127e-05,1.5750995874404907,40.95888637080592,29.135797125307217,1757046680.3973255
"(322, 241)",40.9588858,29.1357977,5.001,0.001985912211239338,-0.00014634444960393012,1.575095534324646,40.95888593127655,29.135797130401382,1757046680.522747
"(322, 242)",40.9588858,29.1357977,5.001,0.001985912211239338,-0.00014634444960393012,1.575095534324646,40.958886149912914,29.135797131651675,1757046680.65195
"(322, 241)",40.9588858,29.1357977,5.001,0.0013293380616232753,-0.0001950137666426599,1.5749975442886353,40.95888596072157,29.135797133442743,1757046680.765487
"(321, 241)",40.9588858,29.1357977,5.001,0.0013293380616232753,-0.0001950137666426599,1.5749975442886353,40.958885959803155,29.13579742296367,1757046680.9765325
"(321, 241)",40.9588858,29.1357977,5.0,-0.0031686818692833185,-4.019292191514978e-06,1.5750293731689453,40.95888616185164,29.13579741279085,1757046681.194768
"(322, 242)",40.9588858,29.1357977,5.0,0.0010922676883637905,-7.46740770409815e-05,1.5750446319580078,40.95888618997607,29.135797127700233,1757046681.309227
"(322, 236)",40.9588858,29.1357977,5.0,0.0010922676883637905,-7.46740770409815e-05,1.5750446319580078,40.958884878370554,29.135797120303216,1757046681.4149194
"(322, 237)",40.9588858,29.1357977,5.0,0.0010922676883637905,-7.46740770409815e-05,1.5750446319580078,40.95888509697728,29.135797121536086,1757046681.528433
"(321, 241)",40.9588858,29.1357977,4.999,0.002565485192462802,-0.00010966236732201651,1.575150966644287,40.95888590427677,29.13579741771238,1757046681.7691176
"(322, 241)",40.9588858,29.1357977,4.999,-0.003346115816384554,-2.661820644789259e-06,1.5749082565307617,40.9588861706204,29.13579712333852,1757046681.8810723
"(322, 240)",40.9588858,29.1357977,4.999,-0.003346115816384554,-2.661820644789259e-06,1.5749082565307617,40.95888595205947,29.135797122157882,1757046681.9956148
"(322, 242)",40.9588858,29.1357977,4.999,-5.797849371447228e-05,-0.00010353514517191797,1.5750254392623901,40.95888624154194,29.135797129804306,1757046682.21039
"(None, None)",40.9588858,29.1357977,4.999,0.0036215062718838453,0.00012278927897568792,1.5751054286956787,,,1757046682.4420907
"(322, 242)",40.9588858,29.1357977,4.999,0.0036215062718838453,0.00012278927897568792,1.5751054286956787,40.95888607637798,29.135797115465593,1757046682.549928
"(321, 241)",40.9588858,29.1357977,4.999,0.0036215062718838453,0.00012278927897568792,1.5751054286956787,40.958885856889914,29.135797403613104,1757046682.6575859
"(None, None)",40.9588858,29.1357977,4.999,-0.0015917513519525528,0.00018449393974151462,1.5750535726547241,,,1757046682.7777054
"(322, 240)",40.9588858,29.1357977,4.999,-0.0015917513519525528,0.00018449393974151462,1.5750535726547241,40.95888587337614,29.135797110615336,1757046682.8861623
"(None, None)",40.9588858,29.1357977,4.999,-0.0003868489875458181,0.0003964404750149697,1.5750110149383545,,,1757046682.997701
"(321, 241)",40.9588858,29.1357977,4.999,-0.0003868489875458181,0.0003964404750149697,1.5750110149383545,40.9588860369239,29.135797388333884,1757046683.1032448
"(322, 242)",40.9588858,29.1357977,4.998,0.00416175602003932,0.0003800301346927881,1.5750021934509277,40.95888605206968,29.13579710011633,1757046683.2170634
"(322, 242)",40.9588858,29.1357977,4.998,0.00416175602003932,0.0003800301346927881,1.5750021934509277,40.95888605206968,29.13579710011633,1757046683.3295457
"(322, 243)",40.9588858,29.1357977,4.998,0.00416175602003932,0.0003800301346927881,1.5750021934509277,40.95888627056323,29.135797101344927,1757046683.4896398
"(321, 241)",40.9588858,29.1357977,4.998,-9.195049642585218e-05,0.0002485680452082306,1.575140357017517,40.95888602363739,29.1357973971527,1757046683.6000264
"(322, 240)",40.9588858,29.1357977,4.998,-9.195049642585218e-05,0.0002485680452082306,1.575140357017517,40.95888580607528,29.135797106545308,1757046683.7178164
"(322, 240)",40.9588859,29.1357977,4.998,-0.0013459569308906794,5.275314106256701e-05,1.5750137567520142,40.95888596228314,29.135797118501035,1757046683.8256893
"(321, 241)",40.9588859,29.1357977,4.998,-0.0013459569308906794,5.275314106256701e-05,1.5750137567520142,40.95888617987455,29.135797409069614,1757046684.035385
"(322, 243)",40.9588859,29.1357977,4.998,0.004347828682512045,3.331779225845821e-05,1.575040578842163,40.95888636215781,29.135797121937966,1757046684.2481213
"(321, 241)",40.9588859,29.1357977,4.998,0.004347828682512045,3.331779225845821e-05,1.575040578842163,40.95888592423693,29.135797408803857,1757046684.3585253
"(321, 239)",40.9588859,29.1357977,4.998,0.0014815732138231397,2.962385769933462e-05,1.5750410556793213,40.958885615901195,29.135797407284596,1757046684.5742705
"(321, 239)",40.9588859,29.1357977,4.998,-0.0017436689231544733,2.914279502874706e-05,1.575012445449829,40.95888576070314,29.13579740813684,1757046684.6792417
"(321, 239)",40.9588859,29.1357977,4.998,-0.0017436689231544733,2.914279502874706e-05,1.575012445449829,40.95888576070314,29.13579740813684,1757046684.7909658
"(322, 240)",40.9588859,29.1357977,4.998,-0.0017436689231544733,2.914279502874706e-05,1.575012445449829,40.95888598013437,29.135797120004092,1757046684.9003856
"(None, None)",40.9588859,29.1357977,4.998,0.0035149012692272663,-6.550850230269134e-05,1.574965476989746,,,1757046685.0112631
"(321, 241)",40.9588859,29.1357977,4.998,0.0035149012692272663,-6.550850230269134e-05,1.574965476989746,40.958885961598206,29.135797414883296,1757046685.118008
"(322, 240)",40.9588859,29.1357977,4.998,0.002502660034224391,-7.284991443157196e-05,1.5751200914382935,40.95888578951242,29.13579712498732,1757046685.2255309
"(321, 239)",40.9588859,29.1357977,4.998,0.002502660034224391,-7.284991443157196e-05,1.5751200914382935,40.95888557005265,29.135797413082813,1757046685.3338993
"(321, 238)",40.9588859,29.1357977,4.998,0.002502660034224391,-7.284991443157196e-05,1.5751200914382935,40.958885351532395,29.135797411828147,1757046685.44398
"(321, 238)",40.9588859,29.1357977,4.998,-0.002371525624766946,-0.00022010935936123133,1.5748757123947144,40.9588855703122,29.135797421956873,1757046685.5639498
"(321, 238)",40.9588859,29.1357977,4.998,-0.002371525624766946,-0.00022010935936123133,1.5748757123947144,40.9588855703122,29.135797421956873,1757046685.678863
"(320, 240)",40.9588859,29.1357977,4.998,0.0022427549120038748,-0.00048269983381032944,1.5750274658203125,40.958885799214265,29.13579772813357,1757046685.900311
"(322, 241)",40.9588859,29.1357977,4.998,0.0022427549120038748,-0.00048269983381032944,1.5750274658203125,40.95888601957262,29.135797150666008,1757046686.0115354
"(321, 239)",40.9588859,29.1357977,4.998,0.003101327223703265,-0.0005609715008176863,1.5750941038131714,40.95888554307347,29.135797441960538,1757046686.1307335
"(321, 239)",40.9588859,29.1357977,4.998,0.003101327223703265,-0.0005609715008176863,1.5750941038131714,40.95888554307347,29.135797441960538,1757046686.2330372
"(321, 238)",40.9588859,29.1357977,4.998,-0.0026453507598489523,-0.000707852013874799,1.5750133991241455,40.95888558254411,29.135797450964116,1757046686.3494515
"(321, 238)",40.9588859,29.1357977,4.998,-0.0026453507598489523,-0.000707852013874799,1.5750133991241455,40.95888558254411,29.135797450964116,1757046686.4598975
"(321, 238)",40.9588859,29.1357977,4.998,-0.0026453507598489523,-0.000707852013874799,1.5750133991241455,40.95888558254411,29.135797450964116,1757046686.5807736
"(321, 239)",40.9588859,29.1357977,4.998,0.0010074111633002758,-0.00045550649520009756,1.5750283002853394,40.95888563709622,29.135797436252407,1757046686.804275
"(322, 240)",40.9588859,29.1357977,4.998,0.003702894551679492,-0.00031346132163889706,1.5750502347946167,40.958885735548634,29.135797138998104,1757046686.929106
"(321, 239)",40.9588859,29.1357977,4.998,0.003702894551679492,-0.00031346132163889706,1.5750502347946167,40.95888551610119,29.135797427112276,1757046687.0340714
"(321, 239)",40.9588859,29.1357977,4.998,0.003702894551679492,-0.00031346132163889706,1.5750502347946167,40.95888551610119,29.135797427112276,1757046687.149511
"(321, 238)",40.9588859,29.1357977,4.998,-0.0018567786319181323,-0.0001697876869002357,1.5750136375427246,40.958885547238495,29.13579741877464,1757046687.2568395
"(321, 238)",40.9588859,29.1357977,4.998,-0.0018567786319181323,-0.0001697876869002357,1.5750136375427246,40.958885547238495,29.13579741877464,1757046687.4842317
"(321, 239)",40.9588859,29.1357977,4.997,-0.00015028142661321908,-0.0001634186046430841,1.5749187469482422,40.958885689149135,29.135797419266506,1757046687.6041284
"(321, 240)",40.9588859,29.1357977,4.997,0.0038184847217053175,-0.00010140148515347391,1.57505202293396,40.95888572950392,29.135797415767744,1757046687.8330686
"(321, 240)",40.9588859,29.1357977,4.997,0.0038184847217053175,-0.00010140148515347391,1.57505202293396,40.95888572950392,29.135797415767744,1757046687.942224
"(321, 239)",40.9588859,29.1357977,4.997,-0.0014336074236780405,-0.00011356420145602897,1.5749821662902832,40.95888574677931,29.135797416606174,1757046688.054763
"(321, 238)",40.9588859,29.1357977,4.997,-0.0014336074236780405,-0.00011356420145602897,1.5749821662902832,40.958885528316145,29.13579741539728,1757046688.1600955
"(320, 238)",40.9588859,29.1357977,4.997,-0.0014336074236780405,-0.00011356420145602897,1.5749821662902832,40.95888552740148,29.13579770468519,1757046688.2724316
"(320, 238)",40.9588859,29.1357977,4.997,-0.001128663308918476,-0.00040148128755390644,1.5749820470809937,40.95888551365791,29.13579772172336,1757046688.3899257
"(321, 239)",40.9588859,29.1357977,4.997,-0.001128663308918476,-0.00040148128755390644,1.5749820470809937,40.95888573303678,29.135797433644363,1757046688.5011904
"(320, 240)",40.9588859,29.1357977,4.997,0.0039382134564220905,-0.0004836416628677398,1.5750036239624023,40.95888572312755,29.13579772776309,1757046688.7115476
"(320, 239)",40.9588859,29.1357977,4.997,-0.00017415643378626555,-0.0004781535535585135,1.5750374794006348,40.95888568925938,29.135797727238735,1757046688.822389
"(321, 239)",40.9588859,29.1357977,4.997,-0.00017415643378626555,-0.0004781535535585135,1.5750374794006348,40.95888569018643,29.13579743794785,1757046688.9339843
"(321, 238)",40.9588859,29.1357977,4.997,-0.00017415643378626555,-0.0004781535535585135,1.5750374794006348,40.95888547172011,29.135797436721163,1757046689.042647
"(321, 238)",40.9588859,29.1357977,4.997,-0.00227244826965034,-0.00044563531992025673,1.5750176906585693,40.95888556591791,29.135797435331156,1757046689.149966
"(321, 239)",40.9588859,29.1357977,4.997,-0.00227244826965034,-0.00044563531992025673,1.5750176906585693,40.958885784378715,29.135797436549133,1757046689.3795974
"(320, 240)",40.9588859,29.1357977,4.997,0.0029024207033216953,-0.00038587942253798246,1.5751742124557495,40.95888576963881,29.135797722181632,1757046689.4890854
"(320, 240)",40.9588859,29.1357977,4.997,0.0029024207033216953,-0.00038587942253798246,1.5751742124557495,40.95888576963881,29.135797722181632,1757046689.601017
"(320, 239)",40.9588859,29.1357977,4.996,0.001389476004987955,-0.00033248853287659585,1.5750560760498047,40.958885619151985,29.135797718175553,1757046689.7099779
"(320, 238)",40.9588859,29.1357977,4.996,0.001389476004987955,-0.00033248853287659585,1.5750560760498047,40.95888540072351,29.135797716943454,1757046689.8238597
"(320, 238)",40.9588859,29.1357977,4.996,-0.0030305858235806227,-0.00015797729429323226,1.5751169919967651,40.958885599142455,29.13579770766724,1757046689.9387457
"(320, 238)",40.9588859,29.1357977,4.996,-0.0030305858235806227,-0.00015797729429323226,1.5751169919967651,40.958885599142455,29.13579770766724,1757046690.0517898
"(320, 239)",40.9588859,29.1357977,4.996,-0.0030305858235806227,-0.00015797729429323226,1.5751169919967651,40.958885817558354,29.135797708916886,1757046690.1603527
"(320, 239)",40.9588859,29.1357977,4.996,0.002359198871999979,-0.00013231014600023627,1.5749958753585815,40.958885575667956,29.135797706059552,1757046690.269144
"(320, 240)",40.9588859,29.1357977,4.996,0.002359198871999979,-0.00013231014600023627,1.5749958753585815,40.95888579409535,29.135797707274232,1757046690.38562
"(320, 240)",40.9588859,29.1357977,4.996,0.002359198871999979,-0.00013231014600023627,1.5749958753585815,40.95888579409535,29.135797707274232,1757046690.4991806
"(320, 240)",40.9588859,29.1357977,4.996,0.0019241765839979053,-0.00018113848636858165,1.5750161409378052,40.95888581360963,29.135797710282294,1757046690.6156695
"(320, 238)",40.9588859,29.1357977,4.996,0.0019241765839979053,-0.00018113848636858165,1.5750161409378052,40.95888537675253,29.1357977078412,1757046690.8389883
"(320, 238)",40.9588859,29.1357977,4.996,-0.003012660425156355,-1.345944019703893e-05,1.5750652551651,40.958885598365924,29.135797699094788,1757046690.9448366
"(320, 239)",40.9588859,29.1357977,4.996,-0.003012660425156355,-1.345944019703893e-05,1.5750652551651,40.95888581678191,29.13579770032947,1757046691.047721
"(320, 240)",40.9588859,29.1357977,4.996,0.0013205291470512748,-8.92675670911558e-05,1.5750452280044556,40.95888584071835,29.13579770497162,1757046691.155038
"(321, 241)",40.9588859,29.1357977,4.996,0.0013205291470512748,-8.92675670911558e-05,1.5750452280044556,40.95888606006894,29.13579741696844,1757046691.3722332
"(320, 239)",40.9588859,29.1357977,4.997,0.0028387997299432755,1.0701164683268871e-05,1.5750330686569214,40.95888555410035,29.135797697423314,1757046691.6146128
"(320, 238)",40.9588859,29.1357977,4.998,-0.0026001092046499252,1.0481887329660822e-05,1.575101375579834,40.95888557972647,29.135797697551023,1757046691.7239778
"(321, 238)",40.9588859,29.1357977,4.998,-0.0026001092046499252,1.0481887329660822e-05,1.575101375579834,40.95888558066714,29.135797408207804,1757046691.8388941
"(321, 239)",40.9588859,29.1357977,4.998,-0.0004231669590808451,-2.3500942916143686e-05,1.5749894380569458,40.95888570140024,29.13579741094032,1757046691.9651709
"(321, 241)",40.9588859,29.1357977,4.998,-0.0004231669590808451,-2.3500942916143686e-05,1.5749894380569458,40.9588861384225,29.135797413365694,1757046692.1671329
"(321, 241)",40.9588859,29.1357977,4.998,0.0028583926614373922,-6.126605876488611e-05,1.5750536918640137,40.95888599109362,29.135797414804113,1757046692.2823684
"(None, None)",40.9588859,29.1357977,4.998,0.0028583926614373922,-6.126605876488611e-05,1.5750536918640137,,,1757046692.3890471
"(321, 239)",40.9588859,29.1357977,4.998,-0.0026833140291273594,6.335315993055701e-05,1.575053334236145,40.95888580290659,29.135797406333893,1757046692.4974792
"(321, 238)",40.9588859,29.1357977,4.998,-0.0026833140291273594,6.335315993055701e-05,1.575053334236145,40.958885584402445,29.13579740510594,1757046692.6325092
"(321, 238)",40.9588859,29.1357977,4.998,-0.0026833140291273594,6.335315993055701e-05,1.575053334236145,40.958885584402445,29.13579740510594,1757046692.742091
"(321, 239)",40.9588859,29.1357977,4.998,-0.0019028331153094769,0.00010722675506258383,1.5751222372055054,40.958885767888574,29.135797403515262,1757046692.8641942
"(None, None)",40.9588859,29.1357977,4.998,-0.0019028331153094769,0.00010722675506258383,1.5751222372055054,,,1757046692.9738238
"(321, 241)",40.9588859,29.1357977,4.998,0.003288856241852045,0.00028869404923170805,1.575103998184204,40.95888597184551,29.13579739389363,1757046693.081582
"(321, 241)",40.9588859,29.1357977,4.998,0.003288856241852045,0.00028869404923170805,1.575103998184204,40.95888597184551,29.13579739389363,1757046693.222841
"(None, None)",40.9588859,29.1357977,4.997,-0.0006283511174842715,0.00032107849256135523,1.5751252174377441,,,1757046693.39126
"(321, 239)",40.9588859,29.1357977,4.997,-0.0006283511174842715,0.00032107849256135523,1.5751252174377441,40.9588857107468,29.13579739053297,1757046693.5108519
"(321, 239)",40.9588859,29.1357977,4.997,-0.0006283511174842715,0.00032107849256135523,1.5751252174377441,40.9588857107468,29.13579739053297,1757046693.6208444
"(321, 239)",40.9588859,29.1357977,4.997,-0.002365321386605501,0.00028349325293675065,1.575067400932312,40.95888578869695,29.13579739322429,1757046693.7340753
"(321, 241)",40.9588859,29.1357977,4.997,-0.002365321386605501,0.00028349325293675065,1.575067400932312,40.958886225634686,29.135797395688833,1757046693.9498677
"(321, 242)",40.9588859,29.1357977,4.997,0.0028609007131308317,0.00011359512427588925,1.5749508142471313,40.958886209433544,29.13579740565989,1757046694.0616786
"(321, 241)",40.9588859,29.1357977,4.997,0.0028609007131308317,0.00011359512427588925,1.5749508142471313,40.95888599097334,29.135797404454035,1757046694.268268
"(322, 240)",40.9588859,29.1357977,4.997,0.0013354590628296137,-1.954997787834145e-05,1.5750375986099243,40.95888584190279,29.13579712224151,1757046694.3792498
"(322, 240)",40.9588859,29.1357977,4.997,-0.00296821934171021,0.00011382093362044543,1.5750582218170166,40.95888603512314,29.135797115399736,1757046694.5044763
"(322, 240)",40.9588859,29.1357977,4.997,-0.00296821934171021,0.00011382093362044543,1.5750582218170166,40.95888603512314,29.135797115399736,1757046694.609474
"(322, 240)",40.9588859,29.1357977,4.997,-0.00296821934171021,0.00011382093362044543,1.5750582218170166,40.95888603512314,29.135797115399736,1757046694.718755
"(321, 241)",40.9588859,29.1357977,4.997,0.002477931557223201,-9.605892410036176e-05,1.5750750303268433,40.95888600815165,29.135797417028428,1757046694.8375719
"(321, 242)",40.9588859,29.1357977,4.997,0.002477931557223201,-9.605892410036176e-05,1.5750750303268433,40.95888622661229,29.13579741826968,1757046694.9501474
"(321, 241)",40.9588859,29.1357977,4.997,0.0019077731994912028,-7.167796866269782e-05,1.5751707553863525,40.958886033770575,29.135797415740697,1757046695.1666734
"(321, 239)",40.9588859,29.1357977,4.997,0.0019077731994912028,-7.167796866269782e-05,1.5751707553863525,40.958885596834705,29.135797413204333,1757046695.3818994
"(321, 239)",40.9588859,29.1357977,4.997,-0.002816947875544429,1.3707862308365293e-05,1.5750850439071655,40.958885808922155,29.13579740937374,1757046695.4897718
"(321, 241)",40.9588859,29.1357977,4.997,0.0014627308119088411,-0.00010049001139122993,1.5750846862792969,40.958886053723965,29.135797417551135,1757046695.701689
"(321, 242)",40.9588859,29.1357977,4.997,0.0014627308119088411,-0.00010049001139122993,1.5750846862792969,40.95888627218696,29.135797418793764,1757046695.8133821
"(321, 242)",40.9588859,29.1357977,4.998,0.002725929720327258,-1.0890424164244905e-05,1.5750521421432495,40.95888621555415,29.135797413077558,1757046695.9297123
"(322, 240)",40.9588859,29.1357977,4.998,0.002725929720327258,-1.0890424164244905e-05,1.5750521421432495,40.9588857794704,29.135797121256434,1757046696.176365
"(321, 239)",40.9588859,29.1357977,4.998,-0.002365747233852744,-0.0001022171854856424,1.574912190437317,40.95888578858678,29.135797416117935,1757046696.2833524
"(321, 239)",40.9588859,29.1357977,4.998,-0.002365747233852744,-0.0001022171854856424,1.574912190437317,40.95888578858678,29.135797416117935,1757046696.3890586
"(322, 240)",40.9588859,29.1357977,4.998,-0.0002841615059878677,-9.31841423152946e-05,1.5751038789749146,40.95888591462258,29.13579712691421,1757046696.498013
"(321, 242)",40.9588859,29.1357977,4.998,-0.0002841615059878677,-9.31841423152946e-05,1.5751038789749146,40.9588863507044,29.135797418755374,1757046696.7322457
"(321, 242)",40.9588859,29.1357977,4.999,0.004136953968554735,1.0738698819068304e-07,1.5751008987426758,40.958886152263496,29.135797412027912,1757046696.8381464
"(321, 241)",40.9588859,29.1357977,4.999,0.004136953968554735,1.0738698819068304e-07,1.5751008987426758,40.95888593371824,29.135797410776355,1757046696.9499252
"(321, 239)",40.9588859,29.1357977,4.999,-0.001349128782749176,-1.707650881144218e-05,1.5750151872634888,40.95888574294958,29.135797410727047,1757046697.1628182
"(321, 239)",40.9588859,29.1357977,4.999,-0.001349128782749176,-1.707650881144218e-05,1.5750151872634888,40.95888574294958,29.135797410727047,1757046697.2720442
"(321, 241)",40.9588859,29.1357977,4.999,-0.001127110910601914,-0.0001645560987526551,1.5750001668930054,40.9588861700583,29.135797421874518,1757046697.49171
"(321, 242)",40.9588859,29.1357977,4.999,0.004212822299450636,-4.6640393520647194e-06,1.5751806497573853,40.958886148872814,29.13579741231863,1757046697.6021447
"(321, 242)",40.9588859,29.1357977,4.999,0.004212822299450636,-4.6640393520647194e-06,1.5751806497573853,40.958886148872814,29.13579741231863,1757046697.7161074
"(321, 241)",40.9588859,29.1357977,4.998,8.421693928539753e-05,-5.067892561783083e-05,1.5751581192016602,40.958886115672875,29.13579741490395,1757046697.8296347
"(322, 240)",40.9588859,29.1357977,4.998,8.421693928539753e-05,-5.067892561783083e-05,1.5751581192016602,40.95888589811517,29.135797124292477,1757046697.9467347
"(322, 240)",40.9588859,29.1357977,4.998,8.421693928539753e-05,-5.067892561783083e-05,1.5751581192016602,40.95888589811517,29.135797124292477,1757046698.052587
"(322, 240)",40.9588859,29.1357977,4.998,-0.0022011948749423027,-0.00015787997108418494,1.5750259160995483,40.95888600064638,29.13579713124007,1757046698.2702053
"(321, 241)",40.9588859,29.1357977,4.998,-0.0022011948749423027,-0.00015787997108418494,1.5750259160995483,40.958886218236565,29.135797421810512,1757046698.3871846
"(321, 241)",40.9588859,29.1357977,4.998,0.0037472506519407034,-0.00026711722603067756,1.5750056505203247,40.958885951136814,29.13579742681493,1757046698.6481764
"(321, 241)",40.9588859,29.1357977,4.998,0.000931999646127224,-6.468033825512975e-05,1.5750349760055542,40.95888607757973,29.135797415488646,1757046698.7664645
"(322, 240)",40.9588859,29.1357977,4.998,0.000931999646127224,-6.468033825512975e-05,1.5750349760055542,40.95888585999574,29.135797124911395,1757046698.8843496
"(321, 239)",40.9588859,29.1357977,4.998,-0.002639538375660777,-0.00011188466305611655,1.5751363039016724,40.95888580092551,29.13579741673048,1757046699.109065
"(321, 239)",40.9588859,29.1357977,4.998,-0.002639538375660777,-0.00011188466305611655,1.5751363039016724,40.95888580092551,29.13579741673048,1757046699.2285764
"(322, 240)",40.9588859,29.1357977,4.999,0.002573861740529537,-0.00018784218991640955,1.5748629570007324,40.95888578616034,29.135797131731184,1757046699.343942
"(321, 241)",40.9588859,29.1357977,4.999,0.002573861740529537,-0.00018784218991640955,1.5748629570007324,40.958886003824894,29.13579742231963,1757046699.456177
"(321, 241)",40.9588859,29.1357977,4.999,0.002573861740529537,-0.00018784218991640955,1.5748629570007324,40.958886003824894,29.13579742231963,1757046699.5704646
"(321, 239)",40.9588859,29.1357977,4.998,0.0016551557928323746,-0.00013036928430665284,1.5750564336776733,40.958885608080486,29.135797416746744,1757046699.7919934
"(321, 239)",40.9588859,29.1357977,4.998,-0.0028553097508847713,-9.866410255199298e-05,1.5748437643051147,40.95888581055295,29.13579741603491,1757046700.0116525
"(321, 239)",40.9588859,29.1357977,4.998,-0.0028553097508847713,-9.866410255199298e-05,1.5748437643051147,40.95888581055295,29.13579741603491,1757046700.1327481
"(321, 241)",40.9588859,29.1357977,4.998,0.0009563973289914429,-4.7125093260547146e-05,1.5750179290771484,40.958886076484,29.135797414434816,1757046700.3539243
"(320, 240)",40.9588859,29.1357977,4.998,0.00274387514218688,1.793031879060436e-05,1.575014352798462,40.95888577681023,29.135797698245902,1757046700.5757668
"(321, 239)",40.9588859,29.1357977,4.998,0.00274387514218688,1.793031879060436e-05,1.575014352798462,40.958885559216256,29.13579740767075,1757046700.6876082
"(321, 238)",40.9588859,29.1357977,4.998,-0.0021990188397467136,-3.4266886359546334e-05,1.575094223022461,40.95888556264813,29.135797410767974,1757046700.8053331
"(321, 238)",40.9588859,29.1357977,4.998,-0.0021990188397467136,-3.4266886359546334e-05,1.575094223022461,40.95888556264813,29.135797410767974,1757046700.9135485
"(320, 239)",40.9588859,29.1357977,4.998,-0.0006552695413120091,-0.0001117737774620764,1.574991226196289,40.95888571088834,29.135797705594868,1757046701.121343
"(321, 241)",40.9588859,29.1357977,4.998,-0.0006552695413120091,-0.0001117737774620764,1.574991226196289,40.95888614882726,29.13579741867195,1757046701.2365856
"(321, 241)",40.9588859,29.1357977,4.997,0.003489499446004629,-0.00012737789074890316,1.5751162767410278,40.95888596274658,29.135797418636795,1757046701.3539279
"(322, 240)",40.9588859,29.1357977,4.997,0.003489499446004629,-0.00012737789074890316,1.5751162767410278,40.95888574522438,29.13579712808929,1757046701.459659
"(321, 239)",40.9588859,29.1357977,4.997,-0.0021368474699556828,-0.00011315248411847278,1.575029969215393,40.95888577835723,29.135797416749604,1757046701.579712
"(321, 238)",40.9588859,29.1357977,4.997,-0.0021368474699556828,-0.00011315248411847278,1.575029969215393,40.9588855598958,29.13579741552788,1757046701.7020972
"(321, 239)",40.9588859,29.1357977,4.997,-0.0021368474699556828,-0.00011315248411847278,1.575029969215393,40.95888577835723,29.135797416749604,1757046701.8165524
"(322, 240)",40.9588859,29.1357977,4.997,-0.0017534680664539337,-0.00010263146396027878,1.5750919580459595,40.95888598056751,29.13579712796455,1757046702.0341258
"(321, 241)",40.9588859,29.1357977,4.997,0.0033473633229732513,-0.00018251447181683034,1.575060486793518,40.95888596910443,29.135797421945554,1757046702.2482486
"(322, 240)",40.9588859,29.1357977,4.997,0.0033473633229732513,-0.00018251447181683034,1.575060486793518,40.958885751570136,29.135797131414687,1757046702.3616705
"(321, 238)",40.9588859,29.1357977,4.998,-0.0013174570631235838,-0.00010845562792383134,1.5750540494918823,40.95888552304297,29.13579741497153,1757046702.5856497
"(321, 238)",40.9588859,29.1357977,4.998,-0.0026695465203374624,2.175398731196765e-05,1.5750850439071655,40.958885583783406,29.135797407562386,1757046702.6911077
"(321, 239)",40.9588859,29.1357977,4.998,-0.0026695465203374624,2.175398731196765e-05,1.5750850439071655,40.958885802287504,29.135797408799533,1757046702.8015776
"(322, 240)",40.9588859,29.1357977,4.998,-0.0026695465203374624,2.175398731196765e-05,1.5750850439071655,40.958886021734436,29.135797120686018,1757046702.9147744
"(321, 241)",40.9588859,29.1357977,4.998,0.0026273762341588736,-0.00018121933680959046,1.5751895904541016,40.958886001471235,29.13579742201239,1757046703.0212533
"(322, 240)",40.9588859,29.1357977,4.998,0.0026273762341588736,-0.00018121933680959046,1.5751895904541016,40.958885783921886,29.13579713138782,1757046703.2316048
"(321, 239)",40.9588859,29.1357977,4.998,-0.0001466949179302901,-9.153006976703182e-05,1.5750890970230103,40.95888568899582,29.135797414887783,1757046703.4430695
"(321, 239)",40.9588859,29.1357977,4.998,-0.003367914818227291,-2.0795792806893587e-05,1.5751439332962036,40.95888583364718,29.13579741150255,1757046703.551461
"(321, 239)",40.9588859,29.1357977,4.998,-0.003367914818227291,-2.0795792806893587e-05,1.5751439332962036,40.95888583364718,29.13579741150255,1757046703.6618361
"(321, 241)",40.9588859,29.1357977,4.999,0.0018795793876051903,-9.056070848600939e-05,1.5750478506088257,40.958886035060196,29.13579741673513,1757046703.890022
"(321, 241)",40.9588859,29.1357977,4.999,0.0018795793876051903,-9.056070848600939e-05,1.5750478506088257,40.958886035060196,29.13579741673513,1757046703.999971
"(322, 240)",40.9588859,29.1357977,4.999,0.0001192054696730338,-0.00021929551439825445,1.5751371383666992,40.9588858965016,29.13579713419592,1757046704.2139573
"(321, 239)",40.9588859,29.1357977,4.999,-0.004240675829350948,-0.00019890877592843026,1.5750937461853027,40.95888587278118,29.13579742226417,1757046704.4469855
"(322, 240)",40.9588859,29.1357977,4.999,-0.004240675829350948,-0.00019890877592843026,1.5750937461853027,40.9588860922742,29.135797134092677,1757046704.556027
"(321, 241)",40.9588858,29.1357977,4.999,0.0009338535601273179,1.2334243365330622e-05,1.5750527381896973,40.95888597755061,29.135797410855695,1757046704.6651342
"(321, 242)",40.9588858,29.1357977,4.999,0.0009338535601273179,1.2334243365330622e-05,1.5750527381896973,40.958886196102604,29.13579741208884,1757046704.7818332
"(321, 242)",40.9588858,29.1357977,4.999,0.0012227571569383144,-9.637514449423179e-05,1.5751416683197021,40.95888618312594,29.135797418526046,1757046704.9009118
"(321, 241)",40.9588858,29.1357977,4.999,0.0012227571569383144,-9.637514449423179e-05,1.5751416683197021,40.95888596457493,29.13579741726676,1757046705.0130303
"(322, 241)",40.9588858,29.1357977,4.999,0.0012227571569383144,-9.637514449423179e-05,1.5751416683197021,40.95888596552455,29.135797127861277,1757046705.134297
"(321, 240)",40.9588858,29.1357977,4.999,-0.004372220020741224,-9.037132258526981e-05,1.5751004219055176,40.9588859972649,29.135797417082838,1757046705.3557389
"(321, 241)",40.9588858,29.1357977,5.0,-0.00043009367072954774,-6.68416396365501e-05,1.5751100778579712,40.9588860388467,29.13579741586867,1757046705.4660907
"(320, 242)",40.9588858,29.1357977,5.0,-0.00043009367072954774,-6.68416396365501e-05,1.5751100778579712,40.95888625650365,29.135797706583233,1757046705.5825171
"(320, 242)",40.9588858,29.1357977,5.0,-0.00043009367072954774,-6.68416396365501e-05,1.5751100778579712,40.95888625650365,29.135797706583233,1757046705.6929507
"(320, 242)",40.9588858,29.1357977,4.999,0.0019334895769134164,-0.00018048939818982035,1.575078010559082,40.9588861502421,29.1357977127187,1757046705.8004198
"(321, 241)",40.9588858,29.1357977,4.999,0.0019334895769134164,-0.00018048939818982035,1.575078010559082,40.95888593262836,29.135797422074525,1757046706.014529
"(321, 241)",40.9588858,29.1357977,4.999,-0.00376280490309,-7.26985526853241e-05,1.5750818252563477,40.95888618845906,29.135797417107472,1757046706.2757273
"(321, 241)",40.9588858,29.1357977,5.0,-0.0018957169959321618,-9.42688639042899e-05,1.5750222206115723,40.958886104654,29.13579741783802,1757046706.3926911
"(320, 242)",40.9588858,29.1357977,5.0,-0.0018957169959321618,-9.42688639042899e-05,1.5750222206115723,40.95888632233571,29.13579770852981,1757046706.635699
"(321, 242)",40.9588858,29.1357977,5.0,0.002574298297986388,-0.0001352050167042762,1.575124979019165,40.95888612248277,29.135797420425863,1757046706.879791
"(321, 241)",40.9588858,29.1357977,5.0,-0.0013844886561855674,-0.00011063267447752878,1.5751100778579712,40.95888608170657,29.13579741871654,1757046706.9948642
"(321, 241)",40.9588858,29.1357977,5.0,-0.0013844886561855674,-0.00011063267447752878,1.5751100778579712,40.95888608170657,29.13579741871654,1757046707.105917
"(321, 241)",40.9588858,29.1357977,4.999,-0.0028199476655572653,-8.320555207319558e-05,1.5751031637191772,40.958886146118466,29.135797417503994,1757046707.2226048
"(321, 242)",40.9588858,29.1357977,4.999,-0.0028199476655572653,-8.320555207319558e-05,1.5751031637191772,40.958886364683856,29.13579741874652,1757046707.3394687
"(320, 242)",40.9588858,29.1357977,4.999,-0.0028199476655572653,-8.320555207319558e-05,1.5751031637191772,40.95888636374277,29.135797708162944,1757046707.4629397
"(320, 242)",40.9588858,29.1357977,4.999,0.0026436634361743927,-0.00019871463882736862,1.5750622749328613,40.95888611834566,29.13579771361499,1757046707.7020044
"(321, 241)",40.9588858,29.1357977,5.0,0.0003428425407037139,-8.846809942042455e-05,1.5752068758010864,40.958886004145654,29.135797416983912,1757046707.949571
"(321, 241)",40.9588858,29.1357977,5.001,-0.0034622224047780037,-7.210278272395954e-05,1.5750577449798584,40.95888617510501,29.13579741687099,1757046708.0600035
"(321, 241)",40.9588858,29.1357977,5.001,-0.0034622224047780037,-7.210278272395954e-05,1.5750577449798584,40.95888617510501,29.13579741687099,1757046708.1760228
"(321, 241)",40.9588858,29.1357977,5.001,-0.0034622224047780037,-7.210278272395954e-05,1.5750577449798584,40.95888617510501,29.13579741687099,1757046708.2819965
"(320, 242)",40.9588858,29.1357977,5.001,0.0013519098283722997,-0.0003124107315670699,1.5750900506973267,40.95888617648547,29.1357977207257,1757046708.394925
"(320, 242)",40.9588858,29.1357977,5.001,0.0013519098283722997,-0.0003124107315670699,1.5750900506973267,40.95888617648547,29.1357977207257,1757046708.5042226
"(320, 242)",40.9588858,29.1357977,5.001,0.0013519098283722997,-0.0003124107315670699,1.5750900506973267,40.95888617648547,29.1357977207257,1757046708.6190739
"(321, 241)",40.9588858,29.1357977,5.001,0.0017550521297380328,-0.0004028014373034239,1.5750348567962646,40.95888594064614,29.135797435225815,1757046708.8318474
"(321, 241)",40.9588858,29.1357977,5.001,-0.003732937853783369,-0.00046418828424066305,1.5749982595443726,40.95888618718016,29.13579744023343,1757046708.9457326
"(321, 241)",40.9588858,29.1357977,5.001,-0.003732937853783369,-0.00046418828424066305,1.5749982595443726,40.95888618718016,29.13579744023343,1757046709.0614176
"(321, 241)",40.9588858,29.1357977,5.001,-0.003732937853783369,-0.00046418828424066305,1.5749982595443726,40.95888618718016,29.13579744023343,1757046709.1895986
"(320, 242)",40.9588858,29.1357977,5.001,0.00013080320786684752,-0.000393322785384953,1.5749627351760864,40.958886231334205,29.13579772577823,1757046709.4250445
"(320, 242)",40.9588858,29.1357977,5.001,0.002210595179349184,-0.0003669966827146709,1.5750017166137695,40.95888613789822,29.135797723714052,1757046709.5829623
"(320, 242)",40.9588858,29.1357977,5.001,0.002210595179349184,-0.0003669966827146709,1.5750017166137695,40.95888613789822,29.135797723714052,1757046709.7305174
"(321, 241)",40.9588858,29.1357977,5.002,-0.002720178570598364,-0.0003244162944611162,1.5750997066497803,40.9588861417952,29.13579743165993,1757046709.8798387
"(321, 241)",40.9588858,29.1357977,5.002,-0.002720178570598364,-0.0003244162944611162,1.5750997066497803,40.9588861417952,29.13579743165993,1757046709.994466
"(321, 241)",40.9588858,29.1357977,5.002,-0.0013040642952546477,-0.0002208907390013337,1.5750147104263306,40.95888607816406,29.135797425108912,1757046710.1084023
"(321, 241)",40.9588858,29.1357977,5.002,-0.0013040642952546477,-0.0002208907390013337,1.5750147104263306,40.95888607816406,29.135797425108912,1757046710.2177222
"(321, 242)",40.9588858,29.1357977,5.002,-0.0013040642952546477,-0.0002208907390013337,1.5750147104263306,40.958886296854345,29.13579742632867,1757046710.3257682
"(320, 242)",40.9588858,29.1357977,5.002,0.0033140494488179684,-0.00010179944365518168,1.5749776363372803,40.958886088431726,29.1357977076542,1757046710.4389348
"(320, 242)",40.9588858,29.1357977,5.002,0.0033140494488179684,-0.00010179944365518168,1.5749776363372803,40.958886088431726,29.1357977076542,1757046710.581512
"(321, 241)",40.9588858,29.1357977,5.002,-0.0010356862330809236,-3.839054625132121e-05,1.5750079154968262,40.95888606613787,29.13579741418059,1757046710.806166
"(321, 241)",40.9588858,29.1357977,5.002,-0.0010356862330809236,-3.839054625132121e-05,1.5750079154968262,40.95888606613787,29.13579741418059,1757046710.9203658
"(321, 241)",40.9588858,29.1357977,5.002,-0.0010356862330809236,-3.839054625132121e-05,1.5750079154968262,40.95888606613787,29.13579741418059,1757046711.0309901
"(320, 242)",40.9588858,29.1357977,5.003,-0.0025935289449989796,-3.5476168704917654e-05,1.5749481916427612,40.95888635402635,29.135797705157266,1757046711.2462971
"(320, 242)",40.9588858,29.1357977,5.003,0.002886127447709441,-0.00016073431470431387,1.5749621391296387,40.9588861077111,29.135797711263237,1757046711.3645937
"(320, 242)",40.9588858,29.1357977,5.003,0.002886127447709441,-0.00016073431470431387,1.5749621391296387,40.9588861077111,29.135797711263237,1757046711.592477
"(321, 241)",40.9588858,29.1357977,5.003,0.0005681815673597157,3.5719003790291026e-05,1.5750257968902588,40.95888599412568,29.135797409317895,1757046711.7075887
"(321, 241)",40.9588858,29.1357977,5.003,0.0005681815673597157,3.5719003790291026e-05,1.5750257968902588,40.95888599412568,29.135797409317895,1757046711.8171556
"(321, 241)",40.9588858,29.1357977,5.003,-0.002740685362368822,-0.00014006593846715987,1.574983835220337,40.9588861427967,29.135797420587593,1757046711.9317424
"(321, 241)",40.9588858,29.1357977,5.003,-0.002740685362368822,-0.00014006593846715987,1.574983835220337,40.9588861427967,29.135797420587593,1757046712.1615732
"(320, 242)",40.9588858,29.1357977,5.003,0.002745230682194233,-5.002291436539963e-05,1.5749989748001099,40.95888611406423,29.135797704724826,1757046712.274077
"(322, 242)",40.9588858,29.1357977,5.003,0.002745230682194233,-5.002291436539963e-05,1.5749989748001099,40.95888611590253,29.13579712546012,1757046712.5006742
"(320, 240)",40.9588858,29.1357977,5.003,0.002132163383066654,0.00011295787408016622,1.5750164985656738,40.95888570419692,29.13579769274215,1757046712.7284148
"(321, 240)",40.9588858,29.1357977,5.003,-0.0028307850006967783,0.0004786213976331055,1.5749685764312744,40.95888592822505,29.135797382578065,1757046712.8415995
"(322, 241)",40.9588858,29.1357977,5.003,-0.0028307850006967783,0.0004786213976331055,1.5749685764312744,40.95888614787353,29.135797094136144,1757046712.9558342
"(322, 242)",40.9588858,29.1357977,5.003,0.0012152090203016996,0.0004146550490986556,1.5749902725219727,40.95888618475497,29.135797098174862,1757046713.182847
"(321, 241)",40.9588858,29.1357977,5.003,0.00270768697373569,0.0002549522032495588,1.5751056671142578,40.95888589803043,29.135797395744387,1757046713.4020731
"(321, 240)",40.9588858,29.1357977,5.003,0.00270768697373569,0.0002549522032495588,1.5751056671142578,40.958885679301844,29.135797394492418,1757046713.6275733
"(321, 239)",40.9588858,29.1357977,5.003,-0.0025926087982952595,0.00015537667786702514,1.5750041007995605,40.95888569873936,29.13579740054703,1757046713.7346776
"(322, 240)",40.9588858,29.1357977,5.002,0.0006915872800163925,3.898260911228135e-05,1.5750081539154053,40.95888577077419,29.13579711834438,1757046713.9537244
"(321, 241)",40.9588858,29.1357977,5.002,0.0006915872800163925,3.898260911228135e-05,1.5750081539154053,40.9588859885385,29.135797409146498,1757046714.061315
"(321, 241)",40.9588858,29.1357977,5.002,0.004048751667141914,2.2789328795624897e-05,1.5748534202575684,40.958885837651756,29.1357974092634,1757046714.171942
"(321, 240)",40.9588858,29.1357977,5.002,0.004048751667141914,2.2789328795624897e-05,1.5748534202575684,40.95888561896636,29.135797408082833,1757046714.287475
"(322, 240)",40.9588858,29.1357977,5.002,0.004048751667141914,2.2789328795624897e-05,1.5748534202575684,40.95888561985358,29.13579711849894,1757046714.4007015
"(321, 239)",40.9588858,29.1357977,5.002,-0.001865837024524808,-0.00010866986121982336,1.5748536586761475,40.958885666021075,29.13579741616224,1757046714.5170856
"(321, 239)",40.9588858,29.1357977,5.002,-0.001865837024524808,-0.00010866986121982336,1.5748536586761475,40.958885666021075,29.13579741616224,1757046714.6330247
"(321, 239)",40.9588859,29.1357977,5.002,-0.000585314235650003,-8.338787301909178e-05,1.5749601125717163,40.9588857085097,29.13579741432044,1757046714.7413664
"(322, 241)",40.9588859,29.1357977,5.002,-0.000585314235650003,-8.338787301909178e-05,1.5749601125717163,40.95888614679218,29.135797127148493,1757046714.859071
"(321, 240)",40.9588859,29.1357977,5.002,-0.000585314235650003,-8.338787301909178e-05,1.5749601125717163,40.958885927195084,29.135797415525374,1757046714.9711952
"(322, 241)",40.9588859,29.1357977,5.002,0.003937340807169676,-6.779095542697178e-07,1.5750133991241455,40.95888594361071,29.13579712111772,1757046715.1900222
"(321, 240)",40.9588859,29.1357977,5.002,-0.001654123654589057,-8.911035820347024e-07,1.5751227140426636,40.95888597527127,29.13579741089734,1757046715.3040342
"(321, 239)",40.9588859,29.1357977,5.002,-0.001654123654589057,-8.911035820347024e-07,1.5751227140426636,40.95888575658656,29.13579740964683,1757046715.4197438
"(321, 238)",40.9588859,29.1357977,5.002,-0.001654123654589057,-8.911035820347024e-07,1.5751227140426636,40.95888553790537,29.13579740839634,1757046715.5306525
"(321, 239)",40.9588859,29.1357977,5.002,-0.0019043560605496168,-8.170051296474412e-05,1.5749642848968506,40.95888576778062,29.135797414547486,1757046715.6460545
"(321, 240)",40.9588859,29.1357977,5.002,-0.0019043560605496168,-8.170051296474412e-05,1.5749642848968506,40.958885986465326,29.135797415751764,1757046715.753804
"(322, 241)",40.9588859,29.1357977,5.002,0.0034141188953071833,-2.679287899809424e-05,1.5750136375427246,40.95888596711598,29.135797122802657,1757046715.975849
"(322, 241)",40.9588859,29.1357977,5.002,-0.0007943425443954766,3.0022431019460782e-05,1.5750032663345337,40.95888615622519,29.135797120465682,1757046716.0916326
"(321, 239)",40.9588859,29.1357977,5.002,-0.0007943425443954766,3.0022431019460782e-05,1.5750032663345337,40.958885717932844,29.135797407613985,1757046716.2020028
"(321, 239)",40.9588859,29.1357977,5.002,-0.0007943425443954766,3.0022431019460782e-05,1.5750032663345337,40.958885717932844,29.135797407613985,1757046716.3169646
"(321, 238)",40.9588859,29.1357977,5.002,-0.002568906871601939,-6.932314136065543e-05,1.5749540328979492,40.9588855789622,29.13579741277737,1757046716.421187
"(321, 240)",40.9588859,29.1357977,5.002,-0.002568906871601939,-6.932314136065543e-05,1.5749540328979492,40.958886016326076,29.13579741517809,1757046716.6468627
"(322, 241)",40.9588859,29.1357977,5.002,0.002816085936501622,-0.00017866457346826792,1.574938416481018,40.95888599392649,29.135797131979984,1757046716.7583346
"(322, 241)",40.9588859,29.1357977,5.002,0.002816085936501622,-0.00017866457346826792,1.574938416481018,40.95888599392649,29.135797131979984,1757046716.8830223
"(322, 241)",40.9588859,29.1357977,5.002,0.00021494139218702912,-0.0002212815306847915,1.5750014781951904,40.95888611082469,29.13579713516956,1757046716.9964576
"(321, 239)",40.9588859,29.1357977,5.002,0.00021494139218702912,-0.0002212815306847915,1.5750014781951904,40.95888567253379,29.13579742231351,1757046717.2207148
"(321, 239)",40.9588859,29.1357977,5.002,-0.0027886684983968735,-3.3241121855098754e-05,1.5749872922897339,40.95888580753003,29.135797411881214,1757046717.4230413
"(322, 241)",40.9588859,29.1357977,5.002,0.0025880844332277775,1.9279632397228852e-05,1.5750685930252075,40.95888600426542,29.13579712027505,1757046717.535955
"(321, 241)",40.9588859,29.1357977,5.002,0.0025880844332277775,1.9279632397228852e-05,1.5750685930252075,40.95888600333113,29.135797409853616,1757046717.7695997
"(322, 241)",40.9588859,29.1357977,5.002,0.0014592759544029832,-0.0001242261059815064,1.5750173330307007,40.9588860549371,29.13579712908903,1757046717.8746812
"(321, 239)",40.9588859,29.1357977,5.002,0.0014592759544029832,-0.0001242261059815064,1.5750173330307007,40.95888561664153,29.13579741621921,1757046718.1019502
"(321, 239)",40.9588859,29.1357977,5.002,-0.0029729774687439203,-0.0002293347497470677,1.5749573707580566,40.95888581576858,29.13579742359848,1757046718.2147198
"(321, 240)",40.9588859,29.1357977,5.002,0.0017821849323809147,-0.0001342901960015297,1.574967384338379,40.95888582080743,29.135797417966423,1757046718.3388622
"(322, 241)",40.9588859,29.1357977,5.002,0.0017821849323809147,-0.0001342901960015297,1.574967384338379,40.95888604040415,29.13579712959812,1757046718.4393494
"(321, 241)",40.9588859,29.1357977,5.002,0.0017821849323809147,-0.0001342901960015297,1.574967384338379,40.95888603949209,29.135797419176793,1757046718.5532815
"(321, 241)",40.9588859,29.1357977,5.002,0.0016267836326733232,-4.947286288370378e-05,1.5750322341918945,40.958886046504816,29.13579741418104,1757046718.677325
"(322, 241)",40.9588859,29.1357977,5.002,0.0016267836326733232,-4.947286288370378e-05,1.5750322341918945,40.95888604743111,29.13579712460195,1757046718.7845747
"(321, 240)",40.9588859,29.1357977,5.002,0.0016267836326733232,-4.947286288370378e-05,1.5750322341918945,40.958885827820076,29.13579741295211,1757046718.8911457
"(321, 239)",40.9588859,29.1357977,5.001,-0.003075133543461561,-0.0001227219181600958,1.5750244855880737,40.958885820408945,29.135797417329652,1757046719.001337
"(322, 240)",40.9588859,29.1357977,5.001,-0.003075133543461561,-0.0001227219181600958,1.5750244855880737,40.958886039974246,29.135797129025292,1757046719.2162573
"(322, 241)",40.9588859,29.1357977,5.001,0.0017985343001782894,-5.196203346713446e-05,1.5750610828399658,40.95888603969783,29.135797124827445,1757046719.3290298
"(321, 241)",40.9588859,29.1357977,5.001,0.0017985343001782894,-5.196203346713446e-05,1.5750610828399658,40.958886038765414,29.13579741434844,1757046719.4375181
"(321, 241)",40.9588859,29.1357977,5.002,0.002941819606348872,-4.661694401875138e-05,1.5750186443328857,40.95888598741308,29.13579741367908,1757046719.5475707
"(321, 240)",40.9588859,29.1357977,5.002,0.002941819606348872,-4.661694401875138e-05,1.5750186443328857,40.95888576872842,29.135797412452227,1757046719.766468
"(321, 239)",40.9588859,29.1357977,5.002,-0.002545488765463233,1.928198071254883e-05,1.5749644041061401,40.95888579660794,29.135797408698345,1757046719.883056
"(321, 239)",40.9588859,29.1357977,5.002,0.0006570987170562148,-9.390906780026853e-05,1.5750020742416382,40.958885652689695,29.13579741462315,1757046720.0010803
"(322, 240)",40.9588859,29.1357977,5.002,0.0006570987170562148,-9.390906780026853e-05,1.5750020742416382,40.95888587229612,29.135797126261078,1757046720.1186204
"(321, 241)",40.9588859,29.1357977,5.002,0.0006570987170562148,-9.390906780026853e-05,1.5750020742416382,40.95888609006164,29.135797417060825,1757046720.2297795
"(321, 241)",40.9588859,29.1357977,5.003,0.004244544543325901,-0.00010781372839119285,1.5750068426132202,40.95888592886885,29.135797416936544,1757046720.3393354
"(321, 241)",40.9588859,29.1357977,5.003,0.004244544543325901,-0.00010781372839119285,1.5750068426132202,40.95888592886885,29.135797416936544,1757046720.4594069
"(322, 240)",40.9588859,29.1357977,5.003,0.004244544543325901,-0.00010781372839119285,1.5750068426132202,40.958885711060944,29.13579712606974,1757046720.569105
"(321, 239)",40.9588859,29.1357977,5.003,-0.0010414471616968513,-0.0002497431414667517,1.5750221014022827,40.95888572895333,29.135797424263217,1757046720.7822537
"(321, 239)",40.9588859,29.1357977,5.003,-0.000638111203443259,-0.0001390085235470906,1.5749692916870117,40.95888571083587,29.13579741758435,1757046720.8916912
"(321, 240)",40.9588859,29.1357977,5.003,-0.000638111203443259,-0.0001390085235470906,1.5749692916870117,40.95888592956487,29.13579741879211,1757046721.1276908
"(322, 240)",40.9588859,29.1357977,5.003,0.004535941407084465,-0.00018286904378328472,1.5749249458312988,40.95888569791538,29.135797130485,1757046721.3669324
"(321, 240)",40.9588859,29.1357977,5.003,0.0009889453649520874,-0.00012831843923777342,1.5750257968902588,40.95888585645525,29.135797417748496,1757046721.4958096
"(321, 239)",40.9588859,29.1357977,5.003,0.0009889453649520874,-0.00012831843923777342,1.5750257968902588,40.95888563772444,29.135797416522067,1757046721.640584
"(321, 239)",40.9588859,29.1357977,5.003,0.0009889453649520874,-0.00012831843923777342,1.5750257968902588,40.95888563772444,29.135797416522067,1757046721.753158
"(321, 239)",40.9588859,29.1357977,5.002,-0.0013934602029621601,-0.0001919553178595379,1.574974536895752,40.958885744805734,29.135797420978527,1757046721.858359
"(321, 240)",40.9588859,29.1357977,5.002,-0.0013934602029621601,-0.0001919553178595379,1.574974536895752,40.95888596349048,29.135797422186496,1757046722.0157516
"(322, 241)",40.9588859,29.1357977,5.002,0.003919858951121569,-0.00014518655370920897,1.5750000476837158,40.95888594436303,29.1357971297204,1757046722.147135
"(322, 241)",40.9588859,29.1357977,5.002,0.003919858951121569,-0.00014518655370920897,1.5750000476837158,40.95888594436303,29.1357971297204,1757046722.2680326
"(322, 241)",40.9588859,29.1357977,5.002,0.003919858951121569,-0.00014518655370920897,1.5750000476837158,40.95888594436303,29.1357971297204,1757046722.386217
"(321, 239)",40.9588859,29.1357977,5.002,0.002338130259886384,-0.00013998853683006018,1.5751205682754517,40.958885577169006,29.135797416890508,1757046722.6162944
"(321, 238)",40.958886,29.1357977,5.002,-0.002183112781494856,-2.6275913114659488e-05,1.5748085975646973,40.958885661602395,29.135797410184896,1757046722.7356646
"(321, 238)",40.958886,29.1357977,5.002,-0.002183112781494856,-2.6275913114659488e-05,1.5748085975646973,40.958885661602395,29.135797410184896,1757046722.8636122
"(321, 239)",40.958886,29.1357977,5.002,0.0028255628421902657,-3.903276228811592e-05,1.574998378753662,40.95888565525861,29.135797410812792,1757046722.9755998
"(321, 240)",40.958886,29.1357977,5.002,0.0028255628421902657,-3.903276228811592e-05,1.574998378753662,40.9588858739493,29.135797412033643,1757046723.0902748
"(320, 240)",40.958886,29.1357977,5.002,0.0028255628421902657,-3.903276228811592e-05,1.574998378753662,40.95888587303033,29.135797701615996,1757046723.2027707
"(321, 240)",40.958886,29.1357977,5.002,0.003227896522730589,-1.6543519450351596e-05,1.57500422000885,40.958885855876446,29.135797410593437,1757046723.3174446
"(321, 238)",40.958886,29.1357977,5.002,0.003227896522730589,-1.6543519450351596e-05,1.57500422000885,40.958885418486254,29.13579740814717,1757046723.5443919
"(321, 238)",40.958886,29.1357977,5.003,-0.0018576050642877817,-0.00018148095114156604,1.574974536895752,40.95888564691224,29.135797419207698,1757046723.6648479
"(321, 238)",40.958886,29.1357977,5.003,-0.0018576050642877817,-0.00018148095114156604,1.574974536895752,40.95888564691224,29.135797419207698,1757046723.7857292
"(321, 239)",40.958886,29.1357977,5.003,0.0009433669620193541,-0.00015926775813568383,1.5749058723449707,40.95888573974156,29.135797418416843,1757046723.9075384
"(321, 239)",40.958886,29.1357977,5.003,0.0009433669620193541,-0.00015926775813568383,1.5749058723449707,40.95888573974156,29.135797418416843,1757046724.025886
"(321, 240)",40.958886,29.1357977,5.003,0.0009433669620193541,-0.00015926775813568383,1.5749058723449707,40.95888595847237,29.135797419608473,1757046724.1711454
"(321, 240)",40.958886,29.1357977,5.003,0.004403042607009411,4.881945301349333e-07,1.5748845338821411,40.958885803010006,29.135797409257595,1757046724.377301
"(321, 239)",40.958886,29.1357977,5.003,0.004403042607009411,4.881945301349333e-07,1.5748845338821411,40.95888558427129,29.13579740806723,1757046724.5190892
"(321, 238)",40.958886,29.1357977,5.003,-0.0007383181946352124,-3.2867665140656754e-05,1.5749150514602661,40.958885596619965,29.135797410113916,1757046724.756642
"(321, 238)",40.958886,29.1357977,5.003,-0.0007383181946352124,-3.2867665140656754e-05,1.5749150514602661,40.958885596619965,29.135797410113916,1757046724.8777509
"(321, 238)",40.958886,29.1357977,5.003,-0.0006611822755075991,-6.630703137489036e-05,1.5750380754470825,40.95888559317364,29.135797412018622,1757046725.0025873
"(321, 239)",40.958886,29.1357977,5.003,-0.0006611822755075991,-6.630703137489036e-05,1.5750380754470825,40.958885811901226,29.135797413246262,1757046725.1337316
"(321, 240)",40.958886,29.1357977,5.002,0.004684074781835079,-3.9723152440274134e-05,1.5750997066497803,40.95888579046092,29.135797411579905,1757046725.2617905
"(321, 239)",40.958886,29.1357977,5.002,0.004684074781835079,-3.9723152440274134e-05,1.5750997066497803,40.95888557176531,29.135797410327065,1757046725.5026906
"(321, 237)",40.958886,29.1357977,5.002,0.0009328742162324488,-0.0001858891628216952,1.5749058723449707,40.95888530288013,29.13579741767694,1757046725.7509618
"(321, 237)",40.958886,29.1357977,5.001,-0.001250930712558329,-0.0004339609877206385,1.575007677078247,40.958885401121336,29.135797432953442,1757046725.8641448
"(321, 238)",40.958886,29.1357977,5.001,-0.001250930712558329,-0.0004339609877206385,1.575007677078247,40.95888561975684,29.135797434170936,1757046725.9884384
"(321, 239)",40.958886,29.1357977,5.001,-0.001250930712558329,-0.0004339609877206385,1.575007677078247,40.95888583839501,29.13579743538844,1757046726.0957289
"(321, 239)",40.958886,29.1357977,5.001,0.0038663025479763746,-0.0005333409644663334,1.5749727487564087,40.95888560847238,29.1357974400274,1757046726.3341148
"(321, 239)",40.958886,29.1357977,5.001,0.0022576753981411457,-0.0005330343265086412,1.5750898122787476,40.95888568076629,29.135797440363053,1757046726.4481356
"(321, 238)",40.958886,29.1357977,5.001,0.0022576753981411457,-0.0005330343265086412,1.5750898122787476,40.95888546211634,29.135797439116754,1757046726.580568
"(320, 237)",40.958886,29.1357977,5.001,-0.0020866761915385723,-0.00039380014641210437,1.5749772787094116,40.95888543775899,29.13579772031411,1757046726.8242648
"(320, 238)",40.958886,29.1357977,5.001,-0.0020866761915385723,-0.00039380014641210437,1.5749772787094116,40.95888565639113,29.135797721524543,1757046726.9367235
"(321, 239)",40.958886,29.1357977,5.002,0.0017528518801555037,-0.00033374663325957954,1.574965000152588,40.958885703399474,29.135797428632248,1757046727.1570878
"(321, 239)",40.958886,29.1357977,5.002,0.003843392478302121,-0.0003086174256168306,1.57499098777771,40.958885609469135,29.135797426600384,1757046727.270581
"(321, 238)",40.958886,29.1357977,5.002,0.003843392478302121,-0.0003086174256168306,1.57499098777771,40.95888539076798,29.13579742538018,1757046727.3831182
"(320, 238)",40.958886,29.1357977,5.002,0.003843392478302121,-0.0003086174256168306,1.57499098777771,40.958885389849705,29.135797714974,1757046727.497838
"(320, 237)",40.958886,29.1357977,5.002,-0.0015791335608810186,-0.00024837302044034004,1.5748828649520874,40.95888541486543,29.135797711612106,1757046727.662508
"(320, 237)",40.958886,29.1357977,5.002,-0.0015791335608810186,-0.00024837302044034004,1.5748828649520874,40.95888541486543,29.135797711612106,1757046727.776728
"(320, 238)",40.958886,29.1357977,5.002,0.0001490349241066724,-0.0001901828800328076,1.5749573707580566,40.95888555589511,29.135797708869077,1757046728.000382
"(320, 239)",40.958886,29.1357977,5.002,0.0001490349241066724,-0.0001901828800328076,1.5749573707580566,40.95888577458162,29.135797710074048,1757046728.122047
"(320, 239)",40.958886,29.1357977,5.001,0.004369847010821104,-0.00012417661491781473,1.5750317573547363,40.95888558501155,29.135797705059705,1757046728.2426398
"(320, 238)",40.958886,29.1357977,5.001,0.004369847010821104,-0.00012417661491781473,1.5750317573547363,40.95888536635119,29.13579770383334,1757046728.3730397
"(320, 237)",40.958886,29.1357977,5.001,-0.00024070900690276176,-1.1574284144444391e-05,1.5751385688781738,40.9588853548873,29.135797696979164,1757046728.5996773
"(321, 237)",40.958886,29.1357977,5.001,-0.00024070900690276176,-1.1574284144444391e-05,1.5751385688781738,40.958885355836735,29.135797407457005,1757046728.7140663
"(320, 237)",40.958886,29.1357977,5.001,-0.001417861902154982,-5.955380402156152e-05,1.5749776363372803,40.958885407770794,29.13579770026372,1757046728.8289168
"(321, 238)",40.958886,29.1357977,5.001,-0.001417861902154982,-5.955380402156152e-05,1.5749776363372803,40.95888562732029,29.13579741195468,1757046728.939925
"(321, 239)",40.958886,29.1357977,5.001,0.004197673872113228,9.425965799891856e-06,1.5750322341918945,40.95888559369855,29.135797407623254,1757046729.0620198
"(321, 239)",40.958886,29.1357977,5.001,0.004197673872113228,9.425965799891856e-06,1.5750322341918945,40.95888559369855,29.135797407623254,1757046729.1795726
"(321, 239)",40.958886,29.1357977,5.001,0.004197673872113228,9.425965799891856e-06,1.5750322341918945,40.95888559369855,29.135797407623254,1757046729.2949996
"(320, 237)",40.958886,29.1357977,5.001,0.000790878722909838,-6.904145993757993e-05,1.5750181674957275,40.95888530852246,29.135797700241497,1757046729.5195007
"(321, 237)",40.958886,29.1357977,5.001,-0.002108657732605934,-0.0001425352820660919,1.575040578842163,40.95888543972196,29.135797415810387,1757046729.7423873
"(321, 239)",40.958886,29.1357977,5.001,-0.002108657732605934,-0.0001425352820660919,1.575040578842163,40.958885876990124,29.135797418261987,1757046729.965875
"(321, 239)",40.958886,29.1357977,5.0,0.0035032457672059536,-6.445490726036951e-05,1.5749980211257935,40.95888562495129,29.135797412269696,1757046730.0773804
"(321, 239)",40.958886,29.1357977,5.0,0.002396492986008525,0.0002111956855515018,1.5751245021820068,40.958885674745126,29.135797396099225,1757046730.2056713
"(321, 238)",40.958886,29.1357977,5.0,0.002396492986008525,0.0002111956855515018,1.5751245021820068,40.95888545613757,29.13579739484293,1757046730.428977
"(321, 237)",40.958886,29.1357977,5.0,-0.0021721050143241882,0.00028765093884430826,1.575022578239441,40.95888544276081,29.135797390310206,1757046730.5378816
"(321, 237)",40.958886,29.1357977,5.0,-0.0021721050143241882,0.00028765093884430826,1.575022578239441,40.95888544276081,29.135797390310206,1757046730.6479094
"(321, 238)",40.958886,29.1357977,5.0,-0.0021721050143241882,0.00028765093884430826,1.575022578239441,40.95888566134913,29.13579739153045,1757046730.7618284
"(321, 239)",40.958886,29.1357977,5.0,0.0019014391582459211,0.00025818118592724204,1.5749893188476562,40.95888569695952,29.13579739348732,1757046730.979251
"(322, 239)",40.958886,29.1357977,5.0,0.003488627728074789,0.00022088881814852357,1.5750267505645752,40.958885626592235,29.135797105814465,1757046731.0909293
"(321, 238)",40.958886,29.1357977,5.0,0.003488627728074789,0.00022088881814852357,1.5750267505645752,40.958885407055305,29.135797394057956,1757046731.1995873
"(321, 238)",40.958886,29.1357977,5.0,0.003488627728074789,0.00022088881814852357,1.5750267505645752,40.958885407055305,29.135797394057956,1757046731.3133774
"(321, 237)",40.958886,29.1357977,5.0,-0.0022297888062894344,0.00014762795763090253,1.574876308441162,40.95888544529263,29.135797398760626,1757046731.4321933
"(321, 237)",40.958886,29.1357977,5.0,-0.0022297888062894344,0.00014762795763090253,1.574876308441162,40.95888544529263,29.135797398760626,1757046731.5487676
"(321, 238)",40.958886,29.1357977,5.0,0.0011795852333307266,3.8185295125003904e-05,1.5750164985656738,40.95888551074548,29.135797405520545,1757046731.6784034
"(321, 239)",40.958886,29.1357977,5.0,0.0011795852333307266,3.8185295125003904e-05,1.5750164985656738,40.95888572934811,29.13579740674383,1757046731.8950877
"(321, 239)",40.958886,29.1357977,4.999,0.004025070462375879,-0.00012791789777111262,1.5750352144241333,40.95888560158743,29.135797415949806,1757046732.0073473
"(321, 238)",40.958886,29.1357977,4.999,0.004025070462375879,-0.00012791789777111262,1.5750352144241333,40.95888538301641,29.13579741471727,1757046732.12242
"(321, 238)",40.958886,29.1357977,4.999,-0.0017865633126348257,-2.3530445105279796e-05,1.5751211643218994,40.9588856440656,29.135797409952612,1757046732.2344222
"(321, 237)",40.958886,29.1357977,4.999,-0.0017865633126348257,-2.3530445105279796e-05,1.5751211643218994,40.95888542551972,29.13579740870353,1757046732.4530673
"(321, 238)",40.958886,29.1357977,4.998,0.0004073944000992924,0.0001587144361110404,1.5750540494918823,40.958885545645494,29.135797398645916,1757046732.568002
"(321, 239)",40.958886,29.1357977,4.998,0.0004073944000992924,0.0001587144361110404,1.5750540494918823,40.958885764158055,29.135797399878477,1757046732.6784873
"(321, 239)",40.958886,29.1357977,4.998,0.00421484000980854,4.365667700767517e-05,1.575024127960205,40.95888559317614,29.13579740576349,1757046732.790661
"(321, 239)",40.958886,29.1357977,4.998,0.00421484000980854,4.365667700767517e-05,1.575024127960205,40.95888559317614,29.13579740576349,1757046732.9013653
"(321, 238)",40.958886,29.1357977,4.998,0.00421484000980854,4.365667700767517e-05,1.575024127960205,40.95888537464771,29.135797404534138,1757046733.0156493
"(321, 238)",40.958886,29.1357977,4.998,-0.0018200083868578076,-9.137080633081496e-05,1.5750457048416138,40.95888564560914,29.135797414088096,1757046733.1238508
"(321, 237)",40.958886,29.1357977,4.998,-0.0018200083868578076,-9.137080633081496e-05,1.5750457048416138,40.95888542710713,29.135797412861148,1757046733.3361251
"(321, 239)",40.958886,29.1357977,4.998,-0.0002625163469929248,-0.00011634890688583255,1.5750224590301514,40.95888579417698,29.135797416411236,1757046733.5675344
"(321, 239)",40.958886,29.1357977,4.998,0.003945037256926298,-4.678774712374434e-05,1.5750603675842285,40.958885605281466,29.13579741119035,1757046733.6810482
"(321, 238)",40.958886,29.1357977,4.998,0.003945037256926298,-4.678774712374434e-05,1.5750603675842285,40.958885386754496,29.135797409950897,1757046733.9006429
"(321, 237)",40.958886,29.1357977,4.998,-0.0004606303700711578,-1.1936496093767346e-06,1.575060248374939,40.95888536608372,29.135797407138764,1757046734.0218427
"(321, 237)",40.958886,29.1357977,4.998,-0.001852127956226468,-9.238196071237326e-05,1.5749882459640503,40.958885428536796,29.135797412972977,1757046734.1374037
"(321, 237)",40.958886,29.1357977,4.998,-0.001852127956226468,-9.238196071237326e-05,1.5749882459640503,40.958885428536796,29.135797412972977,1757046734.2508667
"(321, 238)",40.958886,29.1357977,4.998,-0.001852127956226468,-9.238196071237326e-05,1.5749882459640503,40.95888564703873,29.13579741418326,1757046734.3584874
"(321, 239)",40.958886,29.1357977,4.998,0.003458400024101138,-0.0001204499785671942,1.5750435590744019,40.95888562711422,29.13579741570274,1757046734.4663546
"(321, 239)",40.958886,29.1357977,4.998,0.003458400024101138,-0.0001204499785671942,1.5750435590744019,40.95888562711422,29.13579741570274,1757046734.6779125
"(321, 238)",40.958886,29.1357977,4.998,0.00013859760656487197,-5.2464103646343574e-05,1.5750409364700317,40.95888555767222,29.135797411277835,1757046734.788991
"(321, 238)",40.958886,29.1357977,4.998,0.00013859760656487197,-5.2464103646343574e-05,1.5750409364700317,40.95888555767222,29.135797411277835,1757046734.9039354
"(321, 237)",40.958886,29.1357977,4.998,-0.0030971593223512173,-0.00011321018246235326,1.5750137567520142,40.95888548444529,29.135797414508584,1757046735.0130033
"(321, 238)",40.958886,29.1357977,4.998,-0.0030971593223512173,-0.00011321018246235326,1.5750137567520142,40.958885702941906,29.13579741572446,1757046735.117504
"(321, 240)",40.958886,29.1357977,4.999,0.002200298011302948,-0.00018564867787063122,1.5750162601470947,40.95888590207962,29.135797421079364,1757046735.3415768
"(321, 240)",40.958886,29.1357977,4.999,0.002200298011302948,-0.00018564867787063122,1.5750162601470947,40.95888590207962,29.135797421079364,1757046735.4586203
"(321, 239)",40.958886,29.1357977,4.999,0.0017791403224691749,-1.586898542882409e-05,1.5750473737716675,40.95888570247391,29.135797409853136,1757046735.565515
"(321, 239)",40.958886,29.1357977,4.999,0.0017791403224691749,-1.586898542882409e-05,1.5750473737716675,40.95888570247391,29.135797409853136,1757046735.6980734
"(321, 238)",40.958886,29.1357977,4.999,0.0017791403224691749,-1.586898542882409e-05,1.5750473737716675,40.95888548391278,29.135797408620302,1757046735.8092692
"(321, 238)",40.958886,29.1357977,4.999,-0.0028927302919328213,-0.00013587989087682217,1.575087070465088,40.9588856937133,29.135797416934253,1757046735.917256
"(321, 238)",40.958886,29.1357977,4.999,-0.0028927302919328213,-0.00013587989087682217,1.575087070465088,40.9588856937133,29.135797416934253,1757046736.0400386
"(321, 239)",40.958886,29.1357977,4.999,0.001818957505747676,-0.00010605170973576605,1.5750834941864014,40.95888570067646,29.13579741519147,1757046736.150653
"(321, 240)",40.958886,29.1357977,4.999,0.001818957505747676,-0.00010605170973576605,1.5750834941864014,40.958885919233744,29.13579741643479,1757046736.2589762
"(322, 241)",40.958886,29.1357977,4.999,0.001818957505747676,-0.00010605170973576605,1.5750834941864014,40.95888613872407,29.135797128273154,1757046736.367392
"(321, 240)",40.958886,29.1357977,4.999,0.0030805356800556183,-9.964795754058287e-05,1.575061321258545,40.958885862577006,29.135797415735503,1757046736.470338
"(321, 238)",40.958886,29.1357977,4.999,0.0030805356800556183,-9.964795754058287e-05,1.575061321258545,40.958885425450454,29.13579741325807,1757046736.7056773
"(321, 238)",40.958886,29.1357977,4.999,-0.0022755663376301527,-0.00010771531378850341,1.5750610828399658,40.95888566599711,29.13579741511216,1757046736.825967
"(321, 239)",40.958886,29.1357977,4.999,-0.0022755663376301527,-0.00010771531378850341,1.5750610828399658,40.95888588454564,29.135797416343184,1757046736.9386086
"(321, 239)",40.958886,29.1357977,4.999,0.0007132245227694511,-9.604856313671917e-05,1.57504141330719,40.95888575032561,29.135797414894398,1757046737.0511248
"(322, 241)",40.958886,29.1357977,4.999,0.0007132245227694511,-9.604856313671917e-05,1.57504141330719,40.95888618836289,29.13579712794736,1757046737.1626332
"(322, 241)",40.958886,29.1357977,5.0,0.003928676247596741,-0.00022891619300935417,1.575019359588623,40.95888604394166,29.13579713492773,1757046737.3755329
"(321, 238)",40.958886,29.1357977,5.0,-0.001404546550475061,-0.00016185958520509303,1.5749188661575317,40.95888562676516,29.135797418122895,1757046737.590722
"(321, 238)",40.958886,29.1357977,5.0,-0.001404546550475061,-0.00016185958520509303,1.5749188661575317,40.95888562676516,29.135797418122895,1757046737.6983297
"(321, 239)",40.958886,29.1357977,5.001,-0.001128910225816071,-0.0001322528551099822,1.5750066041946411,40.958885832969884,29.13579741740951,1757046737.8057907
"(321, 239)",40.958886,29.1357977,5.001,-0.001128910225816071,-0.0001322528551099822,1.5750066041946411,40.958885832969884,29.13579741740951,1757046737.9208272
"(322, 241)",40.958886,29.1357977,5.001,-0.001128910225816071,-0.0001322528551099822,1.5750066041946411,40.95888627117507,29.135797130319723,1757046738.0323477
"(322, 241)",40.958886,29.1357977,5.001,0.004228553269058466,-0.00012868094199802727,1.5750290155410767,40.9588860305019,29.135797128776545,1757046738.145145
"(321, 239)",40.958886,29.1357977,5.001,0.004228553269058466,-0.00012868094199802727,1.5750290155410767,40.958885592284496,29.135797415833057,1757046738.359239
"(321, 238)",40.958886,29.1357977,5.001,-8.706526568857953e-05,-0.0001656340464251116,1.5749964714050293,40.958885567514606,29.135797417920056,1757046738.5787475
"(321, 239)",40.958886,29.1357977,5.001,-0.0022052214480936527,-8.357298065675423e-05,1.574967622756958,40.95888588132371,29.135797414790265,1757046738.6876447
"(321, 239)",40.958886,29.1357977,5.001,-0.0022052214480936527,-8.357298065675423e-05,1.574967622756958,40.95888588132371,29.135797414790265,1757046738.7980196
"(322, 241)",40.958886,29.1357977,5.001,0.0030093607492744923,-0.00014908949378877878,1.5751041173934937,40.958886085301764,29.135797130305313,1757046739.009515
"(322, 240)",40.958886,29.1357977,5.001,0.0030093607492744923,-0.00014908949378877878,1.5751041173934937,40.95888586666116,29.13579712904963,1757046739.1212351
"(321, 239)",40.958886,29.1357977,5.002,0.0017115810187533498,-0.00011135332169942558,1.5749794244766235,40.95888570529844,29.135797415404213,1757046739.233764
"(321, 239)",40.958886,29.1357977,5.002,0.0017115810187533498,-0.00011135332169942558,1.5749794244766235,40.95888570529844,29.135797415404213,1757046739.3494647
"(321, 239)",40.958886,29.1357977,5.001,-0.0028524186927825212,-0.00016524428792763501,1.5749763250350952,40.95888591038535,29.135797419808863,1757046739.562025
"(321, 239)",40.958886,29.1357977,5.001,-0.0028524186927825212,-0.00016524428792763501,1.5749763250350952,40.95888591038535,29.135797419808863,1757046739.6785948
"(322, 240)",40.958886,29.1357977,5.001,0.001559652155265212,-0.00019051998970098794,1.5750802755355835,40.95888593177038,29.135797131890065,1757046739.793516
"(322, 241)",40.958886,29.1357977,5.001,0.001559652155265212,-0.00019051998970098794,1.5750802755355835,40.958886150411026,29.135797133134762,1757046739.9127204
"(322, 240)",40.958886,29.1357977,5.001,0.0028174128383398056,-0.00010241271229460835,1.5750101804733276,40.95888587525263,29.135797126337682,1757046740.0231805
"(321, 239)",40.958886,29.1357977,5.001,0.0028174128383398056,-0.00010241271229460835,1.5750101804733276,40.95888565568437,29.135797414637732,1757046740.2398207
"(321, 238)",40.9588859,29.1357977,5.001,-0.00346461683511734,-8.864969277055934e-05,1.5750253200531006,40.95888561927918,29.13579741418132,1757046740.3545592
"(321, 239)",40.9588859,29.1357977,5.001,-0.00346461683511734,-8.864969277055934e-05,1.5750253200531006,40.9588858379129,29.135797415400788,1757046740.4704452
"(321, 239)",40.9588859,29.1357977,5.001,0.0001584511046530679,-6.225112883839756e-05,1.5749057531356812,40.95888567512624,29.13579741295109,1757046740.5792673
"(322, 240)",40.9588859,29.1357977,5.001,0.0001584511046530679,-6.225112883839756e-05,1.5749057531356812,40.95888589466719,29.135797124617884,1757046740.6927013
"(321, 240)",40.9588859,29.1357977,5.001,0.0001584511046530679,-6.225112883839756e-05,1.5749057531356812,40.958885893768695,29.13579741414109,1757046740.8026772
"(321, 240)",40.9588859,29.1357977,5.001,0.0025111311115324497,-0.00018297845963388681,1.5749640464782715,40.9588857880659,29.13579742073842,1757046740.9243984
"(321, 240)",40.9588859,29.1357977,5.001,0.0025111311115324497,-0.00018297845963388681,1.5749640464782715,40.9588857880659,29.13579742073842,1757046741.0305257
"(321, 239)",40.9588859,29.1357977,5.001,-0.002520846202969551,-0.00010039441986009479,1.5750399827957153,40.958885795515414,29.135797415859503,1757046741.1510994
"(321, 239)",40.9588859,29.1357977,5.001,-0.002520846202969551,-0.00010039441986009479,1.5750399827957153,40.958885795515414,29.135797415859503,1757046741.2700093
"(321, 239)",40.9588859,29.1357977,5.001,-0.001227026805281639,-0.0004303143359720707,1.574989914894104,40.95888573731827,29.135797435169316,1757046741.3982775
"(321, 241)",40.9588859,29.1357977,5.001,-0.001227026805281639,-0.0004303143359720707,1.574989914894104,40.958886174602604,29.135797437594153,1757046741.6163
"(321, 241)",40.9588859,29.1357977,5.001,0.0028897803276777267,-0.0004793555708602071,1.5750789642333984,40.95888598966305,29.13579743949993,1757046741.8472936
"(321, 240)",40.9588859,29.1357977,5.002,-0.0009515442070551217,-0.0006179777556098998,1.5750348567962646,40.95888594356515,29.13579744742917,1757046742.077644
"(321, 239)",40.9588859,29.1357977,5.002,-0.0009515442070551217,-0.0006179777556098998,1.5750348567962646,40.95888572488063,29.13579744620311,1757046742.1968186
"(321, 241)",40.9588859,29.1357977,5.002,-0.002571284770965576,-0.0004722427111119032,1.575025200843811,40.95888623506113,29.135797440384934,1757046742.416489
"(322, 242)",40.9588859,29.1357977,5.002,0.0029350335244089365,-0.00037210865411907434,1.5749090909957886,40.95888620721105,29.135797144657566,1757046742.6364286
"(321, 242)",40.9588859,29.1357977,5.002,0.0029350335244089365,-0.00037210865411907434,1.5749090909957886,40.95888620631222,29.13579743423037,1757046742.745278
"(321, 241)",40.9588859,29.1357977,5.002,0.0006197891780175269,-0.00039522076258435845,1.5749952793121338,40.958886091679545,29.135797434996867,1757046742.8635533
"(321, 240)",40.9588859,29.1357977,5.002,0.0006197891780175269,-0.00039522076258435845,1.5749952793121338,40.95888587299454,29.135797433780052,1757046743.0867155
"(321, 240)",40.9588859,29.1357977,5.001,-0.0026129146572202444,-0.000290966359898448,1.5749855041503906,40.95888601824478,29.13579742843627,1757046743.2046587
"(321, 241)",40.9588859,29.1357977,5.001,-0.0026129146572202444,-0.000290966359898448,1.5749855041503906,40.95888623689105,29.135797429645482,1757046743.3225098
"(320, 241)",40.9588859,29.1357977,5.001,0.0027559897862374783,-0.0002529451157897711,1.5750112533569336,40.958885994781724,29.135797715576544,1757046743.4317536
"(319, 242)",40.9588859,29.1357977,5.001,0.0027559897862374783,-0.0002529451157897711,1.5750112533569336,40.958886212495685,29.135798006313884,1757046743.5425942
"(320, 242)",40.9588859,29.1357977,5.001,0.0027559897862374783,-0.0002529451157897711,1.5750112533569336,40.95888621341685,29.135797716796834,1757046743.6537406
"(320, 241)",40.9588859,29.1357977,5.001,0.001726025715470314,-8.610680379206315e-05,1.5749672651290894,40.9588860410843,29.135797705901663,1757046743.7701824
"(320, 241)",40.9588859,29.1357977,5.001,0.001726025715470314,-8.610680379206315e-05,1.5749672651290894,40.9588860410843,29.135797705901663,1757046743.8784442
"(320, 240)",40.9588859,29.1357977,5.002,-0.0028151122387498617,-8.688514935784042e-05,1.5750192403793335,40.958886026476215,29.13579770587702,1757046744.1099236
"(320, 241)",40.9588859,29.1357977,5.002,-0.0028151122387498617,-8.688514935784042e-05,1.5750192403793335,40.95888624516691,29.135797707099933,1757046744.22528
"(320, 241)",40.9588859,29.1357977,5.002,0.0016718317056074739,-0.00018041784642264247,1.5749529600143433,40.95888604353011,29.135797711525097,1757046744.347634
"(320, 242)",40.9588859,29.1357977,5.002,0.0016718317056074739,-0.00018041784642264247,1.5749529600143433,40.95888626221141,29.13579771272876,1757046744.460838
"(320, 242)",40.9588859,29.1357977,5.001,0.002572091994807124,-5.679256355506368e-05,1.5750728845596313,40.958886221715645,29.135797705200428,1757046744.5748866
"(320, 241)",40.9588859,29.1357977,5.001,0.002572091994807124,-5.679256355506368e-05,1.5750728845596313,40.95888600308021,29.135797703962297,1757046744.7359393
"(321, 240)",40.9588859,29.1357977,5.001,-0.0029066642746329308,5.8009896747535095e-05,1.5749924182891846,40.9588860315088,29.135797407749987,1757046744.9700534
"(321, 240)",40.9588859,29.1357977,5.001,-0.0029066642746329308,5.8009896747535095e-05,1.5749924182891846,40.9588860315088,29.135797407749987,1757046745.0940988
"(320, 240)",40.9588859,29.1357977,5.001,0.0006473136018030345,-9.630842214392032e-06,1.5750117301940918,40.95888587091803,29.1357977004106,1757046745.2046645
"(321, 241)",40.9588859,29.1357977,5.001,0.0006473136018030345,-9.630842214392032e-06,1.5750117301940918,40.95888609048134,29.135797412108584,1757046745.321528
"(321, 242)",40.9588859,29.1357977,5.001,0.0006473136018030345,-9.630842214392032e-06,1.5750117301940918,40.9588863091216,29.13579741332995,1757046745.4495814
"(321, 241)",40.9588859,29.1357977,5.001,0.002928749658167362,-5.473889541462995e-05,1.5750566720962524,40.95888598798943,29.1357974142272,1757046745.566808
"(321, 240)",40.9588859,29.1357977,5.001,-0.00241280160844326,1.2060868357366417e-05,1.5750454664230347,40.95888600932509,29.135797410368262,1757046745.785644
"(321, 239)",40.9588859,29.1357977,5.001,-0.00241280160844326,1.2060868357366417e-05,1.5750454664230347,40.95888579068414,29.135797409141436,1757046746.0229347
"(322, 240)",40.9588859,29.1357977,5.001,-0.0013470123521983624,0.0001314477267442271,1.5749844312667847,40.95888596236991,29.135797113467984,1757046746.1462493
"(322, 242)",40.9588859,29.1357977,5.001,-0.0013470123521983624,0.0001314477267442271,1.5749844312667847,40.95888639966158,29.135797115885552,1757046746.374251
"(322, 241)",40.9588859,29.1357977,5.001,0.0026497850194573402,0.00041049576248042285,1.5750677585601807,40.95888600154781,29.135797097100177,1757046746.6097348
"(322, 240)",40.9588859,29.1357977,5.001,-0.0018040231661871076,0.0002234818966826424,1.5750809907913208,40.95888598296146,29.13579710811654,1757046746.718975
"(321, 239)",40.9588859,29.1357977,5.001,-0.0018040231661871076,0.0002234818966826424,1.5750809907913208,40.95888576338332,29.13579739640326,1757046746.8476002
"(322, 240)",40.9588859,29.1357977,5.001,-0.0026771805714815855,0.00016945978859439492,1.575026273727417,40.95888602215298,29.135797111543113,1757046746.954335
"(321, 241)",40.9588859,29.1357977,5.001,-0.0026771805714815855,0.00016945978859439492,1.575026273727417,40.95888623987488,29.13579740228913,1757046747.1814651
"(322, 242)",40.9588859,29.1357977,5.001,0.0028907356318086386,0.00014508675667457283,1.5750293731689453,40.9588862092901,29.135797114058608,1757046747.2928722
"(321, 241)",40.9588859,29.1357977,5.001,0.0028907356318086386,0.00014508675667457283,1.5750293731689453,40.958885989729396,29.135797402346004,1757046747.5203514
"(322, 240)",40.9588859,29.1357977,5.001,-0.001028809230774641,7.544563231931534e-06,1.5750677585601807,40.95888594808788,29.13579712076572,1757046747.7426128
"(321, 241)",40.9588859,29.1357977,5.001,-0.0027305828407406807,-1.7273125195060857e-05,1.5750421285629272,40.95888624224171,29.135797413418317,1757046747.9798362
"(322, 242)",40.9588859,29.1357977,5.002,0.002935311757028103,-4.0890368836699054e-05,1.5751376152038574,40.95888620735996,29.135797125041165,1757046748.090409
"(322, 242)",40.9588859,29.1357977,5.002,0.002935311757028103,-4.0890368836699054e-05,1.5751376152038574,40.95888620735996,29.135797125041165,1757046748.204047
"(322, 242)",40.9588859,29.1357977,5.002,0.002935311757028103,-4.0890368836699054e-05,1.5751376152038574,40.95888620735996,29.135797125041165,1757046748.3128214
"(322, 240)",40.9588859,29.1357977,5.002,0.000653788389172405,-3.1310523809224833e-06,1.5751365423202515,40.95888587252081,29.135797120855198,1757046748.5539904
"(322, 240)",40.9588859,29.1357977,5.002,-0.0033130524680018425,9.181496352539398e-06,1.5751718282699585,40.95888605078249,29.13579712115094,1757046748.6821976
"(322, 240)",40.9588859,29.1357977,5.002,-0.0033130524680018425,9.181496352539398e-06,1.5751718282699585,40.95888605078249,29.13579712115094,1757046748.8091142
"(321, 240)",40.9588859,29.1357977,5.002,0.0017196276457980275,-9.945916826836765e-05,1.5751270055770874,40.95888582365911,29.135797415893343,1757046748.9262087
"(322, 242)",40.9588859,29.1357977,5.002,0.0017196276457980275,-9.945916826836765e-05,1.5751270055770874,40.95888626197146,29.135797128830077,1757046749.1461
"(322, 242)",40.9588859,29.1357977,5.002,0.0017777910688892007,-1.670211713644676e-05,1.5750912427902222,40.95888625935865,29.13579712387383,1757046749.2634516
"(322, 240)",40.9588859,29.1357977,5.002,0.0017777910688892007,-1.670211713644676e-05,1.5750912427902222,40.95888582199314,29.135797121376374,1757046749.4897807
"(322, 240)",40.9588859,29.1357977,5.002,-0.0030117547139525414,-7.199840183602646e-05,1.575033187866211,40.95888603716787,29.13579712587853,1757046749.602448
"(322, 240)",40.9588859,29.1357977,5.002,-0.0030117547139525414,-7.199840183602646e-05,1.575033187866211,40.95888603716787,29.13579712587853,1757046749.7109547
"(323, 242)",40.9588859,29.1357977,5.002,0.0005631727981381118,-0.00014042941620573401,1.5750452280044556,40.95888631482426,29.135796841936806,1757046749.9323907
"(323, 242)",40.9588859,29.1357977,5.001,0.00277592777274549,-0.00012500696175266057,1.57509183883667,40.95888621536168,29.135796840666334,1757046750.1520915
"(321, 241)",40.9588859,29.1357977,5.001,0.00277592777274549,-0.00012500696175266057,1.57509183883667,40.95888599484888,29.135797418450476,1757046750.2614925
"(322, 240)",40.9588859,29.1357977,5.001,-0.0028697752859443426,-9.493076504440978e-05,1.5750772953033447,40.958886030776746,29.135797127329734,1757046750.496245
"(322, 240)",40.9588859,29.1357977,5.001,-0.0028697752859443426,-9.493076504440978e-05,1.5750772953033447,40.958886030776746,29.135797127329734,1757046750.6067212
"(321, 242)",40.9588859,29.1357977,5.001,0.00011361669021425769,-0.00017477915389463305,1.575040578842163,40.958886333074105,29.1357974233035,1757046750.83203
"(322, 242)",40.9588859,29.1357977,5.0,0.003337608417496085,-0.0001326042547589168,1.5750806331634521,40.95888618912435,29.135797130602207,1757046750.9430082
"(321, 240)",40.9588859,29.1357977,5.0,0.003337608417496085,-0.0001326042547589168,1.5750806331634521,40.958885751000714,29.135797417569545,1757046751.1583614
"(321, 240)",40.9588859,29.1357977,5.0,-0.001943955896422267,-0.00010725733591243625,1.5750421285629272,40.95888598822122,29.13579741740437,1757046751.3821566
"(321, 240)",40.9588859,29.1357977,4.999,-0.0007795568089932203,-9.142183989752084e-05,1.5750120878219604,40.95888593591114,29.135797416224264,1757046751.6231232
"(321, 242)",40.9588859,29.1357977,4.999,-0.0007795568089932203,-9.142183989752084e-05,1.5750120878219604,40.95888637302416,29.135797418662246,1757046751.7329402
"(322, 242)",40.9588859,29.1357977,4.999,0.00406294222921133,4.211788473185152e-05,1.575015664100647,40.95888615649886,29.13579712012103,1757046751.8413343
"(323, 243)",40.9588859,29.1357977,4.999,0.00406294222921133,4.211788473185152e-05,1.575015664100647,40.95888637595794,29.13579683196042,1757046751.9558592
"(321, 241)",40.9588859,29.1357977,4.999,-0.0003997085150331259,3.243760147597641e-05,1.5749441385269165,40.958886137417416,29.135797409961853,1757046752.0697918
"(322, 240)",40.9588859,29.1357977,4.999,-0.0003997085150331259,3.243760147597641e-05,1.5749441385269165,40.958885919768576,29.1357971193542,1757046752.1927943
"(322, 240)",40.9588859,29.1357977,4.999,-0.0003997085150331259,3.243760147597641e-05,1.5749441385269165,40.958885919768576,29.1357971193542,1757046752.3095136
"(322, 240)",40.9588859,29.1357977,4.998,-0.0014344148803502321,-0.0002257054584333673,1.5749504566192627,40.958885966174776,29.135797135074213,1757046752.4203665
"(321, 241)",40.9588859,29.1357977,4.998,-0.0014344148803502321,-0.0002257054584333673,1.5749504566192627,40.95888618378002,29.135797425623302,1757046752.6548276
"(322, 242)",40.9588859,29.1357977,4.998,0.004426783416420221,-6.036198101355694e-05,1.5750210285186768,40.958886140094194,29.13579712624188,1757046752.7699177
"(321, 241)",40.9588859,29.1357977,4.998,0.004426783416420221,-6.036198101355694e-05,1.5750210285186768,40.958885920669985,29.135797414353043,1757046752.879916
"(322, 241)",40.9588859,29.1357977,4.999,0.0010845367796719074,-0.00011750333214877173,1.5750097036361694,40.958886071670555,29.135797129123183,1757046752.9972863
"(322, 240)",40.9588859,29.1357977,4.999,0.0010845367796719074,-0.00011750333214877173,1.5750097036361694,40.9588858531169,29.135797127900748,1757046753.116734
"(322, 240)",40.9588859,29.1357977,4.998,-0.0012272808235138655,-0.00028909582761116326,1.5749772787094116,40.958885956874504,29.135797138794295,1757046753.3602736
"(None, None)",40.9588859,29.1357977,4.998,-0.0012272808235138655,-0.00028909582761116326,1.5749772787094116,,,1757046753.470238
"(321, 241)",40.9588859,29.1357977,4.998,0.003701381618157029,-0.00030759841320104897,1.5749573707580566,40.95888595317868,29.135797429229754,1757046753.5805
"(321, 241)",40.9588859,29.1357977,4.998,0.003701381618157029,-0.00030759841320104897,1.5749573707580566,40.95888595317868,29.135797429229754,1757046753.8162258
"(322, 240)",40.9588859,29.1357977,4.998,0.002990973647683859,-0.0001539016084279865,1.5750672817230225,40.9588857675499,29.135797129689454,1757046753.9296749
"(321, 239)",40.9588859,29.1357977,4.998,0.002990973647683859,-0.0001539016084279865,1.5750672817230225,40.95888554810054,29.135797417799647,1757046754.0424466
"(321, 239)",40.9588859,29.1357977,4.998,-0.0019893059507012367,-2.3242584575200453e-05,1.574999213218689,40.95888577171893,29.13579741131539,1757046754.2512457
"(321, 239)",40.9588859,29.1357977,4.999,0.0023308598902076483,-0.00016280626005027443,1.5749136209487915,40.958885577640736,29.135797418507394,1757046754.3662307
"(322, 241)",40.9588859,29.1357977,4.999,0.0023308598902076483,-0.00016280626005027443,1.5749136209487915,40.95888601565231,29.13579713149264,1757046754.5909016
"(321, 239)",40.9588859,29.1357977,4.998,0.00367454974912107,-9.219387720804662e-05,1.5749374628067017,40.9588855173914,29.135797414021447,1757046754.8171258
"(321, 238)",40.9588859,29.1357977,4.999,-0.002106358762830496,-9.976520959753543e-05,1.5747840404510498,40.95888555833999,29.13579741472145,1757046754.9261236
"(321, 238)",40.9588859,29.1357977,4.999,-0.002106358762830496,-9.976520959753543e-05,1.5747840404510498,40.95888555833999,29.13579741472145,1757046755.0433931
"(321, 238)",40.9588859,29.1357977,4.999,0.000777826237026602,-6.32013616268523e-05,1.5749382972717285,40.958885428850934,29.135797411759356,1757046755.1692932
"(321, 239)",40.9588859,29.1357977,4.999,0.000777826237026602,-6.32013616268523e-05,1.5749382972717285,40.95888564740836,29.13579741295919,1757046755.278624
"(321, 240)",40.9588859,29.1357977,4.999,0.003767076414078474,-0.00012715226330328733,1.5749380588531494,40.958885731715036,29.135797417223735,1757046755.500837
"(321, 239)",40.9588859,29.1357977,4.999,0.003767076414078474,-0.00012715226330328733,1.5749380588531494,40.9588855131532,29.135797416019734,1757046755.6169996
"(321, 238)",40.9588859,29.1357977,4.999,0.003767076414078474,-0.00012715226330328733,1.5749380588531494,40.95888529458335,29.13579741481569,1757046755.7222526
"(321, 238)",40.9588859,29.1357977,4.999,-0.0017189938807860017,-0.00020652551029343158,1.5749709606170654,40.95888554096422,29.13579742088843,1757046755.8332465
"(321, 238)",40.9588859,29.1357977,4.999,-0.0017189938807860017,-0.00020652551029343158,1.5749709606170654,40.95888554096422,29.13579742088843,1757046755.9508402
"(321, 238)",40.9588859,29.1357977,5.0,-0.0009009494096972048,-8.791202708380297e-05,1.5749284029006958,40.95888550415987,29.135797413594922,1757046756.065555
"(321, 239)",40.9588859,29.1357977,5.0,-0.0009009494096972048,-8.791202708380297e-05,1.5749284029006958,40.958885722755696,29.13579741478974,1757046756.1805418
"(321, 240)",40.9588859,29.1357977,5.0,0.003935705404728651,-6.428924098145217e-05,1.5749447345733643,40.958885724120314,29.135797413384935,1757046756.4092357
"(321, 239)",40.9588859,29.1357977,5.0,0.003935705404728651,-6.428924098145217e-05,1.5749447345733643,40.95888550551423,29.135797412178523,1757046756.6344066
"(321, 238)",40.9588859,29.1357977,5.0,-0.0012367690214887261,-0.00015850024647079408,1.57498300075531,40.958885519243125,29.1357974178492,1757046756.851221
"(321, 238)",40.9588859,29.1357977,4.999,-0.0016520912759006023,-0.00034820855944417417,1.5749677419662476,40.958885537932694,29.135797429298496,1757046756.9599922
"(321, 240)",40.9588859,29.1357977,4.999,-0.0016520912759006023,-0.00034820855944417417,1.5749677419662476,40.95888597503586,29.135797431708298,1757046757.1788201
"(321, 240)",40.9588859,29.1357977,4.999,0.00345183489844203,-0.0004647888708859682,1.5749714374542236,40.95888574581563,29.1357974373727,1757046757.3997982
"(321, 239)",40.9588859,29.1357977,4.999,-0.0003303899720776826,-0.0005114692030474544,1.5749794244766235,40.95888569710075,29.135797439879312,1757046757.5177226
"(321, 238)",40.9588859,29.1357977,4.999,-0.0003303899720776826,-0.0005114692030474544,1.5749794244766235,40.95888547854745,29.135797438669158,1757046757.6300354
"(321, 238)",40.9588859,29.1357977,4.999,-0.002476403256878257,-0.00040364728192798793,1.5750219821929932,40.95888557495232,29.135797432778165,1757046757.8426752
"(321, 240)",40.9588859,29.1357977,4.999,-0.01199900172650814,-0.0010037861065939069,1.574936866760254,40.95888643957378,29.135797473216765,1757046758.0689788
"(321, 240)",40.9588859,29.1357977,4.999,-0.01199900172650814,-0.0010037861065939069,1.574936866760254,40.95888643957378,29.135797473216765,1757046758.1793902
"(321, 239)",40.9588861,29.1357977,5.018,-0.1360672563314438,-0.007861951366066933,1.5758893489837646,40.958892047549874,29.13579791637918,1757046758.393222
"(321, 238)",40.9588871,29.1357977,5.094,-0.2588638365268707,-0.023943591862916946,1.5443525314331055,40.958898762875364,29.135798438624576,1757046758.6351821
"(320, 240)",40.9588871,29.1357977,5.094,-0.2588638365268707,-0.023943591862916946,1.5443525314331055,40.9588992457525,29.135798726246666,1757046758.8567963
"(320, 240)",40.9588896,29.1357979,5.236,-0.2460157722234726,-0.07952193170785904,1.3322771787643433,40.95890199838078,29.135799016094904,1757046758.9683323
"(320, 240)",40.9588896,29.1357979,5.236,-0.2460157722234726,-0.07952193170785904,1.3322771787643433,40.95890199838078,29.135799016094904,1757046759.0850134
"(320, 239)",40.9588936,29.1357982,5.448,-0.11960509419441223,-0.07638278603553772,1.0715409517288208,40.958900359362595,29.135798968148105,1757046759.3211064
"(320, 239)",40.9588984,29.1357985,5.729,-0.02586422488093376,-0.02935514785349369,0.8027222156524658,40.958900227579605,29.135798944559234,1757046759.4366736
"(320, 240)",40.9588984,29.1357985,5.729,-0.02586422488093376,-0.02935514785349369,0.8027222156524658,40.958900407907464,29.13579871390478,1757046759.6639092
"(322, 247)",40.9589035,29.1357989,6.076,0.010255629196763039,0.013263843022286892,0.5360226035118103,40.95890308446643,29.135796571571166,1757046759.8864758
"(318, 269)",40.9589085,29.1357992,6.488,0.011365856975317001,0.04121112823486328,0.2697926163673401,40.958908743939986,29.13578890983837,1757046760.1164343
"(317, 280)",40.9589085,29.1357992,6.488,0.011365856975317001,0.04121112823486328,0.2697926163673401,40.958909844989236,29.13578504297866,1757046760.2234092
"(315, 290)",40.9589133,29.1357996,6.95,0.0012937553692609072,0.054444003850221634,0.10088349133729935,40.958912950118965,29.13577944291621,1757046760.332935
"(310, 295)",40.9589133,29.1357996,6.95,0.0012937553692609072,0.054444003850221634,0.10088349133729935,40.95891461029603,29.13577767364317,1757046760.4575315
"(302, 290)",40.9589179,29.1357999,7.412,-0.0038948182482272387,0.06390833109617233,0.05328632518649101,40.95892034099394,29.135778299413055,1757046760.5628505
"(303, 270)",40.9589179,29.1357999,7.412,-0.0038948182482272387,0.06390833109617233,0.05328632518649101,40.95891967288245,29.13578682511193,1757046760.7820277
"(308, 255)",40.958922,29.1358002,7.848,-0.004792081192135811,0.09430244565010071,0.03981664776802063,40.95891968497619,29.13579281465194,1757046760.8880029
"(321, 238)",40.958922,29.1358002,7.848,-0.004792081192135811,0.09430244565010071,0.03981664776802063,40.95891497721174,29.135800293478354,1757046760.9952865
"(349, 156)",40.9589258,29.1358005,8.246,-0.005124731920659542,0.13649584352970123,0.03689194843173027,40.958903667431564,29.13584011916658,1757046761.2250795
"(358, 151)",40.9589258,29.1358005,8.246,-0.004872141405940056,0.15281705558300018,0.03748225048184395,40.95889876913664,29.13584284506096,1757046761.3403437
"(389, 197)",40.9589288,29.1358007,8.603,-0.004872141405940056,0.15281705558300018,0.03748225048184395,40.958888306719814,29.135820999901608,1757046761.5581622
"(410, 219)",40.958931,29.1358009,8.918,-0.002454241504892707,0.14423343539237976,0.03889443352818489,40.95888081175323,29.135809738778114,1757046761.7802796
"(424, 231)",40.9589326,29.135801,9.192,0.0002517338143661618,0.12210195511579514,0.04058263450860977,40.9588771198219,29.135803195713283,1757046762.004745
"(429, 233)",40.9589326,29.135801,9.192,0.0002517338143661618,0.12210195511579514,0.04058263450860977,40.95887483033303,29.135801941217938,1757046762.1279593
"(435, 239)",40.9589335,29.1358011,9.429,0.00031167801353149116,0.0940735787153244,0.0422770157456398,40.95887504482741,29.135798442064676,1757046762.2464373
"(439, 239)",40.9589335,29.1358011,9.429,0.00031167801353149116,0.0940735787153244,0.0422770157456398,40.95887318854288,29.135798339280687,1757046762.3671887
"(451, 241)",40.9589339,29.1358011,9.628,-0.0029603163711726665,0.06533236801624298,0.043751418590545654,40.958870542546514,29.1357964886592,1757046762.5848095
"(461, 242)",40.9589339,29.1358011,9.628,-0.0029603163711726665,0.06533236801624298,0.043751418590545654,40.958865946581504,29.135795633651025,1757046762.6978695
"(476, 242)",40.958934,29.1358012,9.792,-0.004617081489413977,0.039622314274311066,0.045147061347961426,40.95886167610367,29.135795146649368,1757046762.913207
"(482, 242)",40.958934,29.1358012,9.792,-0.004617081489413977,0.039622314274311066,0.045147061347961426,40.958858940703124,29.135794980943704,1757046763.024931
"(487, 242)",40.9589339,29.1358012,9.918,-0.0012126488145440817,0.018803946673870087,0.046453144401311874,40.95885878678564,29.13579526310109,1757046763.1549604
"(488, 242)",40.9589339,29.1358012,9.918,-0.0012126488145440817,0.018803946673870087,0.046453144401311874,40.95885833988506,29.135795235469168,1757046763.2601686
"(486, 243)",40.9589337,29.1358012,10.006,0.001977259526029229,0.0035017759073525667,0.0477244034409523,40.95886069892785,29.135795074658407,1757046763.5152793
"(481, 243)",40.9589334,29.1358012,10.05,-0.0023400099016726017,-0.006560634821653366,0.048566434532403946,40.95886376335845,29.13579470069522,1757046763.7310357
"(473, 243)",40.9589334,29.1358012,10.05,-0.0023400099016726017,-0.006560634821653366,0.048566434532403946,40.958867239666944,29.13579492392356,1757046763.9434254
"(469, 242)",40.9589331,29.1358011,10.057,-0.0038402590434998274,-0.011930052191019058,0.049243539571762085,40.958869350707445,29.135795327598984,1757046764.0655541
"(465, 241)",40.9589331,29.1358011,10.057,-0.0038402590434998274,-0.011930052191019058,0.049243539571762085,40.95887105778004,29.13579601678963,1757046764.1843545
"(461, 241)",40.9589329,29.1358011,10.045,0.002313988283276558,-0.013068225234746933,0.04994428902864456,40.958872783460855,29.13579681811186,1757046764.2977588
"(452, 241)",40.9589329,29.1358011,10.045,0.002313988283276558,-0.013068225234746933,0.04994428902864456,40.958876664020224,29.135797074796898,1757046764.5386708
"(449, 241)",40.9589328,29.1358011,10.025,0.0002445084392093122,-0.012160888873040676,0.05065852403640747,40.95887786699506,29.135796864068933,1757046764.659002
"(442, 241)",40.9589327,29.1358011,10.009,-0.0035456055775284767,-0.009935460053384304,0.05098970979452133,40.95888061960126,29.13579658339198,1757046764.8806148
"(437, 242)",40.9589327,29.1358011,10.009,-0.0035456055775284767,-0.009935460053384304,0.05098970979452133,40.958882801273646,29.135796153573832,1757046765.1140378
"(432, 242)",40.9589327,29.1358011,9.997,0.0029692600946873426,-0.007016960997134447,0.051603011786937714,40.95888465894731,29.135797011911915,1757046765.3394785
"(431, 242)",40.9589327,29.1358011,9.992,0.0021786203142255545,-0.004204218741506338,0.05228739604353905,40.95888479778737,29.135796883125423,1757046765.4508293
"(429, 241)",40.9589327,29.1358011,9.992,0.0021786203142255545,-0.004204218741506338,0.05228739604353905,40.958885643099755,29.135797519635542,1757046765.6867557
"(427, 241)",40.9589327,29.1358011,9.989,-0.0023389991838485003,-0.0017812192672863603,0.05257164686918259,40.95888627150909,29.13579700828287,1757046765.9263966
"(427, 241)",40.9589327,29.135801,9.989,0.002481676870957017,0.000274407648248598,0.05299147218465805,40.958886017041685,29.135797437300944,1757046766.1812136
"(427, 241)",40.9589328,29.135801,9.991,0.004519602283835411,0.0019728827755898237,0.05362867936491966,40.95888590601822,29.135797625280087,1757046766.2980025
"(427, 241)",40.9589328,29.135801,9.991,0.004519602283835411,0.0019728827755898237,0.05362867936491966,40.95888590601822,29.135797625280087,1757046766.5206203
"(428, 240)",40.9589329,29.135801,9.992,-0.0008654023986309767,0.0026788252871483564,0.05392703041434288,40.95888548595705,29.135797507743,1757046766.80395
"(429, 242)",40.9589329,29.1358009,9.993,0.0011136458488181233,0.0027217580936849117,0.05435754731297493,40.95888507829763,29.1357964267428,1757046767.0413496
"(430, 241)",40.9589329,29.1358009,9.994,0.005171673838049173,0.002950485562905669,0.05482735112309456,40.95888456719804,29.135797423783455,1757046767.2742927
"(430, 239)",40.9589329,29.1358009,9.994,0.005171673838049173,0.002950485562905669,0.05482735112309456,40.958884516808816,29.135798580910564,1757046767.4926162
"(431, 238)",40.9589329,29.1358009,9.995,0.0005694605642929673,0.0026557298842817545,0.05505947768688202,40.9588841091818,29.13579856773806,1757046767.7224388
"(431, 241)",40.9589329,29.1358009,9.994,-0.0006412987713702023,0.0021175984293222427,0.05535035952925682,40.958884255806844,29.13579667442536,1757046767.969722
"(431, 240)",40.9589329,29.1358009,9.994,0.0043429783545434475,0.0017473032930865884,0.05582290515303612,40.958884250595936,29.135797817696343,1757046768.0806885
"(432, 239)",40.9589329,29.1358009,9.994,0.0043429783545434475,0.0017473032930865884,0.05582290515303612,40.958883788066174,29.135798363543227,1757046768.3118954
"(432, 238)",40.9589329,29.1358009,9.994,0.0012872081715613604,0.0017163780285045505,0.0561126284301281,40.95888378394179,29.135798560178046,1757046768.4261076
"(432, 238)",40.9589329,29.1358009,9.994,0.0012872081715613604,0.0017163780285045505,0.0561126284301281,40.95888378394179,29.135798560178046,1757046768.6714268
"(432, 238)",40.958933,29.1358008,9.993,-0.0018385984003543854,0.0016479887999594212,0.05625803768634796,40.9588839143215,29.135798080262568,1757046768.7802727
"(432, 238)",40.958933,29.1358008,9.993,-0.0018385984003543854,0.0016479887999594212,0.05625803768634796,40.9588839143215,29.135798080262568,1757046768.8925836
"(432, 239)",40.958933,29.1358008,9.993,0.002999115502461791,0.0015469664940610528,0.05655498430132866,40.95888392511994,29.135798058227373,1757046769.122079
"(433, 238)",40.958933,29.1358008,9.993,0.001905555371195078,0.0014919898239895701,0.05677490681409836,40.958883475765546,29.135798459704617,1757046769.2337446
"(433, 238)",40.958933,29.1358008,9.993,0.001905555371195078,0.0014919898239895701,0.05677490681409836,40.958883475765546,29.135798459704617,1757046769.3680696
"(432, 238)",40.958933,29.1358008,9.993,0.001905555371195078,0.0014919898239895701,0.05677490681409836,40.958883912680406,29.135798492577425,1757046769.4717615
"(432, 238)",40.958933,29.1358008,9.993,-0.0028932809364050627,0.0013898572651669383,0.05696873739361763,40.9588839516326,29.135797910965774,1757046769.6982617
"(432, 238)",40.958933,29.1358008,9.993,0.001405739807523787,0.0016865634825080633,0.057109665125608444,40.958883893443456,29.135798409891954,1757046769.8087263
"(432, 239)",40.958933,29.1358008,9.993,0.001405739807523787,0.0016865634825080633,0.057109665125608444,40.95888391873921,29.135797831784046,1757046770.0211596
"(432, 238)",40.958933,29.1358009,9.993,0.00288004451431334,0.0023922505788505077,0.05748530104756355,40.95888380341127,29.13579865486231,1757046770.1598716
"(432, 238)",40.958933,29.1358009,9.993,-0.003178287297487259,0.002600723644718528,0.05755963549017906,40.95888381340738,29.13579792849752,1757046770.3611863
"(432, 237)",40.958933,29.1358009,9.994,-0.003178287297487259,0.002600723644718528,0.05755963549017906,40.95888378407288,29.135798506671843,1757046770.4696944
"(432, 238)",40.958933,29.1358009,9.994,-0.003178287297487259,0.002600723644718528,0.05755963549017906,40.958883808485275,29.135797928200162,1757046770.580835
"(432, 239)",40.958933,29.1358009,9.993,0.00011684429045999423,0.0025447169318795204,0.05773577839136124,40.958883827189055,29.13579773064202,1757046770.8045638
"(432, 240)",40.9589331,29.1358009,9.993,0.0029629715718328953,0.002410026267170906,0.05804968625307083,40.958883953995766,29.135797471231285,1757046770.9138944
"(433, 238)",40.9589331,29.1358009,9.993,0.0029629715718328953,0.002410026267170906,0.05804968625307083,40.95888346448933,29.135798594165188,1757046771.1478264
"(432, 238)",40.9589331,29.1358009,9.993,-0.002415938302874565,0.002194853499531746,0.05804799124598503,40.958883957586266,29.13579799071825,1757046771.2623818
"(432, 238)",40.9589331,29.1358009,9.993,-0.002415938302874565,0.002194853499531746,0.05804799124598503,40.958883957586266,29.13579799071825,1757046771.475306
"(433, 239)",40.9589331,29.1358009,9.994,-0.0018084482289850712,0.0020834305323660374,0.05825423076748848,40.958883550546254,29.13579743807609,1757046771.713432
"(433, 239)",40.9589331,29.135801,9.993,0.0031044846400618553,0.002027634298428893,0.058400072157382965,40.95888353530438,29.135798112923567,1757046771.9537115
"(433, 238)",40.9589331,29.135801,9.993,-0.0008857016218826175,0.0021468084305524826,0.05858543887734413,40.958883518543075,29.135798203980144,1757046772.190978
"(433, 238)",40.9589331,29.135801,9.993,-0.0008857016218826175,0.0021468084305524826,0.05858543887734413,40.958883518543075,29.135798203980144,1757046772.303042
"(433, 238)",40.9589331,29.135801,9.993,-0.0026304477360099554,0.0021942465100437403,0.058654915541410446,40.95888352301915,29.135797991761862,1757046772.416345
"(433, 239)",40.9589331,29.135801,9.993,-0.0026304477360099554,0.0021942465100437403,0.058654915541410446,40.95888354802824,29.13579741349552,1757046772.5294437
"(433, 240)",40.9589331,29.135801,9.994,0.0027444784063845873,0.0022594183683395386,0.05883083492517471,40.958883532587336,29.135797461327833,1757046772.6508985
"(433, 239)",40.9589331,29.135801,9.994,0.0027444784063845873,0.0022594183683395386,0.05883083492517471,40.958883506204124,29.13579803959656,1757046772.8869226
"(433, 239)",40.9589331,29.135801,9.994,0.0003957750159315765,0.0021481169387698174,0.05892898887395859,40.958883532630864,29.135797755093765,1757046772.9992266
"(433, 238)",40.9589331,29.135801,9.994,0.0003957750159315765,0.0021481169387698174,0.05892898887395859,40.9588835067716,29.135798333358945,1757046773.2279837
"(433, 238)",40.9589331,29.135801,9.995,-0.0033832076005637646,0.001829370390623808,0.05894354358315468,40.958883560687916,29.135797885955522,1757046773.3403606
"(433, 239)",40.9589331,29.135801,9.995,-0.0033832076005637646,0.001829370390623808,0.05894354358315468,40.95888358564203,29.13579730768924,1757046773.4712327
"(433, 240)",40.9589331,29.135801,9.995,0.0020227618515491486,0.0018363662529736757,0.059145133942365646,40.95888358189098,29.13579735840873,1757046773.7081513
"(433, 239)",40.9589331,29.135801,9.995,0.0016051792772486806,0.0017127296887338161,0.05917825177311897,40.95888357244598,29.135797885905138,1757046773.942578
"(433, 238)",40.9589331,29.135801,9.995,0.0016051792772486806,0.0017127296887338161,0.05917825177311897,40.958883546190314,29.135798464069346,1757046774.064317
"(433, 238)",40.9589331,29.135801,9.995,-0.003237397875636816,0.0015819205436855555,0.059229664504528046,40.95888358948629,29.13579788667347,1757046774.182818
"(433, 238)",40.9589331,29.135801,9.995,-0.003237397875636816,0.0015819205436855555,0.059229664504528046,40.95888358948629,29.13579788667347,1757046774.2879882
"(433, 239)",40.9589331,29.135801,9.995,0.0013571963645517826,0.001493646646849811,0.05922207981348038,40.958883599570626,29.1357978554979,1757046774.4031825
"(433, 241)",40.9589331,29.135801,9.995,0.0013571963645517826,0.001493646646849811,0.05922207981348038,40.95888365199332,29.13579669933098,1757046774.6402848
"(433, 240)",40.9589331,29.135801,9.995,0.0030139577575027943,0.001586586469784379,0.05935928598046303,40.95888360628863,29.13579746436643,1757046774.7490437
"(433, 239)",40.9589331,29.135801,9.995,0.0030139577575027943,0.001586586469784379,0.05935928598046303,40.958883579617286,29.13579804245612,1757046774.8648393
"(433, 238)",40.9589331,29.135801,9.995,-0.002151960739865899,0.0013871098635718226,0.0593743771314621,40.95888360644436,29.13579800779618,1757046775.0982928
"(433, 238)",40.9589331,29.135801,9.995,-0.002151960739865899,0.0013871098635718226,0.0593743771314621,40.95888360644436,29.13579800779618,1757046775.205273
"(433, 240)",40.9589331,29.135801,9.996,-0.0004991025780327618,0.0011579772690311074,0.059414055198431015,40.958883670563786,29.13579704704787,1757046775.4267287
"(432, 241)",40.9589331,29.135801,9.995,0.003917480353266001,0.0010476588504388928,0.0596238374710083,40.95888412871059,29.135797015830804,1757046775.5452878
"(433, 240)",40.9589331,29.135801,9.995,0.003917480353266001,0.0010476588504388928,0.0596238374710083,40.958883665013424,29.135797559185736,1757046775.6731057
"(433, 238)",40.9589331,29.135801,9.995,-0.0015383368590846658,0.001046490389853716,0.05960150808095932,40.958883643259064,29.13579806874184,1757046775.902
"(433, 238)",40.9589331,29.135801,9.995,-0.0015383368590846658,0.001046490389853716,0.05960150808095932,40.958883643259064,29.13579806874184,1757046776.0128648
"(433, 238)",40.9589331,29.135801,9.994,-0.001587921753525734,0.0011171579826623201,0.059572771191596985,40.95888364016874,29.13579806441583,1757046776.1250815
"(432, 239)",40.9589331,29.135801,9.994,-0.001587921753525734,0.0011171579826623201,0.059572771191596985,40.95888410251258,29.13579752096725,1757046776.240147
"(432, 241)",40.9589331,29.135801,9.994,0.003927947487682104,0.0012744115665555,0.05968526005744934,40.95888410734778,29.135797011387435,1757046776.4758058
"(432, 241)",40.9589331,29.135801,9.994,0.003927947487682104,0.0012744115665555,0.05968526005744934,40.95888410734778,29.135797011387435,1757046776.6004207
"(433, 238)",40.9589331,29.135801,9.994,0.00030102237360551953,0.001434152014553547,0.05968308448791504,40.958883592381824,29.13579827871959,1757046776.8374693
"(433, 238)",40.9589331,29.135801,9.994,-0.0023835867177695036,0.001354613690637052,0.05971028655767441,40.958883617284705,29.135797958864906,1757046777.0614874
"(432, 239)",40.9589331,29.135801,9.994,-0.0023835867177695036,0.001354613690637052,0.05971028655767441,40.958884079609824,29.135797415423692,1757046777.176098
"(432, 240)",40.9589331,29.135801,9.994,0.003039219183847308,0.0014140522107481956,0.059840887784957886,40.95888406940169,29.13579747238014,1757046777.304866
"(432, 241)",40.9589331,29.135801,9.994,0.003039219183847308,0.0014140522107481956,0.059840887784957886,40.9588840962766,29.135796894441295,1757046777.4147544
"(432, 239)",40.9589331,29.135801,9.993,0.0021305943373590708,0.001496853306889534,0.05995778366923332,40.95888404327705,29.13579793443206,1757046777.642214
"(432, 238)",40.9589331,29.135801,9.993,0.0021305943373590708,0.001496853306889534,0.05995778366923332,40.958884016567815,29.13579851237611,1757046777.8767235
"(433, 238)",40.9589331,29.135801,9.993,-0.002596784383058548,0.0014343829825520515,0.05987032502889633,40.958883614500564,29.135797922669376,1757046777.9860406
"(432, 239)",40.9589331,29.135801,9.993,-0.002596784383058548,0.0014343829825520515,0.05987032502889633,40.95888407683298,29.135797379355278,1757046778.1118839
"(432, 241)",40.9589331,29.135801,9.993,0.001945292460732162,0.0014109723269939423,0.05990741401910782,40.958884107501675,29.135796760651164,1757046778.3543825
"(432, 241)",40.9589331,29.135801,9.994,0.003260429250076413,0.0014534640358760953,0.0598677396774292,40.95888409060091,29.13579691860328,1757046778.4745686
"(432, 240)",40.9589331,29.135801,9.994,0.003260429250076413,0.0014534640358760953,0.0598677396774292,40.95888406366101,29.13579749654963,1757046778.5902119
"(433, 238)",40.9589331,29.135801,9.994,-0.0026141838170588017,0.0013737798435613513,0.05996246263384819,40.95888361694855,29.13579791479214,1757046778.8145068
"(433, 238)",40.9589331,29.135801,9.994,-0.0026141838170588017,0.0013737798435613513,0.05996246263384819,40.95888361694855,29.13579791479214,1757046778.9221857
"(432, 238)",40.9589331,29.135801,9.994,0.0013901876518502831,0.0013246637536212802,0.059860724955797195,40.95888403592348,29.135798431988604,1757046779.0366154
"(432, 241)",40.9589331,29.135801,9.994,0.0013901876518502831,0.0013246637536212802,0.059860724955797195,40.95888411539341,29.13579669814073,1757046779.2689087
"(432, 240)",40.9589331,29.135801,9.994,0.004118839744478464,0.001318355556577444,0.05990574508905411,40.958884074720004,29.135797597231804,1757046779.3879738
"(432, 239)",40.9589331,29.135801,9.994,0.004118839744478464,0.001318355556577444,0.05990574508905411,40.95888404756004,29.135798175142302,1757046779.5023463
"(433, 238)",40.9589331,29.135801,9.994,-0.0016008365200832486,0.0013409968232735991,0.059875767678022385,40.958883614749844,29.135798041080694,1757046779.7198722
"(432, 238)",40.9589331,29.135801,9.994,-0.0016008365200832486,0.0013409968232735991,0.059875767678022385,40.95888405154153,29.13579807574762,1757046779.830204
"(432, 239)",40.9589331,29.135801,9.995,0.00026402113144285977,0.001269052503630519,0.05982184782624245,40.9588840702535,29.135797723004863,1757046779.9414651
"(432, 241)",40.9589331,29.135801,9.996,0.004350724164396524,0.0009013113449327648,0.05995447188615799,40.95888413952491,29.135797046801887,1757046780.1790712
"(432, 241)",40.9589331,29.135801,9.996,0.004350724164396524,0.0009013113449327648,0.05995447188615799,40.95888413952491,29.135797046801887,1757046780.2927434
"(432, 239)",40.9589331,29.135801,9.996,0.004350724164396524,0.0009013113449327648,0.05995447188615799,40.95888408505501,29.135798202557552,1757046780.4110723
"(433, 238)",40.9589331,29.135801,9.996,-0.00030996513669379056,0.0006846794276498258,0.060040708631277084,40.95888367442059,29.13579818867586,1757046780.530415
"(432, 238)",40.9589331,29.135801,9.996,-0.00030996513669379056,0.0006846794276498258,0.060040708631277084,40.95888411098557,29.135798223423073,1757046780.6356544
"(432, 238)",40.9589331,29.135801,9.997,-0.0018353150226175785,0.0005303574143908918,0.05999758094549179,40.95888413281742,29.13579804619727,1757046780.7539225
"(432, 238)",40.9589331,29.135801,9.997,-0.0018353150226175785,0.0005303574143908918,0.05999758094549179,40.95888413281742,29.13579804619727,1757046780.8652716
"(432, 239)",40.9589331,29.135801,9.997,-0.0018353150226175785,0.0005303574143908918,0.05999758094549179,40.958884158595076,29.135797468287613,1757046780.9811773
"(432, 239)",40.9589331,29.135801,9.997,0.0038708478678017855,0.0006754874484613538,0.0599057637155056,40.958884109128284,29.135798150419227,1757046781.1980152
"(432, 238)",40.9589331,29.135801,9.997,0.0007417966844514012,0.0012435582466423512,0.059972669929265976,40.95888403469511,29.13579834763394,1757046781.3154156
"(432, 238)",40.9589331,29.135801,9.997,0.0007417966844514012,0.0012435582466423512,0.059972669929265976,40.95888403469511,29.13579834763394,1757046781.4390557
"(432, 238)",40.9589331,29.135801,9.997,-0.002785143908113241,0.0017368715489283204,0.06001901626586914,40.95888399784008,29.13579792141469,1757046781.6760604
"(432, 239)",40.9589331,29.135801,9.997,-0.002785143908113241,0.0017368715489283204,0.06001901626586914,40.95888402341727,29.13579734311201,1757046781.8969243
"(432, 240)",40.9589331,29.135801,9.997,0.0028085210360586643,0.0020890505984425545,0.059978146106004715,40.95888397768196,29.13579742887351,1757046782.0008845
"(431, 239)",40.9589331,29.135801,9.997,0.0028085210360586643,0.0020890505984425545,0.059978146106004715,40.95888438806794,29.13579804197721,1757046782.1123815
"(432, 238)",40.9589331,29.135801,9.997,0.002251784084364772,0.0019017739687114954,0.06008931249380112,40.958883949257796,29.13579851377967,1757046782.3525753
"(432, 238)",40.9589331,29.135801,9.997,-0.0028177553322166204,0.001970055280253291,0.05994730070233345,40.95888397068647,29.135797920149187,1757046782.469664
"(432, 238)",40.9589331,29.135801,9.997,-0.0028177553322166204,0.001970055280253291,0.05994730070233345,40.95888397068647,29.135797920149187,1757046782.5757983
"(432, 238)",40.9589331,29.135801,9.997,-0.0028177553322166204,0.001970055280253291,0.05994730070233345,40.95888397068647,29.135797920149187,1757046782.685738
"(431, 240)",40.9589331,29.135801,9.997,0.0015470137586817145,0.0016608125297352672,0.06006263196468353,40.958884471822344,29.13579731220392,1757046782.8020623
"(432, 240)",40.9589331,29.135801,9.997,0.0015470137586817145,0.0016608125297352672,0.06006263196468353,40.958884034751364,29.135797277401444,1757046783.0246053
"(432, 238)",40.9589331,29.135801,9.997,0.003009534440934658,0.001472216914407909,0.06015031412243843,40.95888399487482,29.13579860346202,1757046783.256121
"(433, 238)",40.9589331,29.135801,9.997,-0.0027766076382249594,0.0013062773505225778,0.059985578060150146,40.95888361097448,29.135797893656388,1757046783.3662612
"(433, 238)",40.9589331,29.135801,9.997,-0.0027766076382249594,0.0013062773505225778,0.059985578060150146,40.95888361097448,29.135797893656388,1757046783.4792325
"(433, 238)",40.9589331,29.135801,9.997,-6.361032865243033e-05,0.0014863166725263,0.059985995292663574,40.95888357418597,29.13579821427898,1757046783.5899355
"(432, 241)",40.9589331,29.135801,9.997,-6.361032865243033e-05,0.0014863166725263,0.059985995292663574,40.958884089807114,29.13579651444864,1757046783.8226907
"(432, 239)",40.9589331,29.135801,9.998,0.003675508312880993,0.0013624564744532108,0.06003352254629135,40.95888402564421,29.135798112667064,1757046784.0414104
"(433, 238)",40.9589331,29.135801,9.998,-0.0014610005309805274,0.0012394408695399761,0.060001738369464874,40.95888360629323,29.135798049137815,1757046784.1510236
"(433, 238)",40.9589331,29.135801,9.998,-0.0014610005309805274,0.0012394408695399761,0.060001738369464874,40.95888360629323,29.135798049137815,1757046784.2603915
"(433, 238)",40.9589331,29.135801,9.998,-0.0014610005309805274,0.0012394408695399761,0.060001738369464874,40.95888360629323,29.135798049137815,1757046784.3728461
"(433, 238)",40.9589331,29.135801,9.998,-0.0011542041320353746,0.0012749877059832215,0.059990573674440384,40.9588836003301,29.135798085997934,1757046784.4829166
"(432, 239)",40.9589331,29.135801,9.998,-0.0011542041320353746,0.0012749877059832215,0.059990573674440384,40.95888406321346,29.135797542548225,1757046784.6011312
"(432, 241)",40.9589331,29.135801,9.998,0.0037068913225084543,0.0012359723914414644,0.05993681028485298,40.958884094153326,29.135796967561557,1757046784.7136273
"(432, 239)",40.9589331,29.135801,9.998,0.0037068913225084543,0.0012359723914414644,0.05993681028485298,40.95888403998456,29.135798123779516,1757046784.9397113
"(433, 238)",40.9589331,29.135801,9.998,-0.0006637235637754202,0.0012763667618855834,0.05998152494430542,40.95888359729241,29.13579814483548,1757046785.048409
"(433, 238)",40.9589331,29.135801,9.998,-0.0006637235637754202,0.0012763667618855834,0.05998152494430542,40.95888359729241,29.13579814483548,1757046785.2819214
