pixel,current_gps_lat,current_gps_lon,current_gps_alt,true_attitude_roll,true_attitude_pitch,true_attitude_yaw,estimated_gps_lat,estimated_gps_lon,timestamp
"(None, None)",40.9588861,29.1357975,-0.015,0.0013141944073140621,0.0010679991682991385,0.025165433064103127,,,1757037095.4508905
"(None, None)",40.9588861,29.1357975,-0.015,0.0013278735568746924,0.001095379120670259,0.02500401996076107,,,1757037096.7827342
"(None, None)",40.9588861,29.1357975,-0.015,0.0014462184626609087,0.0012065673945471644,0.024845842272043228,,,1757037096.9199011
"(None, None)",40.9588861,29.1357975,-0.015,0.0015561322215944529,0.001313595101237297,0.024691203609108925,,,1757037097.051622
"(None, None)",40.9588861,29.1357975,-0.015,0.001599501702003181,0.001357760396786034,0.024627534672617912,,,1757037097.1882155
"(None, None)",40.9588861,29.1357975,-0.015,0.001599501702003181,0.001357760396786034,0.024627534672617912,,,1757037097.319707
"(None, None)",40.9588861,29.1357975,-0.015,0.001637130742892623,0.0013875639997422695,0.024556754156947136,,,1757037097.4510098
"(None, None)",40.9588861,29.1357975,-0.015,0.001637130742892623,0.0013875639997422695,0.024556754156947136,,,1757037097.5876546
"(None, None)",40.9588861,29.1357975,-0.015,0.001662923488765955,0.0014153769006952643,0.024497011676430702,,,1757037097.717908
"(None, None)",40.9588861,29.1357975,-0.015,0.001662923488765955,0.0014153769006952643,0.024497011676430702,,,1757037097.856019
"(None, None)",40.9588861,29.1357975,-0.015,0.0016703587025403976,0.0014342996291816235,0.024424603208899498,,,1757037097.9862194
"(None, None)",40.9588861,29.1357975,-0.015,0.0016703587025403976,0.0014342996291816235,0.024424603208899498,,,1757037098.1187606
"(None, None)",40.9588861,29.1357975,-0.015,0.0016709970077499747,0.0014355076709762216,0.024375559762120247,,,1757037098.2550697
"(None, None)",40.9588861,29.1357975,-0.015,0.0016654670471325517,0.0014261556789278984,0.024307426065206528,,,1757037098.387895
"(None, None)",40.9588861,29.1357975,-0.015,0.0016654670471325517,0.0014261556789278984,0.024307426065206528,,,1757037098.5195107
"(None, None)",40.9588861,29.1357976,-0.016,0.0016258142422884703,0.00138763221912086,0.02425340563058853,,,1757037098.6542802
"(None, None)",40.9588861,29.1357976,-0.016,0.0016258142422884703,0.00138763221912086,0.02425340563058853,,,1757037098.78682
"(None, None)",40.9588861,29.1357976,-0.016,0.001604117569513619,0.0013662183191627264,0.02417657896876335,,,1757037098.9245043
"(None, None)",40.9588861,29.1357976,-0.016,0.001604117569513619,0.0013662183191627264,0.02417657896876335,,,1757037099.0557687
"(None, None)",40.958886,29.1357976,-0.016,0.0015699852956458926,0.0013316855765879154,0.02412506192922592,,,1757037099.187178
"(None, None)",40.958886,29.1357976,-0.016,0.0015699852956458926,0.0013316855765879154,0.02412506192922592,,,1757037099.323626
"(None, None)",40.958886,29.1357976,-0.016,0.001524655381217599,0.001287563587538898,0.024052634835243225,,,1757037099.4551833
"(None, None)",40.958886,29.1357976,-0.016,0.001524655381217599,0.001287563587538898,0.024052634835243225,,,1757037099.5869846
"(None, None)",40.958886,29.1357976,-0.016,0.0014755427837371826,0.0012389045441523194,0.024000512436032295,,,1757037099.7230875
"(None, None)",40.958886,29.1357976,-0.016,0.0014755427837371826,0.0012389045441523194,0.024000512436032295,,,1757037099.854579
"(None, None)",40.958886,29.1357976,-0.016,0.0014297253219410777,0.00119708979036659,0.023927045986056328,,,1757037099.9906523
"(None, None)",40.958886,29.1357976,-0.016,0.0014297253219410777,0.00119708979036659,0.023927045986056328,,,1757037100.1235518
"(None, None)",40.958886,29.1357976,-0.016,0.0013913899892941117,0.00115859298966825,0.023875469341874123,,,1757037100.2540014
"(None, None)",40.958886,29.1357976,-0.016,0.0013512448640540242,0.0011184883769601583,0.023795899003744125,,,1757037100.3919713
"(None, None)",40.958886,29.1357976,-0.016,0.0013512448640540242,0.0011184883769601583,0.023795899003744125,,,1757037100.5220366
"(None, None)",40.958886,29.1357976,-0.016,0.0013019534526392817,0.0010695088421925902,0.023734744638204575,,,1757037100.6548226
"(None, None)",40.958886,29.1357976,-0.016,0.0013019534526392817,0.0010695088421925902,0.023734744638204575,,,1757037100.7900503
"(None, None)",40.958886,29.1357976,-0.016,0.0012674072058871388,0.0010364855406805873,0.02367524988949299,,,1757037100.9226837
"(None, None)",40.958886,29.1357976,-0.016,0.0012674072058871388,0.0010364855406805873,0.02367524988949299,,,1757037101.05833
"(None, None)",40.958886,29.1357976,-0.016,0.0012387430761009455,0.0010204048594459891,0.02360956184566021,,,1757037101.190116
"(None, None)",40.958886,29.1357976,-0.016,0.0012387430761009455,0.0010204048594459891,0.02360956184566021,,,1757037101.32278
"(None, None)",40.958886,29.1357976,-0.016,0.0012109053786844015,0.0009875815594568849,0.02353482134640217,,,1757037101.4583938
"(None, None)",40.958886,29.1357976,-0.016,0.0012109053786844015,0.0009875815594568849,0.02353482134640217,,,1757037101.5902038
"(None, None)",40.958886,29.1357976,-0.016,0.0011837416095659137,0.0009630325366742909,0.023470381274819374,,,1757037101.722338
"(None, None)",40.958886,29.1357976,-0.016,0.0011837416095659137,0.0009630325366742909,0.023470381274819374,,,1757037101.8583713
"(None, None)",40.958886,29.1357976,-0.016,0.001165818888694048,0.0009511291864328086,0.02338949777185917,,,1757037101.990315
"(None, None)",40.958886,29.1357976,-0.016,0.001165818888694048,0.0009511291864328086,0.02338949777185917,,,1757037102.1263957
"(None, None)",40.958886,29.1357976,-0.016,0.0011523186694830656,0.0009400554117746651,0.02332029677927494,,,1757037102.2591627
"(None, None)",40.958886,29.1357976,-0.016,0.0011398454662412405,0.0009300506208091974,0.023244114592671394,,,1757037102.3905196
"(None, None)",40.958886,29.1357976,-0.016,0.0011398454662412405,0.0009300506208091974,0.023244114592671394,,,1757037102.5258832
"(None, None)",40.958886,29.1357976,-0.016,0.0011256468715146184,0.0009180504130199552,0.023182932287454605,,,1757037102.6583364
"(None, None)",40.958886,29.1357976,-0.016,0.0011256468715146184,0.0009180504130199552,0.023182932287454605,,,1757037102.7908373
"(None, None)",40.958886,29.1357976,-0.016,0.0011061535915359855,0.0009012998198159039,0.023104483261704445,,,1757037102.9264555
"(None, None)",40.958886,29.1357976,-0.016,0.0011061535915359855,0.0009012998198159039,0.023104483261704445,,,1757037103.0588539
"(None, None)",40.958886,29.1357976,-0.016,0.0011079073883593082,0.000898214871995151,0.023041537031531334,,,1757037103.1944337
"(None, None)",40.958886,29.1357976,-0.016,0.0011079073883593082,0.000898214871995151,0.023041537031531334,,,1757037103.326432
"(None, None)",40.958886,29.1357976,-0.016,0.00110725499689579,0.0008884493145160377,0.022960295900702477,,,1757037103.4584746
"(None, None)",40.958886,29.1357976,-0.016,0.00110725499689579,0.0008884493145160377,0.022960295900702477,,,1757037103.5943117
"(None, None)",40.958886,29.1357976,-0.016,0.0010970893781632185,0.0008851087186485529,0.02289559505879879,,,1757037103.7261875
"(None, None)",40.958886,29.1357976,-0.016,0.0010970893781632185,0.0008851087186485529,0.02289559505879879,,,1757037103.8621569
"(None, None)",40.958886,29.1357976,-0.016,0.001095346175134182,0.0008802045485936105,0.022825142368674278,,,1757037103.9942026
"(None, None)",40.958886,29.1357976,-0.016,0.001095346175134182,0.0008802045485936105,0.022825142368674278,,,1757037104.1262426
"(None, None)",40.958886,29.1357976,-0.016,0.0010959978681057692,0.0008842710522003472,0.022768456488847733,,,1757037104.2627356
"(None, None)",40.958886,29.1357976,-0.016,0.0010983727406710386,0.0008861233363859355,0.022693559527397156,,,1757037104.3946803
"(None, None)",40.958886,29.1357976,-0.016,0.0010983727406710386,0.0008861233363859355,0.022693559527397156,,,1757037104.525972
"(None, None)",40.958886,29.1357976,-0.016,0.001097082975320518,0.0008866157149896026,0.022641874849796295,,,1757037104.662214
"(None, None)",40.958886,29.1357976,-0.016,0.001097082975320518,0.0008866157149896026,0.022641874849796295,,,1757037104.794115
"(None, None)",40.958886,29.1357976,-0.016,0.0010931463912129402,0.00088342564413324,0.02256685681641102,,,1757037104.9311807
"(None, None)",40.958886,29.1357976,-0.016,0.0010931463912129402,0.00088342564413324,0.02256685681641102,,,1757037105.0633106
"(None, None)",40.958886,29.1357976,-0.016,0.0010945831891149282,0.0008832889725454152,0.022517891600728035,,,1757037105.1956587
"(None, None)",40.958886,29.1357976,-0.016,0.0010945831891149282,0.0008832889725454152,0.022517891600728035,,,1757037105.3320017
"(None, None)",40.958886,29.1357976,-0.016,0.0010969432769343257,0.0008894973434507847,0.02244880609214306,,,1757037105.4634478
"(None, None)",40.958886,29.1357976,-0.016,0.0010969432769343257,0.0008894973434507847,0.02244880609214306,,,1757037105.596032
"(None, None)",40.958886,29.1357976,-0.016,0.0010936782928183675,0.0008908893214538693,0.022392570972442627,,,1757037105.7320335
"(None, None)",40.958886,29.1357976,-0.016,0.0010936782928183675,0.0008908893214538693,0.022392570972442627,,,1757037105.8641064
"(None, None)",40.958886,29.1357976,-0.016,0.0010956607293337584,0.0008906323928385973,0.02232261188328266,,,1757037105.9996636
"(None, None)",40.958886,29.1357976,-0.016,0.001101418398320675,0.0008908354211598635,0.02227189764380455,,,1757037106.1310842
"(None, None)",40.958886,29.1357976,-0.016,0.001101418398320675,0.0008908354211598635,0.02227189764380455,,,1757037106.263222
"(None, None)",40.958886,29.1357976,-0.016,0.0011017476208508015,0.0008953968062996864,0.022206325083971024,,,1757037106.3996167
"(None, None)",40.958886,29.1357976,-0.016,0.0011017476208508015,0.0008953968062996864,0.022206325083971024,,,1757037106.53018
"(None, None)",40.958886,29.1357976,-0.016,0.0010968343121930957,0.00089523836504668,0.022156840190291405,,,1757037106.6642272
"(None, None)",40.958886,29.1357976,-0.016,0.0010968343121930957,0.00089523836504668,0.022156840190291405,,,1757037106.7997627
"(None, None)",40.958886,29.1357976,-0.016,0.0010950459400191903,0.0008935366640798748,0.022109583020210266,,,1757037106.9321043
"(None, None)",40.958886,29.1357976,-0.016,0.0010950459400191903,0.0008935366640798748,0.022109583020210266,,,1757037107.0675435
"(None, None)",40.958886,29.1357976,-0.016,0.0010985428234562278,0.0008980446727946401,0.0220588780939579,,,1757037107.1995597
"(None, None)",40.958886,29.1357976,-0.016,0.0010985428234562278,0.0008980446727946401,0.0220588780939579,,,1757037107.331356
"(None, None)",40.958886,29.1357976,-0.016,0.001098742475733161,0.0009016599506139755,0.021999340504407883,,,1757037107.467075
"(None, None)",40.958886,29.1357976,-0.016,0.001098742475733161,0.0009016599506139755,0.021999340504407883,,,1757037107.5990133
"(None, None)",40.958886,29.1357976,-0.016,0.0011041680118069053,0.0008994473610073328,0.021945923566818237,,,1757037107.7314336
"(None, None)",40.958886,29.1357976,-0.016,0.0011041680118069053,0.0008994473610073328,0.021945923566818237,,,1757037107.866945
"(None, None)",40.958886,29.1357976,-0.016,0.0011059410171583295,0.0008976396638900042,0.021881762892007828,,,1757037107.999373
"(None, None)",40.958886,29.1357976,-0.016,0.001114826649427414,0.0008998897974379361,0.0218392051756382,,,1757037108.1355674
"(None, None)",40.958886,29.1357976,-0.016,0.001114826649427414,0.0008998897974379361,0.0218392051756382,,,1757037108.2676103
"(None, None)",40.958886,29.1357976,-0.016,0.0011163364397361875,0.0009068560320883989,0.021781042218208313,,,1757037108.3995633
"(None, None)",40.958886,29.1357976,-0.016,0.0011163364397361875,0.0009068560320883989,0.021781042218208313,,,1757037108.5336814
"(None, None)",40.958886,29.1357976,-0.016,0.001111603807657957,0.000907676003407687,0.02173445001244545,,,1757037108.667599
"(None, None)",40.958886,29.1357976,-0.016,0.001111603807657957,0.000907676003407687,0.02173445001244545,,,1757037108.8000588
"(None, None)",40.958886,29.1357976,-0.016,0.001116109313443303,0.0009033771930262446,0.021684516221284866,,,1757037108.9357188
"(None, None)",40.958886,29.1357976,-0.016,0.001116109313443303,0.0009033771930262446,0.021684516221284866,,,1757037109.0677261
"(None, None)",40.958886,29.1357976,-0.016,0.0011167529737576842,0.000906033965293318,0.021645437926054,,,1757037109.2031345
"(None, None)",40.958886,29.1357976,-0.016,0.0011167529737576842,0.000906033965293318,0.021645437926054,,,1757037109.335009
"(None, None)",40.958886,29.1357976,-0.016,0.0011274912394583225,0.0009213633602485061,0.021590756252408028,,,1757037109.4673748
"(None, None)",40.958886,29.1357976,-0.016,0.0011274912394583225,0.0009213633602485061,0.021590756252408028,,,1757037109.6037633
"(None, None)",40.958886,29.1357976,-0.016,0.0011273832060396671,0.0009169460972771049,0.021551048383116722,,,1757037109.7341535
"(None, None)",40.958886,29.1357976,-0.016,0.0011273832060396671,0.0009169460972771049,0.021551048383116722,,,1757037109.8707027
"(None, None)",40.958886,29.1357976,-0.016,0.0011251062387600541,0.0009218446793965995,0.021500712260603905,,,1757037110.0036767
"(None, None)",40.958886,29.1357976,-0.016,0.001133463578298688,0.0009318809607066214,0.021460607647895813,,,1757037110.1361063
"(None, None)",40.958886,29.1357976,-0.016,0.001133463578298688,0.0009318809607066214,0.021460607647895813,,,1757037110.269953
"(None, None)",40.958886,29.1357976,-0.016,0.0011404154356569052,0.000939924968406558,0.02141004614531994,,,1757037110.4030828
"(None, None)",40.958886,29.1357976,-0.016,0.0011404154356569052,0.000939924968406558,0.02141004614531994,,,1757037110.533642
"(None, None)",40.958886,29.1357976,-0.016,0.0011358218034729362,0.0009403408621437848,0.021369239315390587,,,1757037110.6716416
"(None, None)",40.958886,29.1357976,-0.016,0.0011358218034729362,0.0009403408621437848,0.021369239315390587,,,1757037110.8028655
"(None, None)",40.958886,29.1357976,-0.016,0.0011399940121918917,0.0009417504770681262,0.02131805382668972,,,1757037110.9386535
"(None, None)",40.958886,29.1357976,-0.016,0.0011399940121918917,0.0009417504770681262,0.02131805382668972,,,1757037111.0701082
"(None, None)",40.958886,29.1357976,-0.016,0.0011427352437749505,0.0009471170487813652,0.021291036158800125,,,1757037111.2041314
"(None, None)",40.958886,29.1357976,-0.016,0.0011427352437749505,0.0009471170487813652,0.021291036158800125,,,1757037111.3395727
"(None, None)",40.958886,29.1357976,-0.016,0.0011377016780897975,0.0009478949359618127,0.02125191129744053,,,1757037111.470742
"(None, None)",40.958886,29.1357976,-0.016,0.0011377016780897975,0.0009478949359618127,0.02125191129744053,,,1757037111.6041548
"(None, None)",40.958886,29.1357976,-0.016,0.001141706365160644,0.0009477344574406743,0.021212128922343254,,,1757037111.7398047
"(None, None)",40.958886,29.1357976,-0.016,0.001141706365160644,0.0009477344574406743,0.021212128922343254,,,1757037111.8706396
"(None, None)",40.958886,29.1357976,-0.016,0.0011466367868706584,0.0009424300515092909,0.021165309473872185,,,1757037112.0078862
"(None, None)",40.958886,29.1357976,-0.016,0.0011553133372217417,0.0009536658762954175,0.021130021661520004,,,1757037112.1399622
"(None, None)",40.958886,29.1357976,-0.016,0.0011553133372217417,0.0009536658762954175,0.021130021661520004,,,1757037112.2710674
"(None, None)",40.958886,29.1357976,-0.016,0.0011572276707738638,0.0009599584154784679,0.02108568511903286,,,1757037112.4061759
"(None, None)",40.958886,29.1357976,-0.016,0.0011572276707738638,0.0009599584154784679,0.02108568511903286,,,1757037112.5381932
"(None, None)",40.958886,29.1357976,-0.016,0.001152540440671146,0.0009531605755910277,0.02104627899825573,,,1757037112.6717002
"(None, None)",40.958886,29.1357976,-0.016,0.001152540440671146,0.0009531605755910277,0.02104627899825573,,,1757037112.8075275
"(None, None)",40.958886,29.1357976,-0.016,0.0011510704644024372,0.0009543919004499912,0.021002447232604027,,,1757037112.9392352
"(None, None)",40.958886,29.1357976,-0.016,0.0011510704644024372,0.0009543919004499912,0.021002447232604027,,,1757037113.0756552
"(None, None)",40.958886,29.1357976,-0.016,0.0011554183438420296,0.000962626188993454,0.020976107567548752,,,1757037113.2076397
"(None, None)",40.958886,29.1357976,-0.016,0.0011554183438420296,0.000962626188993454,0.020976107567548752,,,1757037113.3396084
"(None, None)",40.958886,29.1357976,-0.016,0.0011570091592147946,0.0009628296829760075,0.020933160558342934,,,1757037113.4759943
"(None, None)",40.958886,29.1357976,-0.016,0.0011570091592147946,0.0009628296829760075,0.020933160558342934,,,1757037113.6083047
"(None, None)",40.958886,29.1357976,-0.016,0.0011608049971982837,0.0009657598566263914,0.020903583616018295,,,1757037113.7395942
"(None, None)",40.958886,29.1357976,-0.016,0.0011608049971982837,0.0009657598566263914,0.020903583616018295,,,1757037113.874424
"(None, None)",40.958886,29.1357976,-0.016,0.0011631184024736285,0.0009596319869160652,0.020862329751253128,,,1757037114.0079646
"(None, None)",40.958886,29.1357976,-0.016,0.0011664512567222118,0.0009650508873164654,0.020834598690271378,,,1757037114.1433063
"(None, None)",40.958886,29.1357976,-0.016,0.0011664512567222118,0.0009650508873164654,0.020834598690271378,,,1757037114.2759492
"(None, None)",40.958886,29.1357976,-0.016,0.0011687573278322816,0.0009712752071209252,0.02079567313194275,,,1757037114.4076126
"(None, None)",40.958886,29.1357976,-0.016,0.0011687573278322816,0.0009712752071209252,0.02079567313194275,,,1757037114.5421803
"(None, None)",40.958886,29.1357976,-0.016,0.0011708257952705026,0.0009682444506324828,0.020767483860254288,,,1757037114.6751504
"(None, None)",40.958886,29.1357976,-0.016,0.0011708257952705026,0.0009682444506324828,0.020767483860254288,,,1757037114.8073838
"(None, None)",40.958886,29.1357976,-0.016,0.0011726606171578169,0.000968354579526931,0.020735803991556168,,,1757037114.9440598
"(None, None)",40.958886,29.1357976,-0.016,0.0011726606171578169,0.000968354579526931,0.020735803991556168,,,1757037115.0752141
"(None, None)",40.958886,29.1357976,-0.016,0.0011788866249844432,0.000974031921941787,0.02071133442223072,,,1757037115.2118673
"(None, None)",40.958886,29.1357976,-0.016,0.0011788866249844432,0.000974031921941787,0.02071133442223072,,,1757037115.3435795
"(None, None)",40.958886,29.1357976,-0.016,0.001180713763460517,0.0009687251877039671,0.020668551325798035,,,1757037115.4744065
"(None, None)",40.958886,29.1357976,-0.016,0.001180713763460517,0.0009687251877039671,0.020668551325798035,,,1757037115.6104078
"(None, None)",40.958886,29.1357976,-0.016,0.0011809003772214055,0.0009698237990960479,0.02064535580575466,,,1757037115.7427692
"(None, None)",40.958886,29.1357976,-0.016,0.0011809003772214055,0.0009698237990960479,0.02064535580575466,,,1757037115.878872
"(None, None)",40.958886,29.1357976,-0.016,0.001181066851131618,0.0009708566358312964,0.02060830406844616,,,1757037116.010648
"(None, None)",40.958886,29.1357976,-0.016,0.001180298044346273,0.0009703390533104539,0.02060113474726677,,,1757037116.1430006
"(None, None)",40.958886,29.1357976,-0.016,0.001180298044346273,0.0009703390533104539,0.02060113474726677,,,1757037116.2779262
"(None, None)",40.958886,29.1357976,-0.016,0.0011900389799848199,0.0009711296879686415,0.020568624138832092,,,1757037116.4107215
"(None, None)",40.958886,29.1357976,-0.016,0.0011900389799848199,0.0009711296879686415,0.020568624138832092,,,1757037116.542229
"(None, None)",40.958886,29.1357976,-0.016,0.0011897027725353837,0.000969835149589926,0.020538458600640297,,,1757037116.678223
"(None, None)",40.958886,29.1357976,-0.016,0.0011897027725353837,0.000969835149589926,0.020538458600640297,,,1757037116.8106112
"(None, None)",40.958886,29.1357976,-0.016,0.0011909528402611613,0.0009686806006357074,0.020504141226410866,,,1757037116.9460294
"(None, None)",40.958886,29.1357976,-0.016,0.0011909528402611613,0.0009686806006357074,0.020504141226410866,,,1757037117.0787303
"(None, None)",40.958886,29.1357976,-0.016,0.0011949280742555857,0.0009699846850708127,0.020482055842876434,,,1757037117.2103176
"(None, None)",40.958886,29.1357976,-0.016,0.0011949280742555857,0.0009699846850708127,0.020482055842876434,,,1757037117.3469296
"(None, None)",40.958886,29.1357976,-0.016,0.0011927441228181124,0.0009637359762564301,0.020448748022317886,,,1757037117.4781098
"(None, None)",40.958886,29.1357976,-0.016,0.0011927441228181124,0.0009637359762564301,0.020448748022317886,,,1757037117.610708
"(None, None)",40.958886,29.1357976,-0.016,0.0011964007280766964,0.0009647621191106737,0.020425185561180115,,,1757037117.7461803
"(None, None)",40.958886,29.1357976,-0.016,0.0011967842001467943,0.0009638480842113495,0.020398950204253197,,,1757037117.878202
"(None, None)",40.958886,29.1357976,-0.016,0.0011967842001467943,0.0009638480842113495,0.020398950204253197,,,1757037118.015909
"(None, None)",40.958886,29.1357976,-0.016,0.0012031660880893469,0.0009639126947149634,0.02037641778588295,,,1757037118.147362
"(None, None)",40.958886,29.1357976,-0.016,0.0012031660880893469,0.0009639126947149634,0.02037641778588295,,,1757037118.2794821
"(None, None)",40.958886,29.1357976,-0.016,0.0012127156369388103,0.000967332860454917,0.020348206162452698,,,1757037118.4146075
"(None, None)",40.958886,29.1357976,-0.016,0.0012127156369388103,0.000967332860454917,0.020348206162452698,,,1757037118.5463357
"(None, None)",40.958886,29.1357976,-0.016,0.0012061892775818706,0.0009668682469055057,0.020324990153312683,,,1757037118.6781301
"(None, None)",40.958886,29.1357976,-0.016,0.0012061892775818706,0.0009668682469055057,0.020324990153312683,,,1757037118.8131151
"(None, None)",40.958886,29.1357976,-0.016,0.0012115860590711236,0.0009666807018220425,0.020292533561587334,,,1757037118.9449944
"(None, None)",40.958886,29.1357976,-0.016,0.0012115860590711236,0.0009666807018220425,0.020292533561587334,,,1757037119.0810428
"(None, None)",40.958886,29.1357976,-0.016,0.0012116044526919723,0.0009727416327223182,0.020271185785531998,,,1757037119.2128787
"(None, None)",40.958886,29.1357976,-0.016,0.0012116044526919723,0.0009727416327223182,0.020271185785531998,,,1757037119.344869
"(None, None)",40.958886,29.1357976,-0.016,0.0012038621352985501,0.0009667710401117802,0.020239125937223434,,,1757037119.4806716
"(None, None)",40.958886,29.1357976,-0.016,0.0012038621352985501,0.0009667710401117802,0.020239125937223434,,,1757037119.6128218
"(None, None)",40.958886,29.1357976,-0.016,0.0012053893879055977,0.0009749853634275496,0.020220903679728508,,,1757037119.7448926
"(None, None)",40.958886,29.1357976,-0.016,0.0012053893879055977,0.0009749853634275496,0.020220903679728508,,,1757037119.8809547
"(None, None)",40.958886,29.1357976,-0.016,0.001201334991492331,0.0009811472846195102,0.020195726305246353,,,1757037120.012853
"(None, None)",40.958886,29.1357976,-0.016,0.0012073515681549907,0.0009861864382401109,0.020175646990537643,,,1757037120.1488461
"(None, None)",40.958886,29.1357976,-0.016,0.0012073515681549907,0.0009861864382401109,0.020175646990537643,,,1757037120.280781
"(None, None)",40.958886,29.1357976,-0.016,0.0012127402005717158,0.0009935611160472035,0.020153066143393517,,,1757037120.4130583
"(None, None)",40.958886,29.1357976,-0.016,0.0012127402005717158,0.0009935611160472035,0.020153066143393517,,,1757037120.5487955
"(None, None)",40.958886,29.1357976,-0.016,0.0012096671853214502,0.0009908305946737528,0.020138660445809364,,,1757037120.680711
"(None, None)",40.958886,29.1357976,-0.016,0.0012096671853214502,0.0009908305946737528,0.020138660445809364,,,1757037120.8127663
"(None, None)",40.958886,29.1357976,-0.016,0.0012099921004846692,0.000987485283985734,0.020109955221414566,,,1757037120.949004
"(None, None)",40.958886,29.1357976,-0.016,0.0012099921004846692,0.000987485283985734,0.020109955221414566,,,1757037121.0809956
"(None, None)",40.958886,29.1357976,-0.016,0.0012119053862988949,0.000992935849353671,0.020096447318792343,,,1757037121.2169502
"(None, None)",40.958886,29.1357976,-0.016,0.0012119053862988949,0.000992935849353671,0.020096447318792343,,,1757037121.3488317
"(None, None)",40.958886,29.1357976,-0.016,0.0012137482408434153,0.000995515612885356,0.020075371488928795,,,1757037121.4809673
"(None, None)",40.958886,29.1357976,-0.016,0.0012137482408434153,0.000995515612885356,0.020075371488928795,,,1757037121.616988
"(None, None)",40.958886,29.1357976,-0.016,0.0012080413289368153,0.0009846348548308015,0.020072100684046745,,,1757037121.7491465
"(None, None)",40.958886,29.1357976,-0.016,0.0012080413289368153,0.0009846348548308015,0.020072100684046745,,,1757037121.8851235
"(None, None)",40.958886,29.1357976,-0.016,0.0012147955130785704,0.0009901588782668114,0.02005716972053051,,,1757037122.0171654
"(None, None)",40.958886,29.1357976,-0.016,0.001218765857629478,0.0009960109600797296,0.020046822726726532,,,1757037122.1489844
"(None, None)",40.958886,29.1357976,-0.016,0.001218765857629478,0.0009960109600797296,0.020046822726726532,,,1757037122.2848315
"(None, None)",40.958886,29.1357976,-0.016,0.0012125171488150954,0.001001068390905857,0.020029529929161072,,,1757037122.4169505
"(None, None)",40.958886,29.1357976,-0.016,0.0012125171488150954,0.001001068390905857,0.020029529929161072,,,1757037122.5488925
"(None, None)",40.958886,29.1357976,-0.016,0.001205611159093678,0.0009933026740327477,0.02000824548304081,,,1757037122.6851926
"(None, None)",40.958886,29.1357976,-0.016,0.001205611159093678,0.0009933026740327477,0.02000824548304081,,,1757037122.8170366
"(None, None)",40.958886,29.1357976,-0.016,0.0012120286701247096,0.0009920577285811305,0.019989967346191406,,,1757037122.953179
"(None, None)",40.958886,29.1357976,-0.016,0.0012120286701247096,0.0009920577285811305,0.019989967346191406,,,1757037123.0848198
"(None, None)",40.958886,29.1357976,-0.016,0.001210841815918684,0.0009929044172167778,0.019978918135166168,,,1757037123.2172675
"(None, None)",40.958886,29.1357976,-0.016,0.001210841815918684,0.0009929044172167778,0.019978918135166168,,,1757037123.353248
"(None, None)",40.958886,29.1357976,-0.016,0.0012136130826547742,0.0010001175105571747,0.019959954544901848,,,1757037123.4851456
"(None, None)",40.958886,29.1357976,-0.016,0.0012136130826547742,0.0010001175105571747,0.019959954544901848,,,1757037123.6171408
"(None, None)",40.958886,29.1357976,-0.016,0.001207246445119381,0.0009901924058794975,0.019945312291383743,,,1757037123.7532072
"(None, None)",40.958886,29.1357976,-0.016,0.0012095350539311767,0.0009975488064810634,0.01992570422589779,,,1757037123.8848758
"(None, None)",40.958886,29.1357976,-0.016,0.0012095350539311767,0.0009975488064810634,0.01992570422589779,,,1757037124.021128
"(None, None)",40.958886,29.1357976,-0.016,0.0012115183053538203,0.0010009093675762415,0.019917191937565804,,,1757037124.1526833
"(None, None)",40.958886,29.1357976,-0.016,0.0012115183053538203,0.0010009093675762415,0.019917191937565804,,,1757037124.2849562
"(None, None)",40.958886,29.1357976,-0.016,0.0012134647695347667,0.0010036739986389875,0.019892994314432144,,,1757037124.4210544
"(None, None)",40.958886,29.1357976,-0.016,0.0012134647695347667,0.0010036739986389875,0.019892994314432144,,,1757037124.5528967
"(None, None)",40.958886,29.1357976,-0.016,0.0012085807975381613,0.001000744290649891,0.019889093935489655,,,1757037124.6849928
"(None, None)",40.958886,29.1357976,-0.016,0.0012085807975381613,0.001000744290649891,0.019889093935489655,,,1757037124.8210003
"(None, None)",40.958886,29.1357976,-0.016,0.0012129070237278938,0.0010020150803029537,0.019872423261404037,,,1757037124.952863
"(None, None)",40.958886,29.1357976,-0.016,0.0012129070237278938,0.0010020150803029537,0.019872423261404037,,,1757037125.0889146
"(None, None)",40.958886,29.1357976,-0.016,0.0012193674920126796,0.0010052265133708715,0.019862376153469086,,,1757037125.2209551
"(None, None)",40.958886,29.1357976,-0.016,0.0012193674920126796,0.0010052265133708715,0.019862376153469086,,,1757037125.3529062
"(None, None)",40.958886,29.1357976,-0.016,0.0012240844080224633,0.0010109629947692156,0.019842270761728287,,,1757037125.4890378
"(None, None)",40.958886,29.1357976,-0.016,0.0012240844080224633,0.0010109629947692156,0.019842270761728287,,,1757037125.6209729
"(None, None)",40.958886,29.1357976,-0.016,0.0012199198827147484,0.0010037821484729648,0.019837427884340286,,,1757037125.7530034
"(None, None)",40.958886,29.1357976,-0.016,0.0012174367439001799,0.001004426390863955,0.019817963242530823,,,1757037125.8888955
"(None, None)",40.958886,29.1357976,-0.016,0.0012174367439001799,0.001004426390863955,0.019817963242530823,,,1757037126.021047
"(None, None)",40.958886,29.1357976,-0.016,0.001223966246470809,0.0010113428579643369,0.019807761535048485,,,1757037126.1569924
"(None, None)",40.958886,29.1357976,-0.016,0.001223966246470809,0.0010113428579643369,0.019807761535048485,,,1757037126.2888758
"(None, None)",40.958886,29.1357976,-0.016,0.0012232016306370497,0.0010148838628083467,0.019787142053246498,,,1757037126.4209528
"(None, None)",40.958886,29.1357976,-0.016,0.0012232016306370497,0.0010148838628083467,0.019787142053246498,,,1757037126.5569417
"(None, None)",40.958886,29.1357976,-0.016,0.0012200368801131845,0.0010090589057654142,0.019786668941378593,,,1757037126.6889708
"(None, None)",40.958886,29.1357976,-0.016,0.0012200368801131845,0.0010090589057654142,0.019786668941378593,,,1757037126.8208294
"(None, None)",40.958886,29.1357976,-0.016,0.001223603030666709,0.0010074437595903873,0.019773799926042557,,,1757037126.956706
"(None, None)",40.958886,29.1357976,-0.016,0.001223603030666709,0.0010074437595903873,0.019773799926042557,,,1757037127.0886486
"(None, None)",40.958886,29.1357976,-0.016,0.001227900036610663,0.0010067058028653264,0.01977008394896984,,,1757037127.2247488
"(None, None)",40.958886,29.1357976,-0.016,0.001227900036610663,0.0010067058028653264,0.01977008394896984,,,1757037127.3569536
"(None, None)",40.958886,29.1357976,-0.016,0.0012373834615573287,0.0010081726359203458,0.01975952833890915,,,1757037127.4889703
"(None, None)",40.958886,29.1357976,-0.016,0.0012373834615573287,0.0010081726359203458,0.01975952833890915,,,1757037127.6249588
"(None, None)",40.958886,29.1357976,-0.016,0.0012327478034421802,0.0010064373491331935,0.019762886688113213,,,1757037127.7569277
"(None, None)",40.958886,29.1357976,-0.016,0.0012319451197981834,0.0009976569563150406,0.019757896661758423,,,1757037127.8927138
"(None, None)",40.958886,29.1357976,-0.016,0.0012319451197981834,0.0009976569563150406,0.019757896661758423,,,1757037128.0247986
"(None, None)",40.958886,29.1357976,-0.016,0.0012426417088136077,0.0010048032272607088,0.01975136622786522,,,1757037128.1570802
"(None, None)",40.958886,29.1357976,-0.016,0.0012426417088136077,0.0010048032272607088,0.01975136622786522,,,1757037128.2930112
"(None, None)",40.958886,29.1357976,-0.016,0.0012411470524966717,0.0010073860175907612,0.019739603623747826,,,1757037128.4247644
"(None, None)",40.958886,29.1357976,-0.016,0.0012411470524966717,0.0010073860175907612,0.019739603623747826,,,1757037128.5570576
"(None, None)",40.958886,29.1357976,-0.016,0.0012423236621543765,0.0010059945052489638,0.01973075419664383,,,1757037128.6931586
"(None, None)",40.958886,29.1357976,-0.016,0.0012423236621543765,0.0010059945052489638,0.01973075419664383,,,1757037128.8250139
"(None, None)",40.958886,29.1357976,-0.016,0.001245373860001564,0.0010037164902314544,0.019721560180187225,,,1757037128.960827
"(None, None)",40.958886,29.1357976,-0.016,0.001245373860001564,0.0010037164902314544,0.019721560180187225,,,1757037129.0928469
"(None, None)",40.958886,29.1357976,-0.016,0.0012460765428841114,0.0010069269919767976,0.019713887944817543,,,1757037129.2248468
"(None, None)",40.958886,29.1357976,-0.016,0.0012460765428841114,0.0010069269919767976,0.019713887944817543,,,1757037129.36081
"(None, None)",40.958886,29.1357976,-0.016,0.0012514995178207755,0.00100853166077286,0.019700130447745323,,,1757037129.4931004
"(None, None)",40.958886,29.1357976,-0.016,0.0012514995178207755,0.00100853166077286,0.019700130447745323,,,1757037129.6248925
"(None, None)",40.958886,29.1357976,-0.016,0.0012496596900746226,0.001015232759527862,0.01969759166240692,,,1757037129.7609446
"(None, None)",40.958886,29.1357976,-0.016,0.0012418904807418585,0.001011004438623786,0.019690431654453278,,,1757037129.8929074
"(None, None)",40.958886,29.1357976,-0.016,0.0012418904807418585,0.001011004438623786,0.019690431654453278,,,1757037130.0287514
"(None, None)",40.958886,29.1357976,-0.016,0.001252362155355513,0.00102040427736938,0.019689396023750305,,,1757037130.1606543
"(None, None)",40.958886,29.1357976,-0.016,0.001252362155355513,0.00102040427736938,0.019689396023750305,,,1757037130.292889
"(None, None)",40.958886,29.1357976,-0.016,0.00125500385183841,0.001020601368509233,0.019680604338645935,,,1757037130.4288917
"(None, None)",40.958886,29.1357976,-0.016,0.00125500385183841,0.001020601368509233,0.019680604338645935,,,1757037130.5607336
"(None, None)",40.958886,29.1357976,-0.016,0.0012530642561614513,0.0010171391768381,0.019683005288243294,,,1757037130.6930296
"(None, None)",40.958886,29.1357976,-0.016,0.0012530642561614513,0.0010171391768381,0.019683005288243294,,,1757037130.829052
"(None, None)",40.958886,29.1357976,-0.016,0.0012523351470008492,0.001016109948977828,0.019674042239785194,,,1757037130.961023
"(None, None)",40.958886,29.1357976,-0.016,0.0012523351470008492,0.001016109948977828,0.019674042239785194,,,1757037131.0969996
"(None, None)",40.958886,29.1357976,-0.016,0.0012519434094429016,0.0010245060548186302,0.01967884600162506,,,1757037131.2288635
"(None, None)",40.958886,29.1357976,-0.016,0.0012519434094429016,0.0010245060548186302,0.01967884600162506,,,1757037131.3609118
"(None, None)",40.958886,29.1357976,-0.016,0.0012614141451194882,0.00102542107924819,0.019670628011226654,,,1757037131.4969666
"(None, None)",40.958886,29.1357976,-0.016,0.0012614141451194882,0.00102542107924819,0.019670628011226654,,,1757037131.6289666
"(None, None)",40.958886,29.1357976,-0.016,0.0012566340155899525,0.0010214629583060741,0.019669843837618828,,,1757037131.760793
"(None, None)",40.958886,29.1357976,-0.016,0.0012473014649003744,0.0010203124256804585,0.01966794952750206,,,1757037131.8967962
"(None, None)",40.958886,29.1357976,-0.016,0.0012473014649003744,0.0010203124256804585,0.01966794952750206,,,1757037132.028833
"(None, None)",40.958886,29.1357976,-0.016,0.0012492297682911158,0.0010219365358352661,0.01966983638703823,,,1757037132.1650736
"(None, None)",40.958886,29.1357976,-0.016,0.0012492297682911158,0.0010219365358352661,0.01966983638703823,,,1757037132.296891
"(None, None)",40.958886,29.1357976,-0.016,0.0012520331656560302,0.0010294364765286446,0.019669421017169952,,,1757037132.4289691
"(None, None)",40.958886,29.1357976,-0.016,0.0012520331656560302,0.0010294364765286446,0.019669421017169952,,,1757037132.5648332
"(None, None)",40.958886,29.1357976,-0.016,0.001251799869351089,0.001033648382872343,0.019665032625198364,,,1757037132.6968863
"(None, None)",40.958886,29.1357976,-0.016,0.001251799869351089,0.001033648382872343,0.019665032625198364,,,1757037132.8288026
"(None, None)",40.958886,29.1357976,-0.016,0.001248965971171856,0.0010358018334954977,0.01965869963169098,,,1757037132.9648404
"(None, None)",40.958886,29.1357976,-0.016,0.001248965971171856,0.0010358018334954977,0.01965869963169098,,,1757037133.0970147
"(None, None)",40.958886,29.1357976,-0.016,0.0012520540039986372,0.0010378099977970123,0.019655805081129074,,,1757037133.232872
"(None, None)",40.958886,29.1357976,-0.016,0.0012520540039986372,0.0010378099977970123,0.019655805081129074,,,1757037133.3648021
"(None, None)",40.958886,29.1357976,-0.016,0.0012520693708211184,0.0010433743009343743,0.019654231145977974,,,1757037133.4971905
"(None, None)",40.958886,29.1357976,-0.016,0.0012520693708211184,0.0010433743009343743,0.019654231145977974,,,1757037133.6329932
"(None, None)",40.958886,29.1357976,-0.016,0.0012524748453870416,0.0010383976623415947,0.019652292132377625,,,1757037133.7650585
"(None, None)",40.958886,29.1357976,-0.016,0.0012490422232076526,0.001039403723552823,0.01964521035552025,,,1757037133.9009192
"(None, None)",40.958886,29.1357976,-0.016,0.0012490422232076526,0.001039403723552823,0.01964521035552025,,,1757037134.0329735
"(None, None)",40.958886,29.1357976,-0.016,0.0012455452233552933,0.0010337653802707791,0.019643770530819893,,,1757037134.1648977
"(None, None)",40.958886,29.1357976,-0.016,0.0012455452233552933,0.0010337653802707791,0.019643770530819893,,,1757037134.3008814
"(None, None)",40.958886,29.1357976,-0.016,0.001255448441952467,0.0010408336529508233,0.01963808573782444,,,1757037134.4330032
"(None, None)",40.958886,29.1357976,-0.016,0.001255448441952467,0.0010408336529508233,0.01963808573782444,,,1757037134.5649986
"(None, None)",40.958886,29.1357976,-0.016,0.0012518551666289568,0.0010392607655376196,0.019643867388367653,,,1757037134.7009532
"(None, None)",40.958886,29.1357976,-0.016,0.0012518551666289568,0.0010392607655376196,0.019643867388367653,,,1757037134.8328972
"(None, None)",40.958886,29.1357976,-0.016,0.0012445838656276464,0.0010346954222768545,0.01963912695646286,,,1757037134.9689963
"(None, None)",40.958886,29.1357976,-0.016,0.0012445838656276464,0.0010346954222768545,0.01963912695646286,,,1757037135.1010199
"(None, None)",40.958886,29.1357976,-0.016,0.0012480075238272548,0.0010389008093625307,0.019645191729068756,,,1757037135.233018
"(None, None)",40.958886,29.1357976,-0.016,0.0012480075238272548,0.0010389008093625307,0.019645191729068756,,,1757037135.3689852
"(None, None)",40.958886,29.1357976,-0.016,0.0012503736652433872,0.0010421033948659897,0.019641324877738953,,,1757037135.5009956
"(None, None)",40.958886,29.1357976,-0.016,0.0012503736652433872,0.0010421033948659897,0.019641324877738953,,,1757037135.6330693
"(None, None)",40.958886,29.1357976,-0.016,0.0012407470494508743,0.0010372865945100784,0.019647793844342232,,,1757037135.7691119
"(None, None)",40.958886,29.1357976,-0.016,0.0012348316377028823,0.0010345481568947434,0.01964912936091423,,,1757037135.9009783
"(None, None)",40.958886,29.1357976,-0.016,0.0012348316377028823,0.0010345481568947434,0.01964912936091423,,,1757037136.0368617
"(None, None)",40.958886,29.1357976,-0.016,0.0012274893233552575,0.0010306163458153605,0.019660664722323418,,,1757037136.1690006
"(None, None)",40.958886,29.1357976,-0.016,0.0012274893233552575,0.0010306163458153605,0.019660664722323418,,,1757037136.3010206
"(None, None)",40.958886,29.1357976,-0.016,0.0012297496432438493,0.0010357035789638758,0.019654767587780952,,,1757037136.4371026
"(None, None)",40.958886,29.1357976,-0.016,0.0012297496432438493,0.0010357035789638758,0.019654767587780952,,,1757037136.5688386
"(None, None)",40.958886,29.1357976,-0.016,0.0012235876638442278,0.001029701204970479,0.019658640027046204,,,1757037136.7007225
"(None, None)",40.958886,29.1357976,-0.016,0.0012235876638442278,0.001029701204970479,0.019658640027046204,,,1757037136.8369849
"(None, None)",40.958886,29.1357976,-0.016,0.0012212791480123997,0.00102317170239985,0.019664233550429344,,,1757037136.968838
"(None, None)",40.958886,29.1357976,-0.016,0.0012212791480123997,0.00102317170239985,0.019664233550429344,,,1757037137.1047676
"(None, None)",40.958886,29.1357976,-0.016,0.001222842140123248,0.001024827710352838,0.019667917862534523,,,1757037137.2371922
"(None, None)",40.958886,29.1357976,-0.016,0.001222842140123248,0.001024827710352838,0.019667917862534523,,,1757037137.3690476
"(None, None)",40.958886,29.1357976,-0.016,0.0012159828329458833,0.001026809448376298,0.019667424261569977,,,1757037137.504798
"(None, None)",40.958886,29.1357976,-0.016,0.0012149418471381068,0.0010292268125340343,0.019670847803354263,,,1757037137.6369534
"(None, None)",40.958886,29.1357976,-0.016,0.0012149418471381068,0.0010292268125340343,0.019670847803354263,,,1757037137.768938
"(None, None)",40.958886,29.1357976,-0.016,0.001215583411976695,0.0010314140236005187,0.019673209637403488,,,1757037137.9048882
"(None, None)",40.958886,29.1357976,-0.016,0.001215583411976695,0.0010314140236005187,0.019673209637403488,,,1757037138.036931
"(None, None)",40.958886,29.1357976,-0.016,0.0012203023070469499,0.0010392623953521252,0.019679546356201172,,,1757037138.1729493
"(None, None)",40.958886,29.1357976,-0.016,0.0012203023070469499,0.0010392623953521252,0.019679546356201172,,,1757037138.3047438
"(None, None)",40.958886,29.1357976,-0.016,0.0012236187467351556,0.00104318477679044,0.019676215946674347,,,1757037138.4369073
"(None, None)",40.958886,29.1357976,-0.016,0.0012236187467351556,0.00104318477679044,0.019676215946674347,,,1757037138.5728376
"(None, None)",40.958886,29.1357976,-0.016,0.0012196542229503393,0.001041171490214765,0.019682269543409348,,,1757037138.7050502
"(None, None)",40.958886,29.1357976,-0.016,0.0012196542229503393,0.001041171490214765,0.019682269543409348,,,1757037138.8367896
"(None, None)",40.958886,29.1357976,-0.016,0.001224599196575582,0.0010393339907750487,0.01968214102089405,,,1757037138.972692
"(None, None)",40.958886,29.1357976,-0.016,0.001224599196575582,0.0010393339907750487,0.01968214102089405,,,1757037139.109966
"(None, None)",40.958886,29.1357976,-0.016,0.0012283873511478305,0.0010449474211782217,0.01968490704894066,,,1757037139.2408912
"(None, None)",40.958886,29.1357976,-0.016,0.0012283873511478305,0.0010449474211782217,0.01968490704894066,,,1757037139.372948
"(None, None)",40.958886,29.1357976,-0.016,0.0012330877361819148,0.0010490057757124305,0.019684096798300743,,,1757037139.5048892
"(None, None)",40.958886,29.1357976,-0.016,0.0012294489424675703,0.0010400990722700953,0.019692569971084595,,,1757037139.6411204
"(None, None)",40.958886,29.1357976,-0.016,0.0012294489424675703,0.0010400990722700953,0.019692569971084595,,,1757037139.7730448
"(None, None)",40.958886,29.1357976,-0.016,0.0012284541735425591,0.0010386655339971185,0.01969694159924984,,,1757037139.9090023
"(None, None)",40.958886,29.1357976,-0.016,0.0012284541735425591,0.0010386655339971185,0.01969694159924984,,,1757037140.0410194
"(None, None)",40.958886,29.1357976,-0.016,0.0012342663249000907,0.0010397544829174876,0.019703708589076996,,,1757037140.172885
"(None, None)",40.958886,29.1357976,-0.016,0.0012342663249000907,0.0010397544829174876,0.019703708589076996,,,1757037140.3089354
"(None, None)",40.958886,29.1357976,-0.016,0.0012377363163977861,0.0010375140700489283,0.01970129832625389,,,1757037140.441047
"(None, None)",40.958886,29.1357976,-0.016,0.0012377363163977861,0.0010375140700489283,0.01970129832625389,,,1757037140.5731106
"(None, None)",40.958886,29.1357976,-0.016,0.0012371165212243795,0.001035582274198532,0.019712727516889572,,,1757037140.7089388
"(None, None)",40.958886,29.1357976,-0.016,0.0012371165212243795,0.001035582274198532,0.019712727516889572,,,1757037140.84093
"(None, None)",40.958886,29.1357976,-0.016,0.0012328053126111627,0.0010324032045900822,0.019705692306160927,,,1757037140.9770167
"(None, None)",40.958886,29.1357976,-0.016,0.0012328053126111627,0.0010324032045900822,0.019705692306160927,,,1757037141.1090448
"(None, None)",40.958886,29.1357976,-0.016,0.0012311949394643307,0.0010306548792868853,0.019716836512088776,,,1757037141.2408867
"(None, None)",40.958886,29.1357976,-0.016,0.0012311949394643307,0.0010306548792868853,0.019716836512088776,,,1757037141.3767052
"(None, None)",40.958886,29.1357976,-0.016,0.0012334574712440372,0.0010327131021767855,0.01972067542374134,,,1757037141.509337
"(None, None)",40.958886,29.1357976,-0.016,0.0012288449797779322,0.0010264472803100944,0.019726216793060303,,,1757037141.6410718
"(None, None)",40.958886,29.1357976,-0.016,0.0012288449797779322,0.0010264472803100944,0.019726216793060303,,,1757037141.7768679
"(None, None)",40.958886,29.1357976,-0.016,0.001225692918524146,0.0010237166425213218,0.01972132734954357,,,1757037141.908874
"(None, None)",40.958886,29.1357976,-0.016,0.001225692918524146,0.0010237166425213218,0.01972132734954357,,,1757037142.0447776
"(None, None)",40.958886,29.1357976,-0.016,0.0012269803555682302,0.0010294965468347073,0.019730985164642334,,,1757037142.1770504
"(None, None)",40.958886,29.1357976,-0.016,0.0012269803555682302,0.0010294965468347073,0.019730985164642334,,,1757037142.308769
"(None, None)",40.958886,29.1357976,-0.016,0.0012244568206369877,0.001027044141665101,0.019741041585803032,,,1757037142.445051
"(None, None)",40.958886,29.1357976,-0.016,0.0012244568206369877,0.001027044141665101,0.019741041585803032,,,1757037142.576989
"(None, None)",40.958886,29.1357976,-0.016,0.0012234533205628395,0.00102521653752774,0.019746877253055573,,,1757037142.708922
"(None, None)",40.958886,29.1357976,-0.016,0.0012234533205628395,0.00102521653752774,0.019746877253055573,,,1757037142.8452437
"(None, None)",40.958886,29.1357976,-0.016,0.0012249514693394303,0.0010270684724673629,0.019753873348236084,,,1757037142.9768114
"(None, None)",40.958886,29.1357976,-0.016,0.0012249514693394303,0.0010270684724673629,0.019753873348236084,,,1757037143.113026
"(None, None)",40.958886,29.1357976,-0.016,0.0012318163644522429,0.0010307148331776261,0.01976177468895912,,,1757037143.2453837
"(None, None)",40.958886,29.1357976,-0.016,0.0012318163644522429,0.0010307148331776261,0.01976177468895912,,,1757037143.3767896
"(None, None)",40.958886,29.1357976,-0.016,0.0012362204724922776,0.001031800638884306,0.019769662991166115,,,1757037143.5127475
"(None, None)",40.958886,29.1357976,-0.016,0.0012374783400446177,0.0010354265104979277,0.01978042535483837,,,1757037143.6449807
"(None, None)",40.958886,29.1357976,-0.016,0.0012374783400446177,0.0010354265104979277,0.01978042535483837,,,1757037143.776777
"(None, None)",40.958886,29.1357976,-0.016,0.00123390625230968,0.0010384817142039537,0.019787872210144997,,,1757037143.9129264
"(None, None)",40.958886,29.1357976,-0.016,0.00123390625230968,0.0010384817142039537,0.019787872210144997,,,1757037144.0449946
"(None, None)",40.958886,29.1357976,-0.016,0.0012403553118929267,0.0010376605205237865,0.019794438034296036,,,1757037144.1810913
"(None, None)",40.958886,29.1357976,-0.016,0.0012403553118929267,0.0010376605205237865,0.019794438034296036,,,1757037144.3128746
"(None, None)",40.958886,29.1357976,-0.016,0.001239264034666121,0.0010332337114959955,0.019803553819656372,,,1757037144.4449363
"(None, None)",40.958886,29.1357976,-0.016,0.001239264034666121,0.0010332337114959955,0.019803553819656372,,,1757037144.580992
"(None, None)",40.958886,29.1357976,-0.016,0.0012421824503690004,0.0010296199470758438,0.01981217786669731,,,1757037144.7130003
"(None, None)",40.958886,29.1357976,-0.016,0.0012421824503690004,0.0010296199470758438,0.01981217786669731,,,1757037144.848945
"(None, None)",40.958886,29.1357976,-0.016,0.0012390909250825644,0.0010238533141091466,0.019821779802441597,,,1757037144.9810746
"(None, None)",40.958886,29.1357976,-0.016,0.0012390909250825644,0.0010238533141091466,0.019821779802441597,,,1757037145.1128461
"(None, None)",40.958886,29.1357976,-0.016,0.0012400764971971512,0.00103308807592839,0.019824985414743423,,,1757037145.249009
"(None, None)",40.958886,29.1357976,-0.016,0.0012400764971971512,0.00103308807592839,0.019824985414743423,,,1757037145.3809888
"(None, None)",40.958886,29.1357976,-0.016,0.0012478189310058951,0.0010325696785002947,0.019831132143735886,,,1757037145.5127084
"(None, None)",40.958886,29.1357976,-0.016,0.0012512285029515624,0.0010288242483511567,0.019844645634293556,,,1757037145.6488614
"(None, None)",40.958886,29.1357976,-0.016,0.0012512285029515624,0.0010288242483511567,0.019844645634293556,,,1757037145.78074
"(None, None)",40.958886,29.1357976,-0.016,0.001245918101631105,0.0010274581145495176,0.01984657533466816,,,1757037145.9169154
"(None, None)",40.958886,29.1357976,-0.016,0.001245918101631105,0.0010274581145495176,0.01984657533466816,,,1757037146.0491326
"(None, None)",40.958886,29.1357976,-0.016,0.0012498163850978017,0.0010292194783687592,0.019863177090883255,,,1757037146.1811035
"(None, None)",40.958886,29.1357976,-0.016,0.0012498163850978017,0.0010292194783687592,0.019863177090883255,,,1757037146.3170748
"(None, None)",40.958886,29.1357976,-0.016,0.001249931170605123,0.0010235789231956005,0.01987345889210701,,,1757037146.4488602
"(None, None)",40.958886,29.1357976,-0.016,0.001249931170605123,0.0010235789231956005,0.01987345889210701,,,1757037146.5807965
"(None, None)",40.958886,29.1357976,-0.016,0.0012492365203797817,0.0010206536389887333,0.019884945824742317,,,1757037146.717168
"(None, None)",40.958886,29.1357976,-0.016,0.0012492365203797817,0.0010206536389887333,0.019884945824742317,,,1757037146.84875
"(None, None)",40.958886,29.1357976,-0.016,0.0012527782237157226,0.0010231188498437405,0.01988237537443638,,,1757037146.984973
"(None, None)",40.958886,29.1357976,-0.016,0.0012527782237157226,0.0010231188498437405,0.01988237537443638,,,1757037147.1171854
"(None, None)",40.958886,29.1357976,-0.016,0.001254097674973309,0.0010303887538611889,0.019896581768989563,,,1757037147.2489302
"(None, None)",40.958886,29.1357976,-0.016,0.001254097674973309,0.0010303887538611889,0.019896581768989563,,,1757037147.3850808
"(None, None)",40.958886,29.1357976,-0.016,0.0012562565971165895,0.001033772132359445,0.019900469109416008,,,1757037147.5168266
"(None, None)",40.958886,29.1357976,-0.016,0.0012582215713337064,0.0010266242315992713,0.01991305686533451,,,1757037147.648947
"(None, None)",40.958886,29.1357976,-0.016,0.0012582215713337064,0.0010266242315992713,0.01991305686533451,,,1757037147.7849686
"(None, None)",40.958886,29.1357976,-0.016,0.0012586129596456885,0.0010243041906505823,0.019918307662010193,,,1757037147.9168494
"(None, None)",40.958886,29.1357976,-0.016,0.0012586129596456885,0.0010243041906505823,0.019918307662010193,,,1757037148.0529366
"(None, None)",40.958886,29.1357976,-0.016,0.0012668180279433727,0.0010238507529720664,0.019930021837353706,,,1757037148.1848423
"(None, None)",40.958886,29.1357976,-0.016,0.0012668180279433727,0.0010238507529720664,0.019930021837353706,,,1757037148.317078
"(None, None)",40.958886,29.1357976,-0.016,0.0012681003427132964,0.0010290578939020634,0.019933179020881653,,,1757037148.452975
"(None, None)",40.958886,29.1357976,-0.016,0.0012681003427132964,0.0010290578939020634,0.019933179020881653,,,1757037148.5851376
"(None, None)",40.958886,29.1357976,-0.016,0.0012592235580086708,0.0010184403508901596,0.019959017634391785,,,1757037148.717009
"(None, None)",40.958886,29.1357976,-0.017,0.0012391236377879977,0.0010396462166681886,0.02329658716917038,,,1757037300.9063194
"(None, None)",40.958886,29.1357976,-0.017,0.001251394278369844,0.001049727899953723,0.023288127034902573,,,1757037301.3063867
"(None, None)",40.958886,29.1357976,-0.016,0.001250800327397883,0.001050122664310038,0.02327493391931057,,,1757037301.443528
"(None, None)",40.958886,29.1357976,-0.016,0.001250800327397883,0.001050122664310038,0.02327493391931057,,,1757037301.5737574
"(None, None)",40.958886,29.1357976,-0.016,0.0012488601496443152,0.0010437403107061982,0.02327239327132702,,,1757037301.7099109
"(None, None)",40.958886,29.1357976,-0.016,0.0012488601496443152,0.0010437403107061982,0.02327239327132702,,,1757037301.841789
"(None, None)",40.958886,29.1357976,-0.016,0.001245992025360465,0.0010440385667607188,0.02326272428035736,,,1757037301.9737186
"(None, None)",40.958886,29.1357976,-0.016,0.001245992025360465,0.0010440385667607188,0.02326272428035736,,,1757037302.1095877
"(None, None)",40.958886,29.1357976,-0.016,0.0012510028900578618,0.0010457158787176013,0.023264609277248383,,,1757037302.241675
"(None, None)",40.958886,29.1357976,-0.016,0.0012510028900578618,0.0010457158787176013,0.023264609277248383,,,1757037302.373881
"(None, None)",40.958886,29.1357976,-0.016,0.0012513825204223394,0.0010510340798646212,0.02326543815433979,,,1757037302.509627
"(None, None)",40.958886,29.1357976,-0.016,0.0012513825204223394,0.0010510340798646212,0.02326543815433979,,,1757037302.6416814
"(None, None)",40.958886,29.1357976,-0.016,0.0012388540199026465,0.0010426340159028769,0.023270633071660995,,,1757037302.777853
"(None, None)",40.958886,29.1357976,-0.016,0.0012402753345668316,0.0010373074328526855,0.023254580795764923,,,1757037302.909819
"(None, None)",40.958886,29.1357976,-0.016,0.0012402753345668316,0.0010373074328526855,0.023254580795764923,,,1757037303.0415776
"(None, None)",40.958886,29.1357976,-0.016,0.0012461096048355103,0.0010409991955384612,0.023256581276655197,,,1757037303.177714
"(None, None)",40.958886,29.1357976,-0.016,0.0012461096048355103,0.0010409991955384612,0.023256581276655197,,,1757037303.3097801
"(None, None)",40.958886,29.1357976,-0.016,0.0012420960702002048,0.0010424164356663823,0.02325517311692238,,,1757037303.441941
"(None, None)",40.958886,29.1357976,-0.016,0.0012420960702002048,0.0010424164356663823,0.02325517311692238,,,1757037303.577704
"(None, None)",40.958886,29.1357976,-0.016,0.0012391592608764768,0.001034151529893279,0.023260245099663734,,,1757037303.7097034
"(None, None)",40.958886,29.1357976,-0.016,0.0012391592608764768,0.001034151529893279,0.023260245099663734,,,1757037303.84553
"(None, None)",40.958886,29.1357976,-0.016,0.0012362846173346043,0.001030207029543817,0.023254739120602608,,,1757037303.9777453
"(None, None)",40.958886,29.1357976,-0.016,0.0012362846173346043,0.001030207029543817,0.023254739120602608,,,1757037304.109712
"(None, None)",40.958886,29.1357976,-0.016,0.001233479706570506,0.0010364692425355315,0.02325328066945076,,,1757037304.2458246
"(None, None)",40.958886,29.1357976,-0.016,0.001233479706570506,0.0010364692425355315,0.02325328066945076,,,1757037304.3778791
"(None, None)",40.958886,29.1357976,-0.016,0.0012282812967896461,0.001034753629937768,0.023248424753546715,,,1757037304.5098279
"(None, None)",40.958886,29.1357976,-0.016,0.0012282812967896461,0.001034753629937768,0.023248424753546715,,,1757037304.6456468
"(None, None)",40.958886,29.1357976,-0.016,0.0012237391201779246,0.0010311267105862498,0.023248443379998207,,,1757037304.777623
"(None, None)",40.958886,29.1357976,-0.016,0.0012181453639641404,0.001027465332299471,0.02323882468044758,,,1757037304.9135687
"(None, None)",40.958886,29.1357976,-0.016,0.0012181453639641404,0.001027465332299471,0.02323882468044758,,,1757037305.04553
"(None, None)",40.958886,29.1357976,-0.016,0.0012294304324313998,0.0010342756286263466,0.023241257295012474,,,1757037305.177597
"(None, None)",40.958886,29.1357976,-0.016,0.0012294304324313998,0.0010342756286263466,0.023241257295012474,,,1757037305.313661
"(None, None)",40.958886,29.1357976,-0.016,0.001233497983776033,0.001039796625263989,0.023239213973283768,,,1757037305.4455981
"(None, None)",40.958886,29.1357976,-0.016,0.001233497983776033,0.001039796625263989,0.023239213973283768,,,1757037305.5775595
"(None, None)",40.958886,29.1357976,-0.016,0.0012306858552619815,0.0010362527100369334,0.023235345259308815,,,1757037305.7136626
"(None, None)",40.958886,29.1357976,-0.016,0.0012306858552619815,0.0010362527100369334,0.023235345259308815,,,1757037305.8455367
"(None, None)",40.958886,29.1357976,-0.016,0.0012297190260142088,0.00103126117028296,0.023225530982017517,,,1757037305.981571
"(None, None)",40.958886,29.1357976,-0.016,0.0012297190260142088,0.00103126117028296,0.023225530982017517,,,1757037306.1136155
"(None, None)",40.958886,29.1357976,-0.016,0.0012321374379098415,0.0010388100054115057,0.023228226229548454,,,1757037306.2456079
"(None, None)",40.958886,29.1357976,-0.016,0.0012321374379098415,0.0010388100054115057,0.023228226229548454,,,1757037306.3816223
"(None, None)",40.958886,29.1357976,-0.016,0.0012355794897302985,0.001042396412231028,0.023221636191010475,,,1757037306.5135972
"(None, None)",40.958886,29.1357976,-0.016,0.0012355794897302985,0.001042396412231028,0.023221636191010475,,,1757037306.6495547
"(None, None)",40.958886,29.1357976,-0.016,0.0012385204900056124,0.0010368514340370893,0.023226093500852585,,,1757037306.7815738
"(None, None)",40.958886,29.1357976,-0.016,0.0012278431095182896,0.0010193756315857172,0.023208342492580414,,,1757037306.9136431
"(None, None)",40.958886,29.1357976,-0.016,0.0012278431095182896,0.0010193756315857172,0.023208342492580414,,,1757037307.0494883
"(None, None)",40.958886,29.1357976,-0.016,0.0012395349331200123,0.0010201544500887394,0.023204270750284195,,,1757037307.1816733
"(None, None)",40.958886,29.1357976,-0.016,0.0012395349331200123,0.0010201544500887394,0.023204270750284195,,,1757037307.3136363
"(None, None)",40.958886,29.1357976,-0.016,0.0012385885929688811,0.0010223084827885032,0.023199448361992836,,,1757037307.4497259
"(None, None)",40.958886,29.1357976,-0.016,0.0012385885929688811,0.0010223084827885032,0.023199448361992836,,,1757037307.581811
"(None, None)",40.958886,29.1357976,-0.016,0.0012283050455152988,0.0010168224107474089,0.02319646067917347,,,1757037307.7176306
"(None, None)",40.958886,29.1357976,-0.016,0.0012283050455152988,0.0010168224107474089,0.02319646067917347,,,1757037307.8495526
"(None, None)",40.958886,29.1357976,-0.016,0.0012265135301277041,0.00101911008823663,0.023192964494228363,,,1757037307.9815946
"(None, None)",40.958886,29.1357976,-0.016,0.0012265135301277041,0.00101911008823663,0.023192964494228363,,,1757037308.1176243
"(None, None)",40.958886,29.1357976,-0.016,0.0012279595248401165,0.0010154600022360682,0.023195905610919,,,1757037308.2495272
"(None, None)",40.958886,29.1357976,-0.016,0.0012279595248401165,0.0010154600022360682,0.023195905610919,,,1757037308.3815508
"(None, None)",40.958886,29.1357976,-0.016,0.0012287847930565476,0.001017459318973124,0.023188920691609383,,,1757037308.5176246
"(None, None)",40.958886,29.1357976,-0.016,0.0012287847930565476,0.001017459318973124,0.023188920691609383,,,1757037308.6496246
"(None, None)",40.958886,29.1357976,-0.016,0.0012254196917638183,0.0010160297388210893,0.02319476753473282,,,1757037308.7856855
"(None, None)",40.958886,29.1357976,-0.016,0.001223899656906724,0.0010178782977163792,0.023192087188363075,,,1757037308.9176476
"(None, None)",40.958886,29.1357976,-0.016,0.001223899656906724,0.0010178782977163792,0.023192087188363075,,,1757037309.0495048
"(None, None)",40.958886,29.1357976,-0.016,0.0012277571950107813,0.001019616611301899,0.023193692788481712,,,1757037309.1855123
"(None, None)",40.958886,29.1357976,-0.016,0.0012277571950107813,0.001019616611301899,0.023193692788481712,,,1757037309.317531
"(None, None)",40.958886,29.1357976,-0.016,0.0012304299743846059,0.0010226198937743902,0.023185614496469498,,,1757037309.4495432
"(None, None)",40.958886,29.1357976,-0.016,0.0012304299743846059,0.0010226198937743902,0.023185614496469498,,,1757037309.58554
"(None, None)",40.958886,29.1357976,-0.016,0.0012288989964872599,0.0010186973959207535,0.023186059668660164,,,1757037309.7175927
"(None, None)",40.958886,29.1357976,-0.016,0.0012288989964872599,0.0010186973959207535,0.023186059668660164,,,1757037309.8536146
"(None, None)",40.958886,29.1357976,-0.016,0.0012292342726141214,0.0010236192028969526,0.023183081299066544,,,1757037309.9856482
"(None, None)",40.958886,29.1357976,-0.016,0.0012292342726141214,0.0010236192028969526,0.023183081299066544,,,1757037310.117842
"(None, None)",40.958886,29.1357976,-0.016,0.0012207375839352608,0.0010269066551700234,0.023185590282082558,,,1757037310.2535014
"(None, None)",40.958886,29.1357976,-0.016,0.0012207375839352608,0.0010269066551700234,0.023185590282082558,,,1757037310.3859162
"(None, None)",40.958886,29.1357976,-0.016,0.0012267580023035407,0.0010302799055352807,0.02318352274596691,,,1757037310.517566
"(None, None)",40.958886,29.1357976,-0.016,0.0012267580023035407,0.0010302799055352807,0.02318352274596691,,,1757037310.6536167
"(None, None)",40.958886,29.1357976,-0.016,0.0012236313195899129,0.0010278464760631323,0.023183083161711693,,,1757037310.7861934
"(None, None)",40.958886,29.1357976,-0.016,0.0012252783635631204,0.0010250578634440899,0.023174652829766273,,,1757037310.9217782
"(None, None)",40.958886,29.1357976,-0.016,0.0012252783635631204,0.0010250578634440899,0.023174652829766273,,,1757037311.0535727
"(None, None)",40.958886,29.1357976,-0.016,0.0012258552014827728,0.001023894757963717,0.023168833926320076,,,1757037311.185564
"(None, None)",40.958886,29.1357976,-0.016,0.0012258552014827728,0.001023894757963717,0.023168833926320076,,,1757037311.3219059
"(None, None)",40.958886,29.1357976,-0.016,0.0012377218808978796,0.0010311503428965807,0.023168178275227547,,,1757037311.4536505
"(None, None)",40.958886,29.1357976,-0.016,0.0012377218808978796,0.0010311503428965807,0.023168178275227547,,,1757037311.585768
"(None, None)",40.958886,29.1357976,-0.016,0.0012284406693652272,0.0010223282733932137,0.02316615916788578,,,1757037311.7217705
"(None, None)",40.958886,29.1357976,-0.016,0.0012284406693652272,0.0010223282733932137,0.02316615916788578,,,1757037311.8535945
"(None, None)",40.958886,29.1357976,-0.016,0.0012232757871970534,0.0010146272834390402,0.023159919306635857,,,1757037311.9896402
"(None, None)",40.958886,29.1357976,-0.016,0.0012232757871970534,0.0010146272834390402,0.023159919306635857,,,1757037312.1218278
"(None, None)",40.958886,29.1357976,-0.016,0.001222143997438252,0.001020080060698092,0.02316209115087986,,,1757037312.2537692
"(None, None)",40.958886,29.1357976,-0.016,0.001222143997438252,0.001020080060698092,0.02316209115087986,,,1757037312.3897555
"(None, None)",40.958886,29.1357976,-0.016,0.0012252872111275792,0.001026864629238844,0.023156875744462013,,,1757037312.5218499
"(None, None)",40.958886,29.1357976,-0.016,0.001218369579873979,0.0010224776342511177,0.02315213717520237,,,1757037312.6577196
"(None, None)",40.958886,29.1357976,-0.016,0.001218369579873979,0.0010224776342511177,0.02315213717520237,,,1757037312.7895765
"(None, None)",40.958886,29.1357976,-0.016,0.0012192650465294719,0.001021844451315701,0.023143261671066284,,,1757037312.9216611
"(None, None)",40.958886,29.1357976,-0.016,0.0012192650465294719,0.001021844451315701,0.023143261671066284,,,1757037313.057614
"(None, None)",40.958886,29.1357976,-0.016,0.0012168536195531487,0.0010238371323794127,0.02314300462603569,,,1757037313.1897976
"(None, None)",40.958886,29.1357976,-0.016,0.0012168536195531487,0.0010238371323794127,0.02314300462603569,,,1757037313.3218386
"(None, None)",40.958886,29.1357976,-0.016,0.00122084841132164,0.0010236887028440833,0.023135565221309662,,,1757037313.4578004
"(None, None)",40.958886,29.1357976,-0.016,0.00122084841132164,0.0010236887028440833,0.023135565221309662,,,1757037313.589866
"(None, None)",40.958886,29.1357976,-0.016,0.001222133869305253,0.0010227808961644769,0.02313251979649067,,,1757037313.7257104
"(None, None)",40.958886,29.1357976,-0.016,0.001222133869305253,0.0010227808961644769,0.02313251979649067,,,1757037313.8577204
"(None, None)",40.958886,29.1357976,-0.016,0.0012225041864439845,0.0010271173669025302,0.023126592859625816,,,1757037313.9898016
"(None, None)",40.958886,29.1357976,-0.016,0.0012225041864439845,0.0010271173669025302,0.023126592859625816,,,1757037314.125879
"(None, None)",40.958886,29.1357976,-0.016,0.001233511371538043,0.0010290127247571945,0.0231308713555336,,,1757037314.2578242
"(None, None)",40.958886,29.1357976,-0.016,0.001233511371538043,0.0010290127247571945,0.0231308713555336,,,1757037314.389713
"(None, None)",40.958886,29.1357976,-0.016,0.0012323590926826,0.0010352178942412138,0.023119457066059113,,,1757037314.5257766
"(None, None)",40.958886,29.1357976,-0.016,0.001236526994034648,0.001031602150760591,0.023121414706110954,,,1757037314.6578143
"(None, None)",40.958886,29.1357976,-0.016,0.001236526994034648,0.001031602150760591,0.023121414706110954,,,1757037314.7935052
"(None, None)",40.958886,29.1357976,-0.016,0.0012352148769423366,0.0010351004311814904,0.023113133385777473,,,1757037314.9256172
"(None, None)",40.958886,29.1357976,-0.016,0.0012352148769423366,0.0010351004311814904,0.023113133385777473,,,1757037315.0580025
"(None, None)",40.958886,29.1357976,-0.016,0.0012391556520015001,0.0010350029915571213,0.023118142038583755,,,1757037315.1938846
"(None, None)",40.958886,29.1357976,-0.016,0.0012391556520015001,0.0010350029915571213,0.023118142038583755,,,1757037315.3257313
"(None, None)",40.958886,29.1357976,-0.016,0.0012435143580660224,0.0010394803248345852,0.02311788499355316,,,1757037315.4577584
"(None, None)",40.958886,29.1357976,-0.016,0.0012435143580660224,0.0010394803248345852,0.02311788499355316,,,1757037315.5935867
"(None, None)",40.958886,29.1357976,-0.016,0.0012443765299394727,0.0010371055686846375,0.023112190887331963,,,1757037315.7260091
"(None, None)",40.958886,29.1357976,-0.016,0.0012443765299394727,0.0010371055686846375,0.023112190887331963,,,1757037315.8618374
"(None, None)",40.958886,29.1357976,-0.016,0.0012400946579873562,0.001029542530886829,0.023098254576325417,,,1757037315.9937289
"(None, None)",40.958886,29.1357976,-0.016,0.0012400946579873562,0.001029542530886829,0.023098254576325417,,,1757037316.125879
"(None, None)",40.958886,29.1357976,-0.016,0.0012444823514670134,0.0010295440442860126,0.02309618890285492,,,1757037316.2618167
"(None, None)",40.958886,29.1357976,-0.016,0.0012444823514670134,0.0010295440442860126,0.02309618890285492,,,1757037316.393753
"(None, None)",40.958886,29.1357976,-0.016,0.001241856487467885,0.001028125872835517,0.023089084774255753,,,1757037316.525628
"(None, None)",40.958886,29.1357976,-0.016,0.0012403199216350913,0.0010220924159511924,0.023092037066817284,,,1757037316.6619115
"(None, None)",40.958886,29.1357976,-0.016,0.0012403199216350913,0.0010220924159511924,0.023092037066817284,,,1757037316.7936282
"(None, None)",40.958886,29.1357976,-0.016,0.0012401867425069213,0.0010113422758877277,0.023090489208698273,,,1757037316.9300432
"(None, None)",40.958886,29.1357976,-0.016,0.0012401867425069213,0.0010113422758877277,0.023090489208698273,,,1757037317.0616865
"(None, None)",40.958886,29.1357976,-0.016,0.0012382413260638714,0.0010137874633073807,0.023091936483979225,,,1757037317.1937575
"(None, None)",40.958886,29.1357976,-0.016,0.0012382413260638714,0.0010137874633073807,0.023091936483979225,,,1757037317.3299162
"(None, None)",40.958886,29.1357976,-0.016,0.0012350023025646806,0.0010094116441905499,0.02308744564652443,,,1757037317.4617157
"(None, None)",40.958886,29.1357976,-0.016,0.0012350023025646806,0.0010094116441905499,0.02308744564652443,,,1757037317.5936944
"(None, None)",40.958886,29.1357976,-0.016,0.0012437939876690507,0.0010141802486032248,0.023086605593562126,,,1757037317.7299445
"(None, None)",40.958886,29.1357976,-0.016,0.0012437939876690507,0.0010141802486032248,0.023086605593562126,,,1757037317.8617136
"(None, None)",40.958886,29.1357976,-0.016,0.0012446604669094086,0.0010116691701114178,0.02307833544909954,,,1757037317.9980643
"(None, None)",40.958886,29.1357976,-0.016,0.0012446604669094086,0.0010116691701114178,0.02307833544909954,,,1757037318.130107
"(None, None)",40.958886,29.1357976,-0.016,0.0012489722575992346,0.0010125290136784315,0.0230808537453413,,,1757037318.26167
"(None, None)",40.958886,29.1357976,-0.016,0.0012489722575992346,0.0010125290136784315,0.0230808537453413,,,1757037318.3979511
"(None, None)",40.958886,29.1357976,-0.016,0.0012512084795162082,0.0010195710929110646,0.02307148464024067,,,1757037318.5300486
"(None, None)",40.958886,29.1357976,-0.016,0.0012554310960695148,0.0010140149388462305,0.023074056953191757,,,1757037318.6658828
"(None, None)",40.958886,29.1357976,-0.016,0.0012554310960695148,0.0010140149388462305,0.023074056953191757,,,1757037318.797855
"(None, None)",40.958886,29.1357976,-0.016,0.001250297762453556,0.0010141171514987946,0.023066287860274315,,,1757037318.9297936
"(None, None)",40.958886,29.1357976,-0.016,0.001250297762453556,0.0010141171514987946,0.023066287860274315,,,1757037319.0657787
"(None, None)",40.958886,29.1357976,-0.016,0.0012498743599280715,0.0010156013304367661,0.02306985855102539,,,1757037319.1979218
"(None, None)",40.958886,29.1357976,-0.016,0.0012498743599280715,0.0010156013304367661,0.02306985855102539,,,1757037319.3298337
"(None, None)",40.958886,29.1357976,-0.016,0.0012425502063706517,0.0010121054947376251,0.02307084947824478,,,1757037319.4669974
"(None, None)",40.958886,29.1357976,-0.016,0.0012425502063706517,0.0010121054947376251,0.02307084947824478,,,1757037319.5976934
"(None, None)",40.958886,29.1357976,-0.016,0.001239325967617333,0.001015542191453278,0.023071857169270515,,,1757037319.7335842
"(None, None)",40.958886,29.1357976,-0.016,0.001239325967617333,0.001015542191453278,0.023071857169270515,,,1757037319.8656638
"(None, None)",40.958886,29.1357976,-0.016,0.0012352466583251953,0.0010138325160369277,0.023064706474542618,,,1757037319.9978027
"(None, None)",40.958886,29.1357976,-0.016,0.0012352466583251953,0.0010138325160369277,0.023064706474542618,,,1757037320.1337333
"(None, None)",40.958886,29.1357976,-0.016,0.0012319691013544798,0.0010195453651249409,0.023057514801621437,,,1757037320.2656164
"(None, None)",40.958886,29.1357976,-0.016,0.0012319691013544798,0.0010195453651249409,0.023057514801621437,,,1757037320.3977737
"(None, None)",40.958886,29.1357976,-0.016,0.0012314033228904009,0.0010236960370093584,0.023051530122756958,,,1757037320.5336971
"(None, None)",40.958886,29.1357976,-0.016,0.001230111694894731,0.0010223451536148787,0.023048337548971176,,,1757037320.6657283
"(None, None)",40.958886,29.1357976,-0.016,0.001230111694894731,0.0010223451536148787,0.023048337548971176,,,1757037320.8015506
"(None, None)",40.958886,29.1357976,-0.016,0.0012320909881964326,0.0010284135350957513,0.023036949336528778,,,1757037320.9338846
"(None, None)",40.958886,29.1357976,-0.016,0.0012320909881964326,0.0010284135350957513,0.023036949336528778,,,1757037321.065487
"(None, None)",40.958886,29.1357976,-0.016,0.0012425262248143554,0.0010347373317927122,0.02303692325949669,,,1757037321.201749
"(None, None)",40.958886,29.1357976,-0.016,0.0012425262248143554,0.0010347373317927122,0.02303692325949669,,,1757037321.3338332
"(None, None)",40.958886,29.1357976,-0.016,0.0012416805839166045,0.0010405366774648428,0.02302848920226097,,,1757037321.4656425
"(None, None)",40.958886,29.1357976,-0.016,0.0012416805839166045,0.0010405366774648428,0.02302848920226097,,,1757037321.60161
"(None, None)",40.958886,29.1357976,-0.016,0.0012459143763408065,0.0010380928870290518,0.02302512340247631,,,1757037321.734014
"(None, None)",40.958886,29.1357976,-0.016,0.0012459143763408065,0.0010380928870290518,0.02302512340247631,,,1757037321.8699257
"(None, None)",40.958886,29.1357976,-0.016,0.001249596825800836,0.0010443131905049086,0.023023808375000954,,,1757037322.0016782
"(None, None)",40.958886,29.1357976,-0.016,0.001249596825800836,0.0010443131905049086,0.023023808375000954,,,1757037322.1337125
"(None, None)",40.958886,29.1357976,-0.016,0.0012456135591492057,0.0010464509250596166,0.023029906675219536,,,1757037322.2696934
"(None, None)",40.958886,29.1357976,-0.016,0.0012456135591492057,0.0010464509250596166,0.023029906675219536,,,1757037322.4018173
"(None, None)",40.958886,29.1357976,-0.016,0.0012454588431864977,0.0010465718805789948,0.023027004674077034,,,1757037322.533712
"(None, None)",40.958886,29.1357976,-0.016,0.0012425919994711876,0.0010449938708916306,0.02303091064095497,,,1757037322.669693
"(None, None)",40.958886,29.1357976,-0.016,0.0012425919994711876,0.0010449938708916306,0.02303091064095497,,,1757037322.8016827
"(None, None)",40.958886,29.1357976,-0.016,0.0012421945575624704,0.0010454216971993446,0.023029960691928864,,,1757037322.9375925
"(None, None)",40.958886,29.1357976,-0.016,0.0012421945575624704,0.0010454216971993446,0.023029960691928864,,,1757037323.0696452
"(None, None)",40.958886,29.1357976,-0.016,0.001249142806045711,0.0010448399698361754,0.023030508309602737,,,1757037323.2017252
"(None, None)",40.958886,29.1357976,-0.016,0.001249142806045711,0.0010448399698361754,0.023030508309602737,,,1757037323.3376539
"(None, None)",40.958886,29.1357976,-0.016,0.001250174711458385,0.0010474653681740165,0.023026609793305397,,,1757037323.4696295
"(None, None)",40.958886,29.1357976,-0.016,0.001250174711458385,0.0010474653681740165,0.023026609793305397,,,1757037323.6016989
"(None, None)",40.958886,29.1357976,-0.016,0.0012394186342135072,0.001035766676068306,0.023015853017568588,,,1757037323.7376773
"(None, None)",40.958886,29.1357976,-0.016,0.0012394186342135072,0.001035766676068306,0.023015853017568588,,,1757037323.869681
"(None, None)",40.958886,29.1357976,-0.016,0.0012421406572684646,0.0010359443258494139,0.023013828322291374,,,1757037324.005608
"(None, None)",40.958886,29.1357976,-0.016,0.0012421406572684646,0.0010359443258494139,0.023013828322291374,,,1757037324.1376846
"(None, None)",40.958886,29.1357976,-0.016,0.001239572186022997,0.0010398190934211016,0.02301771566271782,,,1757037324.2695947
"(None, None)",40.958886,29.1357976,-0.016,0.001236938638612628,0.001040420844219625,0.023019539192318916,,,1757037324.4057739
"(None, None)",40.958886,29.1357976,-0.016,0.001236938638612628,0.001040420844219625,0.023019539192318916,,,1757037324.537673
"(None, None)",40.958886,29.1357976,-0.016,0.001231993897818029,0.001034306944347918,0.023023560643196106,,,1757037324.6735556
"(None, None)",40.958886,29.1357976,-0.016,0.001231993897818029,0.001034306944347918,0.023023560643196106,,,1757037324.8057106
"(None, None)",40.958886,29.1357976,-0.016,0.0012317937798798084,0.0010381460888311267,0.02301986701786518,,,1757037324.9377122
"(None, None)",40.958886,29.1357976,-0.016,0.0012317937798798084,0.0010381460888311267,0.02301986701786518,,,1757037325.0737014
"(None, None)",40.958886,29.1357976,-0.016,0.00123319320846349,0.0010352185927331448,0.023019323125481606,,,1757037325.2059162
"(None, None)",40.958886,29.1357976,-0.016,0.00123319320846349,0.0010352185927331448,0.023019323125481606,,,1757037325.3378866
"(None, None)",40.958886,29.1357976,-0.016,0.0012354754144325852,0.001035498222336173,0.02301582135260105,,,1757037325.4736829
"(None, None)",40.958886,29.1357976,-0.016,0.0012354754144325852,0.001035498222336173,0.02301582135260105,,,1757037325.6056583
"(None, None)",40.958886,29.1357976,-0.016,0.0012316498905420303,0.0010239005787298083,0.023015812039375305,,,1757037325.7418299
"(None, None)",40.958886,29.1357976,-0.016,0.0012316498905420303,0.0010239005787298083,0.023015812039375305,,,1757037325.8735828
"(None, None)",40.958886,29.1357976,-0.016,0.0012371152406558394,0.001029730075970292,0.023014003410935402,,,1757037326.0057673
"(None, None)",40.958886,29.1357976,-0.016,0.0012371152406558394,0.001029730075970292,0.023014003410935402,,,1757037326.1416414
"(None, None)",40.958886,29.1357976,-0.016,0.001239077653735876,0.001038695452734828,0.023011676967144012,,,1757037326.273709
"(None, None)",40.958886,29.1357976,-0.016,0.0012449109926819801,0.0010448513785377145,0.023006709292531013,,,1757037326.4057493
"(None, None)",40.958886,29.1357976,-0.016,0.0012449109926819801,0.0010448513785377145,0.023006709292531013,,,1757037326.541939
"(None, None)",40.958886,29.1357976,-0.016,0.0012397520476952195,0.0010398075683042407,0.023008964955806732,,,1757037326.6736753
"(None, None)",40.958886,29.1357976,-0.016,0.0012397520476952195,0.0010398075683042407,0.023008964955806732,,,1757037326.809564
"(None, None)",40.958886,29.1357976,-0.016,0.0012381202541291714,0.0010426391381770372,0.023008061572909355,,,1757037326.942283
"(None, None)",40.958886,29.1357976,-0.016,0.0012381202541291714,0.0010426391381770372,0.023008061572909355,,,1757037327.073592
"(None, None)",40.958886,29.1357976,-0.016,0.0012395096709951758,0.001046611461788416,0.02300824224948883,,,1757037327.2094545
"(None, None)",40.958886,29.1357976,-0.016,0.0012395096709951758,0.001046611461788416,0.02300824224948883,,,1757037327.3416536
"(None, None)",40.958886,29.1357976,-0.016,0.0012399390107020736,0.0010471342829987407,0.02300662361085415,,,1757037327.473644
"(None, None)",40.958886,29.1357976,-0.016,0.0012399390107020736,0.0010471342829987407,0.02300662361085415,,,1757037327.6096835
"(None, None)",40.958886,29.1357976,-0.016,0.0012279247166588902,0.0010368244256824255,0.023002469912171364,,,1757037327.741669
"(None, None)",40.958886,29.1357976,-0.016,0.0012279247166588902,0.0010368244256824255,0.023002469912171364,,,1757037327.877557
"(None, None)",40.958886,29.1357976,-0.016,0.001220124657265842,0.001033041742630303,0.022992337122559547,,,1757037328.0096974
"(None, None)",40.958886,29.1357976,-0.016,0.001220124657265842,0.001033041742630303,0.022992337122559547,,,1757037328.1418073
"(None, None)",40.958886,29.1357976,-0.016,0.001224607229232788,0.0010431985137984157,0.022994358092546463,,,1757037328.2776053
"(None, None)",40.958886,29.1357976,-0.016,0.0012234661262482405,0.0010391385294497013,0.022979987785220146,,,1757037328.409752
"(None, None)",40.958886,29.1357976,-0.016,0.0012234661262482405,0.0010391385294497013,0.022979987785220146,,,1757037328.5416934
"(None, None)",40.958886,29.1357976,-0.016,0.0012227356201037765,0.0010302719892933965,0.022978441789746284,,,1757037328.6775482
"(None, None)",40.958886,29.1357976,-0.016,0.0012227356201037765,0.0010302719892933965,0.022978441789746284,,,1757037328.8097548
"(None, None)",40.958886,29.1357976,-0.016,0.0012225263053551316,0.0010308269411325455,0.022972967475652695,,,1757037328.94564
"(None, None)",40.958886,29.1357976,-0.016,0.0012225263053551316,0.0010308269411325455,0.022972967475652695,,,1757037329.0779169
"(None, None)",40.958886,29.1357976,-0.016,0.0012283875839784741,0.0010389761300757527,0.02297433465719223,,,1757037329.2098222
"(None, None)",40.958886,29.1357976,-0.016,0.0012283875839784741,0.0010389761300757527,0.02297433465719223,,,1757037329.3460248
"(None, None)",40.958886,29.1357976,-0.016,0.0012334518833085895,0.0010416373843327165,0.022967034950852394,,,1757037329.477619
"(None, None)",40.958886,29.1357976,-0.016,0.0012334518833085895,0.0010416373843327165,0.022967034950852394,,,1757037329.6097593
"(None, None)",40.958886,29.1357976,-0.016,0.0012324161361902952,0.0010416483273729682,0.022976219654083252,,,1757037329.745721
"(None, None)",40.958886,29.1357976,-0.016,0.0012324161361902952,0.0010416483273729682,0.022976219654083252,,,1757037329.8777354
"(None, None)",40.958886,29.1357976,-0.016,0.001228440785780549,0.0010279059642925858,0.02297663874924183,,,1757037330.014163
"(None, None)",40.958886,29.1357976,-0.016,0.001228440785780549,0.0010279059642925858,0.02297663874924183,,,1757037330.1457956
"(None, None)",40.958886,29.1357976,-0.016,0.0012335055507719517,0.0010380458552390337,0.022975247353315353,,,1757037330.277794
"(None, None)",40.958886,29.1357976,-0.016,0.0012303028488531709,0.0010408712550997734,0.02297082170844078,,,1757037330.4139183
"(None, None)",40.958886,29.1357976,-0.016,0.0012303028488531709,0.0010408712550997734,0.02297082170844078,,,1757037330.545672
"(None, None)",40.958886,29.1357976,-0.016,0.0012279897928237915,0.0010393967386335135,0.02297535352408886,,,1757037330.681762
"(None, None)",40.958886,29.1357976,-0.016,0.0012279897928237915,0.0010393967386335135,0.02297535352408886,,,1757037330.8137999
"(None, None)",40.958886,29.1357976,-0.016,0.0012289813021197915,0.0010453659342601895,0.02296886034309864,,,1757037330.9458716
"(None, None)",40.958886,29.1357976,-0.016,0.0012289813021197915,0.0010453659342601895,0.02296886034309864,,,1757037331.081789
"(None, None)",40.958886,29.1357976,-0.016,0.0012284599943086505,0.0010502682998776436,0.022968074306845665,,,1757037331.21399
"(None, None)",40.958886,29.1357976,-0.016,0.0012284599943086505,0.0010502682998776436,0.022968074306845665,,,1757037331.3455782
"(None, None)",40.958886,29.1357976,-0.016,0.0012298382353037596,0.0010473045986145735,0.022962523624300957,,,1757037331.481855
"(None, None)",40.958886,29.1357976,-0.016,0.0012298382353037596,0.0010473045986145735,0.022962523624300957,,,1757037331.6137671
"(None, None)",40.958886,29.1357976,-0.016,0.0012267912970855832,0.0010438079480081797,0.022961722686886787,,,1757037331.7497008
"(None, None)",40.958886,29.1357976,-0.016,0.0012267912970855832,0.0010438079480081797,0.022961722686886787,,,1757037331.8819563
"(None, None)",40.958886,29.1357976,-0.016,0.001219954458065331,0.0010312935337424278,0.0229500662535429,,,1757037332.0136914
"(None, None)",40.958886,29.1357976,-0.016,0.001219954458065331,0.0010312935337424278,0.0229500662535429,,,1757037332.1499414
"(None, None)",40.958886,29.1357976,-0.016,0.0012274530017748475,0.001042148214764893,0.022943813353776932,,,1757037332.2816896
"(None, None)",40.958886,29.1357976,-0.016,0.0012305343989282846,0.0010432798881083727,0.02293981797993183,,,1757037332.4136803
"(None, None)",40.958886,29.1357976,-0.016,0.0012305343989282846,0.0010432798881083727,0.02293981797993183,,,1757037332.5495474
"(None, None)",40.958886,29.1357976,-0.016,0.00122664007358253,0.0010359400184825063,0.02293790504336357,,,1757037332.6817548
"(None, None)",40.958886,29.1357976,-0.016,0.00122664007358253,0.0010359400184825063,0.02293790504336357,,,1757037332.8175948
"(None, None)",40.958886,29.1357976,-0.016,0.0012232945300638676,0.0010304652387276292,0.022929275408387184,,,1757037332.9496562
"(None, None)",40.958886,29.1357976,-0.016,0.0012232945300638676,0.0010304652387276292,0.022929275408387184,,,1757037333.0815935
"(None, None)",40.958886,29.1357976,-0.016,0.001228871988132596,0.0010330290533602238,0.022933101281523705,,,1757037333.2176547
"(None, None)",40.958886,29.1357976,-0.016,0.001228871988132596,0.0010330290533602238,0.022933101281523705,,,1757037333.349512
"(None, None)",40.958886,29.1357976,-0.016,0.0012354825157672167,0.0010400034952908754,0.022924982011318207,,,1757037333.4815962
"(None, None)",40.958886,29.1357976,-0.016,0.0012354825157672167,0.0010400034952908754,0.022924982011318207,,,1757037333.6175725
"(None, None)",40.958886,29.1357976,-0.016,0.0012333294143900275,0.0010415620636194944,0.022927595302462578,,,1757037333.7497272
"(None, None)",40.958886,29.1357976,-0.016,0.0012333294143900275,0.0010415620636194944,0.022927595302462578,,,1757037333.8856528
"(None, None)",40.958886,29.1357976,-0.016,0.001236066222190857,0.001043827855028212,0.0229205172508955,,,1757037334.017685
"(None, None)",40.958886,29.1357976,-0.016,0.001236066222190857,0.001043827855028212,0.0229205172508955,,,1757037334.1495507
"(None, None)",40.958886,29.1357976,-0.016,0.0012387074530124664,0.0010422837221994996,0.022926753386855125,,,1757037334.2855592
"(None, None)",40.958886,29.1357976,-0.016,0.0012410071212798357,0.0010474156588315964,0.022920075803995132,,,1757037334.4177098
"(None, None)",40.958886,29.1357976,-0.016,0.0012410071212798357,0.0010474156588315964,0.022920075803995132,,,1757037334.5495248
"(None, None)",40.958886,29.1357976,-0.016,0.0012382090790197253,0.0010489106643944979,0.022926179692149162,,,1757037334.6856384
"(None, None)",40.958886,29.1357976,-0.016,0.0012382090790197253,0.0010489106643944979,0.022926179692149162,,,1757037334.8175757
"(None, None)",40.958886,29.1357976,-0.016,0.0012435378739610314,0.0010534634348005056,0.02292371354997158,,,1757037334.953624
"(None, None)",40.958886,29.1357976,-0.016,0.0012435378739610314,0.0010534634348005056,0.02292371354997158,,,1757037335.0854864
"(None, None)",40.958886,29.1357976,-0.016,0.0012486615451052785,0.0010601719841361046,0.022931348532438278,,,1757037335.2176437
"(None, None)",40.958886,29.1357976,-0.016,0.0012486615451052785,0.0010601719841361046,0.022931348532438278,,,1757037335.3536484
"(None, None)",40.958886,29.1357976,-0.016,0.001255773357115686,0.0010600867681205273,0.022921264171600342,,,1757037335.4856749
"(None, None)",40.958886,29.1357976,-0.016,0.001255773357115686,0.0010600867681205273,0.022921264171600342,,,1757037335.6177049
"(None, None)",40.958886,29.1357976,-0.016,0.0012529451632872224,0.001051517901942134,0.022920137271285057,,,1757037335.7537816
"(None, None)",40.958886,29.1357976,-0.016,0.0012529451632872224,0.001051517901942134,0.022920137271285057,,,1757037335.8857164
"(None, None)",40.958886,29.1357976,-0.016,0.0012557115405797958,0.0010457114549353719,0.022919142618775368,,,1757037336.0216384
"(None, None)",40.958886,29.1357976,-0.016,0.001254524220712483,0.001045422861352563,0.02292023040354252,,,1757037336.153904
"(None, None)",40.958886,29.1357976,-0.016,0.001254524220712483,0.001045422861352563,0.02292023040354252,,,1757037336.2857618
"(None, None)",40.958886,29.1357976,-0.016,0.0012623630464076996,0.001045978395268321,0.022918282076716423,,,1757037336.4216626
"(None, None)",40.958886,29.1357976,-0.016,0.0012623630464076996,0.001045978395268321,0.022918282076716423,,,1757037336.5538204
"(None, None)",40.958886,29.1357976,-0.016,0.001253433059900999,0.0010362168541178107,0.022919239476323128,,,1757037336.6897697
"(None, None)",40.958886,29.1357976,-0.016,0.001253433059900999,0.0010362168541178107,0.022919239476323128,,,1757037336.8223839
"(None, None)",40.958886,29.1357976,-0.016,0.0012472663074731827,0.0010285814059898257,0.022908080369234085,,,1757037336.9539135
"(None, None)",40.958886,29.1357976,-0.016,0.0012472663074731827,0.0010285814059898257,0.022908080369234085,,,1757037337.0900693
"(None, None)",40.958886,29.1357976,-0.016,0.001251419191248715,0.0010327550116926432,0.02291250415146351,,,1757037337.221684
"(None, None)",40.958886,29.1357976,-0.016,0.001251419191248715,0.0010327550116926432,0.02291250415146351,,,1757037337.3537955
"(None, None)",40.958886,29.1357976,-0.016,0.0012527465587481856,0.0010330171789973974,0.022906949743628502,,,1757037337.489836
"(None, None)",40.958886,29.1357976,-0.016,0.0012527465587481856,0.0010330171789973974,0.022906949743628502,,,1757037337.6218834
"(None, None)",40.958886,29.1357976,-0.016,0.0012499095173552632,0.001028364640660584,0.02290245145559311,,,1757037337.7578511
"(None, None)",40.958886,29.1357976,-0.016,0.0012499095173552632,0.001028364640660584,0.02290245145559311,,,1757037337.8900356
"(None, None)",40.958886,29.1357976,-0.016,0.001248049084097147,0.0010270761558786035,0.022892765700817108,,,1757037338.0217915
"(None, None)",40.958886,29.1357976,-0.016,0.0012467774795368314,0.0010283023584634066,0.022894488647580147,,,1757037338.157956
"(None, None)",40.958886,29.1357976,-0.016,0.0012467774795368314,0.0010283023584634066,0.022894488647580147,,,1757037338.289674
"(None, None)",40.958886,29.1357976,-0.016,0.0012452607043087482,0.001028249622322619,0.022886939346790314,,,1757037338.4217646
"(None, None)",40.958886,29.1357976,-0.016,0.0012452607043087482,0.001028249622322619,0.022886939346790314,,,1757037338.5576477
"(None, None)",40.958886,29.1357976,-0.016,0.0012464262545108795,0.0010224917205050588,0.02288929559290409,,,1757037338.6898904
"(None, None)",40.958886,29.1357976,-0.016,0.0012464262545108795,0.0010224917205050588,0.02288929559290409,,,1757037338.8256626
"(None, None)",40.958886,29.1357976,-0.016,0.0012484043836593628,0.001020392868667841,0.022879986092448235,,,1757037338.9577196
"(None, None)",40.958886,29.1357976,-0.016,0.0012484043836593628,0.001020392868667841,0.022879986092448235,,,1757037339.0899358
"(None, None)",40.958886,29.1357976,-0.016,0.0012493807589635253,0.0010239621624350548,0.022880392149090767,,,1757037339.2261245
"(None, None)",40.958886,29.1357976,-0.016,0.0012493807589635253,0.0010239621624350548,0.022880392149090767,,,1757037339.3581393
"(None, None)",40.958886,29.1357976,-0.016,0.001253990107215941,0.00102230126503855,0.02288198284804821,,,1757037339.489753
"(None, None)",40.958886,29.1357976,-0.016,0.001253990107215941,0.00102230126503855,0.02288198284804821,,,1757037339.6259768
"(None, None)",40.958886,29.1357976,-0.016,0.0012515911366790533,0.0010237005772069097,0.022885257378220558,,,1757037339.7578483
"(None, None)",40.958886,29.1357976,-0.016,0.0012515911366790533,0.0010237005772069097,0.022885257378220558,,,1757037339.8937087
"(None, None)",40.958886,29.1357976,-0.016,0.0012459477875381708,0.0010226218728348613,0.022879743948578835,,,1757037340.026083
"(None, None)",40.958886,29.1357976,-0.016,0.0012335414066910744,0.0010215628426522017,0.022873003035783768,,,1757037340.157793
"(None, None)",40.958886,29.1357976,-0.016,0.0012335414066910744,0.0010215628426522017,0.022873003035783768,,,1757037340.2935562
"(None, None)",40.958886,29.1357976,-0.016,0.0012309867888689041,0.0010144314728677273,0.022872406989336014,,,1757037340.4255865
"(None, None)",40.958886,29.1357976,-0.016,0.0012309867888689041,0.0010144314728677273,0.022872406989336014,,,1757037340.5577366
"(None, None)",40.958886,29.1357976,-0.016,0.001225686282850802,0.0010111810406669974,0.022873176261782646,,,1757037340.6937401
"(None, None)",40.958886,29.1357976,-0.016,0.001225686282850802,0.0010111810406669974,0.022873176261782646,,,1757037340.8258038
"(None, None)",40.958886,29.1357976,-0.016,0.0012213391019031405,0.0010116297053173184,0.022861385717988014,,,1757037340.9617252
"(None, None)",40.958886,29.1357976,-0.016,0.0012213391019031405,0.0010116297053173184,0.022861385717988014,,,1757037341.0936122
"(None, None)",40.958886,29.1357976,-0.016,0.0012161475606262684,0.0010149255394935608,0.022858833894133568,,,1757037341.2257206
"(None, None)",40.958886,29.1357976,-0.016,0.0012161475606262684,0.0010149255394935608,0.022858833894133568,,,1757037341.3617609
"(None, None)",40.958886,29.1357976,-0.016,0.0012189714470878243,0.0010176650248467922,0.02285480685532093,,,1757037341.4941912
"(None, None)",40.958886,29.1357976,-0.016,0.0012189714470878243,0.0010176650248467922,0.02285480685532093,,,1757037341.625852
"(None, None)",40.958886,29.1357976,-0.016,0.0012152541894465685,0.0010135520715266466,0.022856466472148895,,,1757037341.7617302
"(None, None)",40.958886,29.1357976,-0.016,0.0012152541894465685,0.0010135520715266466,0.022856466472148895,,,1757037341.893663
"(None, None)",40.958886,29.1357976,-0.016,0.001210893620736897,0.0010122121311724186,0.022852882742881775,,,1757037342.0301735
"(None, None)",40.958886,29.1357976,-0.016,0.0012169807450845838,0.0010183569975197315,0.022853650152683258,,,1757037342.1617713
"(None, None)",40.958886,29.1357976,-0.016,0.0012169807450845838,0.0010183569975197315,0.022853650152683258,,,1757037342.2941034
"(None, None)",40.958886,29.1357976,-0.016,0.001215567928738892,0.0010195790091529489,0.0228460393846035,,,1757037342.429686
"(None, None)",40.958886,29.1357976,-0.016,0.001215567928738892,0.0010195790091529489,0.0228460393846035,,,1757037342.5618587
"(None, None)",40.958886,29.1357976,-0.016,0.0012131877010688186,0.0010166651336476207,0.02284754067659378,,,1757037342.6977382
"(None, None)",40.958886,29.1357976,-0.016,0.0012131877010688186,0.0010166651336476207,0.02284754067659378,,,1757037342.829722
"(None, None)",40.958886,29.1357976,-0.016,0.0012112419353798032,0.001013212837278843,0.022841382771730423,,,1757037342.961859
"(None, None)",40.958886,29.1357976,-0.016,0.0012112419353798032,0.001013212837278843,0.022841382771730423,,,1757037343.0976105
"(None, None)",40.958886,29.1357976,-0.016,0.001213685842230916,0.0010179259115830064,0.022845057770609856,,,1757037343.2299507
"(None, None)",40.958886,29.1357976,-0.016,0.001213685842230916,0.0010179259115830064,0.022845057770609856,,,1757037343.3617513
"(None, None)",40.958886,29.1357976,-0.016,0.0012177004246041179,0.0010219296673312783,0.02283889427781105,,,1757037343.4976346
"(None, None)",40.958886,29.1357976,-0.016,0.0012177004246041179,0.0010219296673312783,0.02283889427781105,,,1757037343.6299157
"(None, None)",40.958886,29.1357976,-0.016,0.0012174900621175766,0.0010261585703119636,0.022840101271867752,,,1757037343.765679
"(None, None)",40.958886,29.1357976,-0.016,0.0012174900621175766,0.0010261585703119636,0.022840101271867752,,,1757037343.8977997
"(None, None)",40.958886,29.1357976,-0.016,0.0012211372377350926,0.0010246949968859553,0.022830765694379807,,,1757037344.0296676
"(None, None)",40.958886,29.1357976,-0.016,0.001227768836542964,0.0010328430216759443,0.0228333231061697,,,1757037344.165768
"(None, None)",40.958886,29.1357976,-0.016,0.001227768836542964,0.0010328430216759443,0.0228333231061697,,,1757037344.297602
"(None, None)",40.958886,29.1357976,-0.016,0.0012213286245241761,0.0010230173356831074,0.022821694612503052,,,1757037344.4297276
"(None, None)",40.958886,29.1357976,-0.016,0.0012213286245241761,0.0010230173356831074,0.022821694612503052,,,1757037344.565606
"(None, None)",40.958886,29.1357976,-0.016,0.0012241461081430316,0.001018816721625626,0.022821051999926567,,,1757037344.6979163
"(None, None)",40.958886,29.1357976,-0.016,0.0012241461081430316,0.001018816721625626,0.022821051999926567,,,1757037344.8336215
"(None, None)",40.958886,29.1357976,-0.016,0.0012176608433946967,0.0010177999502047896,0.02281838282942772,,,1757037344.965684
"(None, None)",40.958886,29.1357976,-0.016,0.0012176608433946967,0.0010177999502047896,0.02281838282942772,,,1757037345.0976386
"(None, None)",40.958886,29.1357976,-0.016,0.00121216825209558,0.0010204999707639217,0.0228248443454504,,,1757037345.2339854
"(None, None)",40.958886,29.1357976,-0.016,0.00121216825209558,0.0010204999707639217,0.0228248443454504,,,1757037345.3658872
"(None, None)",40.958886,29.1357976,-0.016,0.0012072218814864755,0.0010188454762101173,0.022822177037596703,,,1757037345.4976177
"(None, None)",40.958886,29.1357976,-0.016,0.0012072218814864755,0.0010188454762101173,0.022822177037596703,,,1757037345.6342666
"(None, None)",40.958886,29.1357976,-0.016,0.0012071361998096108,0.0010141342645511031,0.022820530459284782,,,1757037345.7657604
"(None, None)",40.958886,29.1357976,-0.016,0.0012071361998096108,0.0010141342645511031,0.022820530459284782,,,1757037345.9016738
"(None, None)",40.958886,29.1357976,-0.016,0.0012094913981854916,0.001014606561511755,0.022816436365246773,,,1757037346.033763
"(None, None)",40.958886,29.1357976,-0.016,0.0012143927160650492,0.0010223652934655547,0.022818317636847496,,,1757037346.1659565
"(None, None)",40.958886,29.1357976,-0.016,0.0012143927160650492,0.0010223652934655547,0.022818317636847496,,,1757037346.3024447
"(None, None)",40.958886,29.1357976,-0.016,0.0012049315264448524,0.0010216038208454847,0.02281220629811287,,,1757037346.4338157
"(None, None)",40.958886,29.1357976,-0.016,0.0012049315264448524,0.0010216038208454847,0.02281220629811287,,,1757037346.5659738
"(None, None)",40.958886,29.1357976,-0.016,0.0012049315264448524,0.0010216038208454847,0.02281220629811287,,,1757037346.7019036
"(None, None)",40.958886,29.1357976,-0.016,0.0012049315264448524,0.0010216038208454847,0.02281220629811287,,,1757037346.833893
"(None, None)",40.958886,29.1357976,-0.016,0.0012049315264448524,0.0010216038208454847,0.02281220629811287,,,1757037346.9695184
"(None, None)",40.958886,29.1357976,-0.016,0.0012049315264448524,0.0010216038208454847,0.02281220629811287,,,1757037347.1016498
"(None, None)",40.958886,29.1357976,-0.016,0.0012049315264448524,0.0010216038208454847,0.02281220629811287,,,1757037347.2336223
"(None, None)",40.958886,29.1357976,-0.016,0.0012049315264448524,0.0010216038208454847,0.02281220629811287,,,1757037347.3696187
"(None, None)",40.958886,29.1357976,-0.016,0.0012049315264448524,0.0010216038208454847,0.02281220629811287,,,1757037347.5018427
"(None, None)",40.958886,29.1357976,-0.016,0.0012049315264448524,0.0010216038208454847,0.02281220629811287,,,1757037347.6337652
"(None, None)",40.958886,29.1357976,-0.016,0.0012049315264448524,0.0010216038208454847,0.02281220629811287,,,1757037347.769822
"(None, None)",40.958886,29.1357976,-0.016,0.0012049315264448524,0.0010216038208454847,0.02281220629811287,,,1757037347.9015737
"(None, None)",40.958886,29.1357976,-0.016,0.0012049315264448524,0.0010216038208454847,0.02281220629811287,,,1757037348.037591
"(None, None)",40.958886,29.1357976,-0.016,0.0012049315264448524,0.0010216038208454847,0.02281220629811287,,,1757037348.1697395
"(None, None)",40.958886,29.1357976,-0.016,0.0012049315264448524,0.0010216038208454847,0.02281220629811287,,,1757037348.301687
"(None, None)",40.958886,29.1357976,-0.016,0.0012049315264448524,0.0010216038208454847,0.02281220629811287,,,1757037348.437712
"(None, None)",40.958886,29.1357976,-0.016,0.0012049315264448524,0.0010216038208454847,0.02281220629811287,,,1757037348.5697546
"(None, None)",40.958886,29.1357976,-0.016,0.0012049315264448524,0.0010216038208454847,0.02281220629811287,,,1757037348.7057564
"(None, None)",40.958886,29.1357976,-0.016,0.0012049315264448524,0.0010216038208454847,0.02281220629811287,,,1757037348.8376317
"(None, None)",40.958886,29.1357976,-0.016,0.0012049315264448524,0.0010216038208454847,0.02281220629811287,,,1757037348.9696293
"(None, None)",40.958886,29.1357976,-0.016,0.0012049315264448524,0.0010216038208454847,0.02281220629811287,,,1757037349.105771
"(None, None)",40.958886,29.1357976,-0.016,0.0012049315264448524,0.0010216038208454847,0.02281220629811287,,,1757037349.2378104
"(None, None)",40.958886,29.1357976,-0.016,0.0012049315264448524,0.0010216038208454847,0.02281220629811287,,,1757037349.3696387
"(None, None)",40.958886,29.1357976,-0.016,0.0012049315264448524,0.0010216038208454847,0.02281220629811287,,,1757037349.5056977
"(None, None)",40.958886,29.1357976,-0.016,0.0012049315264448524,0.0010216038208454847,0.02281220629811287,,,1757037349.6377063
"(None, None)",40.958886,29.1357976,-0.016,0.0012049315264448524,0.0010216038208454847,0.02281220629811287,,,1757037349.7737377
"(None, None)",40.958886,29.1357976,-0.016,0.0012049315264448524,0.0010216038208454847,0.02281220629811287,,,1757037349.9057195
"(None, None)",40.958886,29.1357976,-0.016,0.0012049315264448524,0.0010216038208454847,0.02281220629811287,,,1757037350.0379832
"(None, None)",40.958886,29.1357976,-0.016,0.0012049315264448524,0.0010216038208454847,0.02281220629811287,,,1757037350.1738544
"(None, None)",40.958886,29.1357976,-0.016,0.0012049315264448524,0.0010216038208454847,0.02281220629811287,,,1757037350.305801
"(None, None)",40.958886,29.1357976,-0.016,0.0012049315264448524,0.0010216038208454847,0.02281220629811287,,,1757037350.4429584
"(None, None)",40.958886,29.1357976,-0.016,0.0012049315264448524,0.0010216038208454847,0.02281220629811287,,,1757037350.5740213
"(None, None)",40.958886,29.1357976,-0.016,0.0012049315264448524,0.0010216038208454847,0.02281220629811287,,,1757037350.7059903
"(None, None)",40.958886,29.1357976,-0.016,0.0012049315264448524,0.0010216038208454847,0.02281220629811287,,,1757037350.8419344
"(None, None)",40.958886,29.1357976,-0.016,0.0012049315264448524,0.0010216038208454847,0.02281220629811287,,,1757037350.9739168
"(None, None)",40.958886,29.1357976,-0.016,0.0012049315264448524,0.0010216038208454847,0.02281220629811287,,,1757037351.1058996
"(None, None)",40.958886,29.1357976,-0.016,0.0012049315264448524,0.0010216038208454847,0.02281220629811287,,,1757037351.2419126
"(None, None)",40.958886,29.1357976,-0.016,0.0012049315264448524,0.0010216038208454847,0.02281220629811287,,,1757037351.3738625
"(None, None)",40.958886,29.1357976,-0.016,0.0012049315264448524,0.0010216038208454847,0.02281220629811287,,,1757037351.5057676
"(None, None)",40.958886,29.1357976,-0.016,0.0012049315264448524,0.0010216038208454847,0.02281220629811287,,,1757037351.6419225
"(None, None)",40.958886,29.1357976,-0.016,0.0012049315264448524,0.0010216038208454847,0.02281220629811287,,,1757037351.7738647
"(None, None)",40.958886,29.1357976,-0.016,0.0012049315264448524,0.0010216038208454847,0.02281220629811287,,,1757037351.90996
"(None, None)",40.958886,29.1357976,-0.016,0.0012049315264448524,0.0010216038208454847,0.02281220629811287,,,1757037352.0419908
"(None, None)",40.958886,29.1357976,-0.016,0.0012049315264448524,0.0010216038208454847,0.02281220629811287,,,1757037352.173778
"(None, None)",40.958886,29.1357976,-0.016,0.0012049315264448524,0.0010216038208454847,0.02281220629811287,,,1757037352.3097706
"(None, None)",40.958886,29.1357976,-0.016,0.0012049315264448524,0.0010216038208454847,0.02281220629811287,,,1757037352.4418736
"(None, None)",40.958886,29.1357976,-0.016,0.0012049315264448524,0.0010216038208454847,0.02281220629811287,,,1757037352.5737457
"(None, None)",40.958886,29.1357976,-0.016,0.0012049315264448524,0.0010216038208454847,0.02281220629811287,,,1757037352.7098222
"(None, None)",40.958886,29.1357976,-0.016,0.0012049315264448524,0.0010216038208454847,0.02281220629811287,,,1757037352.8418837
"(None, None)",40.958886,29.1357976,-0.016,0.0012049315264448524,0.0010216038208454847,0.02281220629811287,,,1757037352.9777122
"(None, None)",40.958886,29.1357976,-0.016,0.0012049315264448524,0.0010216038208454847,0.02281220629811287,,,1757037353.109889
"(None, None)",40.958886,29.1357976,-0.016,0.0012049315264448524,0.0010216038208454847,0.02281220629811287,,,1757037353.2419007
"(None, None)",40.958886,29.1357976,-0.016,0.0012049315264448524,0.0010216038208454847,0.02281220629811287,,,1757037353.3778028
"(None, None)",40.958886,29.1357976,-0.016,0.0012049315264448524,0.0010216038208454847,0.02281220629811287,,,1757037353.5099044
"(None, None)",40.958886,29.1357976,-0.016,0.0012049315264448524,0.0010216038208454847,0.02281220629811287,,,1757037353.6419842
"(None, None)",40.958886,29.1357976,-0.016,0.0012049315264448524,0.0010216038208454847,0.02281220629811287,,,1757037353.777976
"(None, None)",40.958886,29.1357976,-0.016,0.0012049315264448524,0.0010216038208454847,0.02281220629811287,,,1757037353.9098556
"(None, None)",40.958886,29.1357976,-0.016,0.0012049315264448524,0.0010216038208454847,0.02281220629811287,,,1757037354.045836
"(None, None)",40.958886,29.1357976,-0.016,0.0012049315264448524,0.0010216038208454847,0.02281220629811287,,,1757037354.1778708
"(None, None)",40.958886,29.1357976,-0.016,0.0012049315264448524,0.0010216038208454847,0.02281220629811287,,,1757037354.3098066
"(None, None)",40.958886,29.1357976,-0.016,0.0012049315264448524,0.0010216038208454847,0.02281220629811287,,,1757037354.4457295
"(None, None)",40.958886,29.1357976,-0.016,0.0012049315264448524,0.0010216038208454847,0.02281220629811287,,,1757037354.5776563
"(None, None)",40.958886,29.1357976,-0.016,0.0012049315264448524,0.0010216038208454847,0.02281220629811287,,,1757037354.713933
"(None, None)",40.958886,29.1357976,-0.016,0.0012049315264448524,0.0010216038208454847,0.02281220629811287,,,1757037354.8456612
"(None, None)",40.958886,29.1357976,-0.016,0.0012049315264448524,0.0010216038208454847,0.02281220629811287,,,1757037354.9780006
"(None, None)",40.958886,29.1357976,-0.016,0.0012049315264448524,0.0010216038208454847,0.02281220629811287,,,1757037355.1140006
"(None, None)",40.958886,29.1357976,-0.016,0.0012049315264448524,0.0010216038208454847,0.02281220629811287,,,1757037355.2459164
"(None, None)",40.958886,29.1357976,-0.016,0.0012049315264448524,0.0010216038208454847,0.02281220629811287,,,1757037355.3777804
"(None, None)",40.958886,29.1357976,-0.016,0.0012049315264448524,0.0010216038208454847,0.02281220629811287,,,1757037355.513772
"(None, None)",40.958886,29.1357976,-0.016,0.0012049315264448524,0.0010216038208454847,0.02281220629811287,,,1757037355.6458097
"(None, None)",40.958886,29.1357976,-0.016,0.0012049315264448524,0.0010216038208454847,0.02281220629811287,,,1757037355.781665
"(None, None)",40.958886,29.1357976,-0.016,0.0012049315264448524,0.0010216038208454847,0.02281220629811287,,,1757037355.9136786
"(None, None)",40.958886,29.1357976,-0.016,0.0012049315264448524,0.0010216038208454847,0.02281220629811287,,,1757037356.0457788
"(None, None)",40.958886,29.1357976,-0.016,0.0012049315264448524,0.0010216038208454847,0.02281220629811287,,,1757037356.1817951
"(None, None)",40.958886,29.1357976,-0.016,0.0012049315264448524,0.0010216038208454847,0.02281220629811287,,,1757037356.3136344
"(None, None)",40.958886,29.1357976,-0.016,0.0012049315264448524,0.0010216038208454847,0.02281220629811287,,,1757037356.4457397
"(None, None)",40.958886,29.1357976,-0.016,0.0012049315264448524,0.0010216038208454847,0.02281220629811287,,,1757037356.5819674
"(None, None)",40.958886,29.1357976,-0.016,0.0012049315264448524,0.0010216038208454847,0.02281220629811287,,,1757037356.7138295
"(None, None)",40.958886,29.1357976,-0.016,0.0012049315264448524,0.0010216038208454847,0.02281220629811287,,,1757037356.8497508
"(None, None)",40.958886,29.1357976,-0.016,0.0012049315264448524,0.0010216038208454847,0.02281220629811287,,,1757037356.9821365
"(None, None)",40.958886,29.1357976,-0.016,0.0012049315264448524,0.0010216038208454847,0.02281220629811287,,,1757037357.1137936
"(None, None)",40.958886,29.1357976,-0.016,0.0012049315264448524,0.0010216038208454847,0.02281220629811287,,,1757037357.2498918
"(None, None)",40.958886,29.1357976,-0.016,0.0012049315264448524,0.0010216038208454847,0.02281220629811287,,,1757037357.3818216
"(None, None)",40.958886,29.1357976,-0.016,0.0012049315264448524,0.0010216038208454847,0.02281220629811287,,,1757037357.5137496
"(None, None)",40.958886,29.1357976,-0.016,0.0012049315264448524,0.0010216038208454847,0.02281220629811287,,,1757037357.649746
"(None, None)",40.958886,29.1357976,-0.016,0.0012049315264448524,0.0010216038208454847,0.02281220629811287,,,1757037357.7817497
"(None, None)",40.958886,29.1357976,-0.016,0.0012049315264448524,0.0010216038208454847,0.02281220629811287,,,1757037357.917805
"(None, None)",40.958886,29.1357976,-0.016,0.0012049315264448524,0.0010216038208454847,0.02281220629811287,,,1757037358.049762
"(None, None)",40.958886,29.1357976,-0.016,0.0012049315264448524,0.0010216038208454847,0.02281220629811287,,,1757037358.1819232
"(None, None)",40.958886,29.1357976,-0.016,0.0012049315264448524,0.0010216038208454847,0.02281220629811287,,,1757037358.3178527
"(None, None)",40.958886,29.1357976,-0.016,0.0012049315264448524,0.0010216038208454847,0.02281220629811287,,,1757037358.4498398
"(None, None)",40.958886,29.1357976,-0.016,0.0012049315264448524,0.0010216038208454847,0.02281220629811287,,,1757037358.581848
"(None, None)",40.958886,29.1357976,-0.016,0.0012049315264448524,0.0010216038208454847,0.02281220629811287,,,1757037358.7177522
"(None, None)",40.958886,29.1357976,-0.016,0.0012049315264448524,0.0010216038208454847,0.02281220629811287,,,1757037358.8499174
"(None, None)",40.958886,29.1357976,-0.016,0.0012049315264448524,0.0010216038208454847,0.02281220629811287,,,1757037358.9859126
"(None, None)",40.958886,29.1357976,-0.016,0.0012049315264448524,0.0010216038208454847,0.02281220629811287,,,1757037359.1182194
"(None, None)",40.958886,29.1357976,-0.016,0.0012049315264448524,0.0010216038208454847,0.02281220629811287,,,1757037359.2503452
"(None, None)",40.958886,29.1357976,-0.016,0.0012049315264448524,0.0010216038208454847,0.02281220629811287,,,1757037359.3864665
"(None, None)",40.958886,29.1357976,-0.016,0.0012049315264448524,0.0010216038208454847,0.02281220629811287,,,1757037359.5178
"(None, None)",40.958886,29.1357976,-0.016,0.0012049315264448524,0.0010216038208454847,0.02281220629811287,,,1757037359.6498353
"(None, None)",40.958886,29.1357976,-0.016,0.0012049315264448524,0.0010216038208454847,0.02281220629811287,,,1757037359.785977
"(None, None)",40.958886,29.1357976,-0.016,0.0012049315264448524,0.0010216038208454847,0.02281220629811287,,,1757037359.917817
"(None, None)",40.958886,29.1357976,-0.016,0.0012049315264448524,0.0010216038208454847,0.02281220629811287,,,1757037360.0539148
"(None, None)",40.958886,29.1357976,-0.016,0.0012049315264448524,0.0010216038208454847,0.02281220629811287,,,1757037360.1860116
"(None, None)",40.958886,29.1357976,-0.016,0.0012049315264448524,0.0010216038208454847,0.02281220629811287,,,1757037360.3179343
"(None, None)",40.958886,29.1357976,-0.016,0.0012049315264448524,0.0010216038208454847,0.02281220629811287,,,1757037360.4537973
"(None, None)",40.958886,29.1357976,-0.016,0.0012049315264448524,0.0010216038208454847,0.02281220629811287,,,1757037360.5858898
"(None, None)",40.958886,29.1357976,-0.016,0.0012049315264448524,0.0010216038208454847,0.02281220629811287,,,1757037360.7178009
"(None, None)",40.958886,29.1357976,-0.016,0.0012049315264448524,0.0010216038208454847,0.02281220629811287,,,1757037360.8536816
"(None, None)",40.958886,29.1357976,-0.016,0.0012049315264448524,0.0010216038208454847,0.02281220629811287,,,1757037360.985879
"(None, None)",40.958886,29.1357976,-0.016,0.0012049315264448524,0.0010216038208454847,0.02281220629811287,,,1757037361.1217594
"(None, None)",40.958886,29.1357976,-0.016,0.0012049315264448524,0.0010216038208454847,0.02281220629811287,,,1757037361.2539365
"(None, None)",40.958886,29.1357976,-0.016,0.0012049315264448524,0.0010216038208454847,0.02281220629811287,,,1757037361.3859634
"(None, None)",40.958886,29.1357976,-0.016,0.0012049315264448524,0.0010216038208454847,0.02281220629811287,,,1757037361.5217757
"(None, None)",40.958886,29.1357976,-0.016,0.0012049315264448524,0.0010216038208454847,0.02281220629811287,,,1757037361.6539705
"(None, None)",40.958886,29.1357976,-0.016,0.0012049315264448524,0.0010216038208454847,0.02281220629811287,,,1757037361.789967
"(None, None)",40.958886,29.1357976,-0.016,0.0012049315264448524,0.0010216038208454847,0.02281220629811287,,,1757037361.921803
"(None, None)",40.958886,29.1357976,-0.016,0.0012049315264448524,0.0010216038208454847,0.02281220629811287,,,1757037362.0537689
"(None, None)",40.958886,29.1357976,-0.016,0.0012049315264448524,0.0010216038208454847,0.02281220629811287,,,1757037362.190012
"(None, None)",40.958886,29.1357976,-0.016,0.0012049315264448524,0.0010216038208454847,0.02281220629811287,,,1757037362.3217115
"(None, None)",40.958886,29.1357976,-0.016,0.0012049315264448524,0.0010216038208454847,0.02281220629811287,,,1757037362.4537613
"(None, None)",40.958886,29.1357976,-0.016,0.0012049315264448524,0.0010216038208454847,0.02281220629811287,,,1757037362.5898972
"(None, None)",40.958886,29.1357976,-0.016,0.0012049315264448524,0.0010216038208454847,0.02281220629811287,,,1757037362.721966
"(None, None)",40.958886,29.1357976,-0.016,0.0012049315264448524,0.0010216038208454847,0.02281220629811287,,,1757037362.8579702
"(None, None)",40.958886,29.1357976,-0.016,0.0012049315264448524,0.0010216038208454847,0.02281220629811287,,,1757037362.9899092
"(None, None)",40.958886,29.1357976,-0.016,0.0012049315264448524,0.0010216038208454847,0.02281220629811287,,,1757037363.1218855
"(None, None)",40.958886,29.1357976,-0.016,0.0012049315264448524,0.0010216038208454847,0.02281220629811287,,,1757037363.2577724
"(None, None)",40.958886,29.1357976,-0.016,0.0012049315264448524,0.0010216038208454847,0.02281220629811287,,,1757037363.3897328
"(None, None)",40.958886,29.1357976,-0.016,0.0012049315264448524,0.0010216038208454847,0.02281220629811287,,,1757037363.5217474
"(None, None)",40.958886,29.1357976,-0.016,0.0012049315264448524,0.0010216038208454847,0.02281220629811287,,,1757037363.6579502
"(None, None)",40.958886,29.1357976,-0.016,0.0012049315264448524,0.0010216038208454847,0.02281220629811287,,,1757037363.7898936
"(None, None)",40.958886,29.1357976,-0.016,0.0012049315264448524,0.0010216038208454847,0.02281220629811287,,,1757037363.9258418
"(None, None)",40.958886,29.1357976,-0.016,0.0012049315264448524,0.0010216038208454847,0.02281220629811287,,,1757037364.057761
"(None, None)",40.958886,29.1357976,-0.016,0.0012049315264448524,0.0010216038208454847,0.02281220629811287,,,1757037364.1898892
"(None, None)",40.958886,29.1357976,-0.016,0.0012049315264448524,0.0010216038208454847,0.02281220629811287,,,1757037364.3258274
"(None, None)",40.958886,29.1357976,-0.016,0.0012049315264448524,0.0010216038208454847,0.02281220629811287,,,1757037364.4577541
"(None, None)",40.958886,29.1357976,-0.016,0.0012049315264448524,0.0010216038208454847,0.02281220629811287,,,1757037364.589904
"(None, None)",40.958886,29.1357976,-0.016,0.0012049315264448524,0.0010216038208454847,0.02281220629811287,,,1757037364.7260506
"(None, None)",40.958886,29.1357976,-0.016,0.0012049315264448524,0.0010216038208454847,0.02281220629811287,,,1757037364.8578255
"(None, None)",40.958886,29.1357976,-0.016,0.0012049315264448524,0.0010216038208454847,0.02281220629811287,,,1757037364.9938245
"(None, None)",40.958886,29.1357976,-0.016,0.0012049315264448524,0.0010216038208454847,0.02281220629811287,,,1757037365.125812
"(None, None)",40.958886,29.1357976,-0.016,0.0012049315264448524,0.0010216038208454847,0.02281220629811287,,,1757037365.2579422
"(None, None)",40.958886,29.1357976,-0.016,0.0012049315264448524,0.0010216038208454847,0.02281220629811287,,,1757037365.3940728
"(None, None)",40.958886,29.1357976,-0.016,0.0012049315264448524,0.0010216038208454847,0.02281220629811287,,,1757037365.5260482
"(None, None)",40.958886,29.1357976,-0.016,0.0012049315264448524,0.0010216038208454847,0.02281220629811287,,,1757037365.6579113
"(None, None)",40.958886,29.1357976,-0.016,0.0012049315264448524,0.0010216038208454847,0.02281220629811287,,,1757037365.7938082
"(None, None)",40.958886,29.1357976,-0.016,0.0012049315264448524,0.0010216038208454847,0.02281220629811287,,,1757037365.925794
"(None, None)",40.958886,29.1357976,-0.016,0.0012049315264448524,0.0010216038208454847,0.02281220629811287,,,1757037366.062037
"(None, None)",40.958886,29.1357976,-0.016,0.0012049315264448524,0.0010216038208454847,0.02281220629811287,,,1757037366.1937783
"(None, None)",40.958886,29.1357976,-0.016,0.0012049315264448524,0.0010216038208454847,0.02281220629811287,,,1757037366.3257575
"(None, None)",40.958886,29.1357976,-0.016,0.0012049315264448524,0.0010216038208454847,0.02281220629811287,,,1757037366.4621317
"(None, None)",40.958886,29.1357976,-0.016,0.0012049315264448524,0.0010216038208454847,0.02281220629811287,,,1757037366.59394
"(None, None)",40.958886,29.1357976,-0.016,0.0012049315264448524,0.0010216038208454847,0.02281220629811287,,,1757037366.7260847
"(None, None)",40.958886,29.1357976,-0.016,0.0012049315264448524,0.0010216038208454847,0.02281220629811287,,,1757037366.862161
"(None, None)",40.958886,29.1357976,-0.016,0.0012049315264448524,0.0010216038208454847,0.02281220629811287,,,1757037366.9939637
"(None, None)",40.958886,29.1357976,-0.016,0.0012049315264448524,0.0010216038208454847,0.02281220629811287,,,1757037367.1301708
"(None, None)",40.958886,29.1357976,-0.016,0.0012049315264448524,0.0010216038208454847,0.02281220629811287,,,1757037367.2620919
"(None, None)",40.958886,29.1357976,-0.016,0.0012049315264448524,0.0010216038208454847,0.02281220629811287,,,1757037367.3937945
"(None, None)",40.958886,29.1357976,-0.016,0.0012049315264448524,0.0010216038208454847,0.02281220629811287,,,1757037367.5300455
"(None, None)",40.958886,29.1357976,-0.016,0.0012049315264448524,0.0010216038208454847,0.02281220629811287,,,1757037367.6619966
"(None, None)",40.958886,29.1357976,-0.016,0.0012049315264448524,0.0010216038208454847,0.02281220629811287,,,1757037367.7978823
"(None, None)",40.958886,29.1357976,-0.016,0.0012049315264448524,0.0010216038208454847,0.02281220629811287,,,1757037367.9300115
"(None, None)",40.958886,29.1357976,-0.016,0.0012049315264448524,0.0010216038208454847,0.02281220629811287,,,1757037368.0620406
"(None, None)",40.958886,29.1357976,-0.016,0.0012049315264448524,0.0010216038208454847,0.02281220629811287,,,1757037368.1980197
"(None, None)",40.958886,29.1357976,-0.016,0.0012049315264448524,0.0010216038208454847,0.02281220629811287,,,1757037368.3299472
"(None, None)",40.958886,29.1357976,-0.016,0.0012049315264448524,0.0010216038208454847,0.02281220629811287,,,1757037368.4620275
"(None, None)",40.958886,29.1357976,-0.016,0.0012049315264448524,0.0010216038208454847,0.02281220629811287,,,1757037368.597916
"(None, None)",40.958886,29.1357976,-0.016,0.0012049315264448524,0.0010216038208454847,0.02281220629811287,,,1757037368.7298994
"(None, None)",40.958886,29.1357976,-0.016,0.0012049315264448524,0.0010216038208454847,0.02281220629811287,,,1757037368.8660312
"(None, None)",40.958886,29.1357976,-0.016,0.0012049315264448524,0.0010216038208454847,0.02281220629811287,,,1757037368.9978478
"(None, None)",40.958886,29.1357976,-0.016,0.0012049315264448524,0.0010216038208454847,0.02281220629811287,,,1757037369.1300006
"(None, None)",40.958886,29.1357976,-0.016,0.0012049315264448524,0.0010216038208454847,0.02281220629811287,,,1757037369.265818
"(None, None)",40.958886,29.1357976,-0.016,0.0012049315264448524,0.0010216038208454847,0.02281220629811287,,,1757037369.3979957
"(None, None)",40.958886,29.1357976,-0.016,0.0012049315264448524,0.0010216038208454847,0.02281220629811287,,,1757037369.5300329
"(None, None)",40.958886,29.1357976,-0.016,0.0012049315264448524,0.0010216038208454847,0.02281220629811287,,,1757037369.6658983
"(None, None)",40.958886,29.1357976,-0.016,0.0012049315264448524,0.0010216038208454847,0.02281220629811287,,,1757037369.7976632
"(None, None)",40.958886,29.1357976,-0.016,0.0012049315264448524,0.0010216038208454847,0.02281220629811287,,,1757037369.9339042
"(None, None)",40.958886,29.1357976,-0.016,0.0012049315264448524,0.0010216038208454847,0.02281220629811287,,,1757037370.0659673
"(None, None)",40.958886,29.1357976,-0.016,0.0012049315264448524,0.0010216038208454847,0.02281220629811287,,,1757037370.1981184
"(None, None)",40.958886,29.1357976,-0.016,0.0012049315264448524,0.0010216038208454847,0.02281220629811287,,,1757037370.3339827
"(None, None)",40.958886,29.1357976,-0.016,0.0012049315264448524,0.0010216038208454847,0.02281220629811287,,,1757037370.4657972
"(None, None)",40.958886,29.1357976,-0.016,0.0012049315264448524,0.0010216038208454847,0.02281220629811287,,,1757037370.5977645
"(None, None)",40.958886,29.1357976,-0.016,0.0012049315264448524,0.0010216038208454847,0.02281220629811287,,,1757037370.7338374
"(None, None)",40.958886,29.1357976,-0.016,0.0012049315264448524,0.0010216038208454847,0.02281220629811287,,,1757037370.8658214
"(None, None)",40.958886,29.1357976,-0.016,0.0012049315264448524,0.0010216038208454847,0.02281220629811287,,,1757037371.002114
"(None, None)",40.958886,29.1357976,-0.016,0.0012049315264448524,0.0010216038208454847,0.02281220629811287,,,1757037371.1340244
"(None, None)",40.958886,29.1357976,-0.016,0.0012049315264448524,0.0010216038208454847,0.02281220629811287,,,1757037371.265868
"(None, None)",40.958886,29.1357976,-0.016,0.0012049315264448524,0.0010216038208454847,0.02281220629811287,,,1757037371.401928
"(None, None)",40.958886,29.1357976,-0.016,0.0012049315264448524,0.0010216038208454847,0.02281220629811287,,,1757037371.534331
"(None, None)",40.958886,29.1357976,-0.016,0.0012049315264448524,0.0010216038208454847,0.02281220629811287,,,1757037371.6658587
"(None, None)",40.958886,29.1357976,-0.016,0.0012049315264448524,0.0010216038208454847,0.02281220629811287,,,1757037371.801825
"(None, None)",40.958886,29.1357976,-0.016,0.0012049315264448524,0.0010216038208454847,0.02281220629811287,,,1757037371.9336135
"(None, None)",40.958886,29.1357976,-0.016,0.0012049315264448524,0.0010216038208454847,0.02281220629811287,,,1757037372.06984
"(None, None)",40.958886,29.1357976,-0.016,0.0012049315264448524,0.0010216038208454847,0.02281220629811287,,,1757037372.2018414
"(None, None)",40.958886,29.1357976,-0.016,0.0012049315264448524,0.0010216038208454847,0.02281220629811287,,,1757037372.333787
"(None, None)",40.958886,29.1357976,-0.016,0.0012049315264448524,0.0010216038208454847,0.02281220629811287,,,1757037372.4696608
"(None, None)",40.958886,29.1357976,-0.016,0.0012049315264448524,0.0010216038208454847,0.02281220629811287,,,1757037372.6019022
"(None, None)",40.958886,29.1357976,-0.016,0.0012049315264448524,0.0010216038208454847,0.02281220629811287,,,1757037372.733851
"(None, None)",40.958886,29.1357976,-0.016,0.0012049315264448524,0.0010216038208454847,0.02281220629811287,,,1757037372.8697925
"(None, None)",40.958886,29.1357976,-0.016,0.0012049315264448524,0.0010216038208454847,0.02281220629811287,,,1757037373.0019555
"(None, None)",40.958886,29.1357976,-0.016,0.0012049315264448524,0.0010216038208454847,0.02281220629811287,,,1757037373.1380575
"(None, None)",40.958886,29.1357976,-0.016,0.0012049315264448524,0.0010216038208454847,0.02281220629811287,,,1757037373.2747705
"(None, None)",40.958886,29.1357976,-0.016,0.0012049315264448524,0.0010216038208454847,0.02281220629811287,,,1757037373.4017732
"(None, None)",40.958886,29.1357976,-0.016,0.0012049315264448524,0.0010216038208454847,0.02281220629811287,,,1757037373.5379689
"(None, None)",40.958886,29.1357976,-0.016,0.0012049315264448524,0.0010216038208454847,0.02281220629811287,,,1757037373.6700122
"(None, None)",40.958886,29.1357976,-0.016,0.0012049315264448524,0.0010216038208454847,0.02281220629811287,,,1757037373.8060803
"(None, None)",40.958886,29.1357976,-0.016,0.0012049315264448524,0.0010216038208454847,0.02281220629811287,,,1757037373.9377754
"(None, None)",40.958886,29.1357976,-0.016,0.0012049315264448524,0.0010216038208454847,0.02281220629811287,,,1757037374.0697486
"(None, None)",40.958886,29.1357976,-0.016,0.0012049315264448524,0.0010216038208454847,0.02281220629811287,,,1757037374.2061675
"(None, None)",40.958886,29.1357976,-0.016,0.0012049315264448524,0.0010216038208454847,0.02281220629811287,,,1757037374.3378544
"(None, None)",40.958886,29.1357976,-0.016,0.0012049315264448524,0.0010216038208454847,0.02281220629811287,,,1757037374.469817
"(None, None)",40.958886,29.1357976,-0.016,0.0012049315264448524,0.0010216038208454847,0.02281220629811287,,,1757037374.606043
"(None, None)",40.958886,29.1357976,-0.016,0.0012049315264448524,0.0010216038208454847,0.02281220629811287,,,1757037374.7379587
"(None, None)",40.958886,29.1357976,-0.016,0.0012049315264448524,0.0010216038208454847,0.02281220629811287,,,1757037374.8741689
"(None, None)",40.958886,29.1357976,-0.016,0.0012049315264448524,0.0010216038208454847,0.02281220629811287,,,1757037375.0057447
"(None, None)",40.958886,29.1357976,-0.016,0.0012049315264448524,0.0010216038208454847,0.02281220629811287,,,1757037375.1378837
"(None, None)",40.958886,29.1357976,-0.016,0.0012049315264448524,0.0010216038208454847,0.02281220629811287,,,1757037375.2739666
"(None, None)",40.958886,29.1357976,-0.016,0.0012049315264448524,0.0010216038208454847,0.02281220629811287,,,1757037375.4059463
"(None, None)",40.958886,29.1357976,-0.016,0.0012049315264448524,0.0010216038208454847,0.02281220629811287,,,1757037375.5379622
"(None, None)",40.958886,29.1357976,-0.016,0.0012049315264448524,0.0010216038208454847,0.02281220629811287,,,1757037375.6737628
"(None, None)",40.958886,29.1357976,-0.016,0.0012049315264448524,0.0010216038208454847,0.02281220629811287,,,1757037375.8058538
"(None, None)",40.958886,29.1357976,-0.016,0.0012049315264448524,0.0010216038208454847,0.02281220629811287,,,1757037375.9419346
"(None, None)",40.958886,29.1357976,-0.016,0.0012049315264448524,0.0010216038208454847,0.02281220629811287,,,1757037376.073763
"(None, None)",40.958886,29.1357976,-0.016,0.0012049315264448524,0.0010216038208454847,0.02281220629811287,,,1757037376.2058434
"(None, None)",40.958886,29.1357976,-0.016,0.0012049315264448524,0.0010216038208454847,0.02281220629811287,,,1757037376.3418934
"(None, None)",40.958886,29.1357976,-0.016,0.0012049315264448524,0.0010216038208454847,0.02281220629811287,,,1757037376.4736955
"(None, None)",40.958886,29.1357976,-0.016,0.0012049315264448524,0.0010216038208454847,0.02281220629811287,,,1757037376.605946
"(None, None)",40.958886,29.1357976,-0.016,0.0012049315264448524,0.0010216038208454847,0.02281220629811287,,,1757037376.7419233
"(None, None)",40.958886,29.1357976,-0.016,0.0012049315264448524,0.0010216038208454847,0.02281220629811287,,,1757037376.87363
"(None, None)",40.958886,29.1357976,-0.016,0.0012049315264448524,0.0010216038208454847,0.02281220629811287,,,1757037377.009933
"(None, None)",40.958886,29.1357976,-0.016,0.0012049315264448524,0.0010216038208454847,0.02281220629811287,,,1757037377.1419256
"(None, None)",40.958886,29.1357976,-0.016,0.0012049315264448524,0.0010216038208454847,0.02281220629811287,,,1757037377.2738273
"(None, None)",40.958886,29.1357976,-0.016,0.0012049315264448524,0.0010216038208454847,0.02281220629811287,,,1757037377.4099932
"(None, None)",40.958886,29.1357976,-0.016,0.0012049315264448524,0.0010216038208454847,0.02281220629811287,,,1757037377.5418606
"(None, None)",40.958886,29.1357976,-0.016,0.0012049315264448524,0.0010216038208454847,0.02281220629811287,,,1757037377.6740444
"(None, None)",40.958886,29.1357976,-0.016,0.0012049315264448524,0.0010216038208454847,0.02281220629811287,,,1757037377.8098147
"(None, None)",40.958886,29.1357976,-0.016,0.0012049315264448524,0.0010216038208454847,0.02281220629811287,,,1757037377.9419444
"(None, None)",40.958886,29.1357976,-0.016,0.0012049315264448524,0.0010216038208454847,0.02281220629811287,,,1757037378.0778515
"(None, None)",40.958886,29.1357976,-0.016,0.0012049315264448524,0.0010216038208454847,0.02281220629811287,,,1757037378.2098544
"(None, None)",40.958886,29.1357976,-0.016,0.0012049315264448524,0.0010216038208454847,0.02281220629811287,,,1757037378.3417637
"(None, None)",40.958886,29.1357976,-0.016,0.0012049315264448524,0.0010216038208454847,0.02281220629811287,,,1757037378.4777465
"(None, None)",40.958886,29.1357976,-0.016,0.0012049315264448524,0.0010216038208454847,0.02281220629811287,,,1757037378.6103582
"(None, None)",40.958886,29.1357976,-0.016,0.0012049315264448524,0.0010216038208454847,0.02281220629811287,,,1757037378.7417698
"(None, None)",40.958886,29.1357976,-0.016,0.0012049315264448524,0.0010216038208454847,0.02281220629811287,,,1757037378.877661
"(None, None)",40.958886,29.1357976,-0.016,0.0012049315264448524,0.0010216038208454847,0.02281220629811287,,,1757037379.0099285
"(None, None)",40.958886,29.1357976,-0.016,0.0012049315264448524,0.0010216038208454847,0.02281220629811287,,,1757037379.1458995
"(None, None)",40.958886,29.1357976,-0.016,0.0012049315264448524,0.0010216038208454847,0.02281220629811287,,,1757037379.2778463
"(None, None)",40.958886,29.1357976,-0.016,0.0012049315264448524,0.0010216038208454847,0.02281220629811287,,,1757037379.4099052
"(None, None)",40.958886,29.1357976,-0.016,0.0012049315264448524,0.0010216038208454847,0.02281220629811287,,,1757037379.545723
"(None, None)",40.958886,29.1357976,-0.016,0.0012049315264448524,0.0010216038208454847,0.02281220629811287,,,1757037379.6778738
"(None, None)",40.958886,29.1357976,-0.016,0.0012049315264448524,0.0010216038208454847,0.02281220629811287,,,1757037379.8138487
"(None, None)",40.958886,29.1357976,-0.016,0.0012049315264448524,0.0010216038208454847,0.02281220629811287,,,1757037379.9457858
"(None, None)",40.958886,29.1357976,-0.016,0.0012049315264448524,0.0010216038208454847,0.02281220629811287,,,1757037380.0780706
"(None, None)",40.958886,29.1357976,-0.016,0.0012049315264448524,0.0010216038208454847,0.02281220629811287,,,1757037380.214153
"(None, None)",40.958886,29.1357976,-0.016,0.0012049315264448524,0.0010216038208454847,0.02281220629811287,,,1757037380.3460293
"(None, None)",40.958886,29.1357976,-0.016,0.0012049315264448524,0.0010216038208454847,0.02281220629811287,,,1757037380.477686
"(None, None)",40.958886,29.1357976,-0.016,0.0012049315264448524,0.0010216038208454847,0.02281220629811287,,,1757037380.614218
"(None, None)",40.958886,29.1357976,-0.016,0.0012049315264448524,0.0010216038208454847,0.02281220629811287,,,1757037380.7459996
"(None, None)",40.958886,29.1357976,-0.016,0.0012049315264448524,0.0010216038208454847,0.02281220629811287,,,1757037380.8820972
"(None, None)",40.958886,29.1357976,-0.016,0.0012049315264448524,0.0010216038208454847,0.02281220629811287,,,1757037381.013887
"(None, None)",40.958886,29.1357976,-0.016,0.0012049315264448524,0.0010216038208454847,0.02281220629811287,,,1757037381.146112
"(None, None)",40.958886,29.1357976,-0.016,0.0012049315264448524,0.0010216038208454847,0.02281220629811287,,,1757037381.282595
"(None, None)",40.958886,29.1357976,-0.016,0.0012049315264448524,0.0010216038208454847,0.02281220629811287,,,1757037381.4137423
"(None, None)",40.958886,29.1357976,-0.016,0.0012049315264448524,0.0010216038208454847,0.02281220629811287,,,1757037381.546106
"(None, None)",40.958886,29.1357976,-0.016,0.0012049315264448524,0.0010216038208454847,0.02281220629811287,,,1757037381.6818404
"(None, None)",40.958886,29.1357976,-0.016,0.0012049315264448524,0.0010216038208454847,0.02281220629811287,,,1757037381.8140738
"(None, None)",40.958886,29.1357976,-0.016,0.0012049315264448524,0.0010216038208454847,0.02281220629811287,,,1757037381.9496791
"(None, None)",40.958886,29.1357976,-0.016,0.0012049315264448524,0.0010216038208454847,0.02281220629811287,,,1757037382.0819108
"(None, None)",40.958886,29.1357976,-0.016,0.0012049315264448524,0.0010216038208454847,0.02281220629811287,,,1757037382.2142525
"(None, None)",40.958886,29.1357976,-0.016,0.0012049315264448524,0.0010216038208454847,0.02281220629811287,,,1757037382.3498542
"(None, None)",40.958886,29.1357976,-0.016,0.0012049315264448524,0.0010216038208454847,0.02281220629811287,,,1757037382.4819987
"(None, None)",40.958886,29.1357976,-0.016,0.0012049315264448524,0.0010216038208454847,0.02281220629811287,,,1757037382.6140058
"(None, None)",40.958886,29.1357976,-0.016,0.0012049315264448524,0.0010216038208454847,0.02281220629811287,,,1757037382.749776
"(None, None)",40.958886,29.1357976,-0.016,0.0012049315264448524,0.0010216038208454847,0.02281220629811287,,,1757037382.8815608
"(None, None)",40.958886,29.1357976,-0.016,0.0012049315264448524,0.0010216038208454847,0.02281220629811287,,,1757037383.0179248
"(None, None)",40.958886,29.1357976,-0.016,0.0012049315264448524,0.0010216038208454847,0.02281220629811287,,,1757037383.1501331
"(None, None)",40.958886,29.1357976,-0.016,0.0012049315264448524,0.0010216038208454847,0.02281220629811287,,,1757037383.2820034
"(None, None)",40.958886,29.1357976,-0.016,0.0012049315264448524,0.0010216038208454847,0.02281220629811287,,,1757037383.422667
"(None, None)",40.958886,29.1357976,-0.016,0.0012049315264448524,0.0010216038208454847,0.02281220629811287,,,1757037383.5497754
"(None, None)",40.958886,29.1357976,-0.016,0.0012049315264448524,0.0010216038208454847,0.02281220629811287,,,1757037383.6819596
"(None, None)",40.958886,29.1357976,-0.016,0.0012049315264448524,0.0010216038208454847,0.02281220629811287,,,1757037383.8180377
"(None, None)",40.958886,29.1357976,-0.016,0.0012049315264448524,0.0010216038208454847,0.02281220629811287,,,1757037383.9498188
"(None, None)",40.958886,29.1357976,-0.016,0.0012049315264448524,0.0010216038208454847,0.02281220629811287,,,1757037384.0861273
"(None, None)",40.958886,29.1357976,-0.016,0.0012049315264448524,0.0010216038208454847,0.02281220629811287,,,1757037384.218153
"(None, None)",40.958886,29.1357976,-0.016,0.0012049315264448524,0.0010216038208454847,0.02281220629811287,,,1757037384.350159
"(None, None)",40.958886,29.1357976,-0.016,0.0012049315264448524,0.0010216038208454847,0.02281220629811287,,,1757037384.4859796
"(None, None)",40.958886,29.1357976,-0.016,0.0012049315264448524,0.0010216038208454847,0.02281220629811287,,,1757037384.6180785
"(None, None)",40.958886,29.1357976,-0.016,0.0012049315264448524,0.0010216038208454847,0.02281220629811287,,,1757037384.7498899
"(None, None)",40.958886,29.1357976,-0.016,0.0012049315264448524,0.0010216038208454847,0.02281220629811287,,,1757037384.886116
"(None, None)",40.958886,29.1357976,-0.016,0.0012049315264448524,0.0010216038208454847,0.02281220629811287,,,1757037385.0178232
"(None, None)",40.958886,29.1357976,-0.016,0.0012049315264448524,0.0010216038208454847,0.02281220629811287,,,1757037385.154046
"(None, None)",40.958886,29.1357976,-0.016,0.0012049315264448524,0.0010216038208454847,0.02281220629811287,,,1757037385.2861319
"(None, None)",40.958886,29.1357976,-0.016,0.0012049315264448524,0.0010216038208454847,0.02281220629811287,,,1757037385.418101
"(None, None)",40.958886,29.1357976,-0.016,0.0012049315264448524,0.0010216038208454847,0.02281220629811287,,,1757037385.5538864
"(None, None)",40.958886,29.1357976,-0.016,0.0012049315264448524,0.0010216038208454847,0.02281220629811287,,,1757037385.686153
"(None, None)",40.958886,29.1357976,-0.016,0.0012049315264448524,0.0010216038208454847,0.02281220629811287,,,1757037385.8218799
"(None, None)",40.958886,29.1357976,-0.016,0.0012049315264448524,0.0010216038208454847,0.02281220629811287,,,1757037385.953735
"(None, None)",40.958886,29.1357976,-0.016,0.0012049315264448524,0.0010216038208454847,0.02281220629811287,,,1757037386.0858543
"(None, None)",40.958886,29.1357976,-0.016,0.0012049315264448524,0.0010216038208454847,0.02281220629811287,,,1757037386.2220197
"(None, None)",40.958886,29.1357976,-0.016,0.0012049315264448524,0.0010216038208454847,0.02281220629811287,,,1757037386.3537047
"(None, None)",40.958886,29.1357976,-0.016,0.0012049315264448524,0.0010216038208454847,0.02281220629811287,,,1757037386.4858243
"(None, None)",40.958886,29.1357976,-0.016,0.0012049315264448524,0.0010216038208454847,0.02281220629811287,,,1757037386.6218941
"(None, None)",40.958886,29.1357976,-0.016,0.0012049315264448524,0.0010216038208454847,0.02281220629811287,,,1757037386.7538276
"(None, None)",40.958886,29.1357976,-0.016,0.0012049315264448524,0.0010216038208454847,0.02281220629811287,,,1757037386.889728
"(None, None)",40.958886,29.1357976,-0.016,0.0012049315264448524,0.0010216038208454847,0.02281220629811287,,,1757037387.021857
"(None, None)",40.958886,29.1357976,-0.016,0.0012049315264448524,0.0010216038208454847,0.02281220629811287,,,1757037387.1542134
"(None, None)",40.958886,29.1357976,-0.016,0.0012049315264448524,0.0010216038208454847,0.02281220629811287,,,1757037387.289838
"(None, None)",40.958886,29.1357976,-0.016,0.0012049315264448524,0.0010216038208454847,0.02281220629811287,,,1757037387.4219828
"(None, None)",40.958886,29.1357976,-0.016,0.0012049315264448524,0.0010216038208454847,0.02281220629811287,,,1757037387.55397
"(None, None)",40.958886,29.1357976,-0.016,0.0012049315264448524,0.0010216038208454847,0.02281220629811287,,,1757037387.6899366
"(None, None)",40.958886,29.1357976,-0.016,0.0012049315264448524,0.0010216038208454847,0.02281220629811287,,,1757037387.8219516
"(None, None)",40.958886,29.1357976,-0.016,0.0012049315264448524,0.0010216038208454847,0.02281220629811287,,,1757037387.9577615
"(None, None)",40.958886,29.1357976,-0.016,0.0012049315264448524,0.0010216038208454847,0.02281220629811287,,,1757037388.0899034
"(None, None)",40.958886,29.1357976,-0.016,0.0012049315264448524,0.0010216038208454847,0.02281220629811287,,,1757037388.2218893
"(None, None)",40.958886,29.1357976,-0.016,0.0012049315264448524,0.0010216038208454847,0.02281220629811287,,,1757037388.3579688
"(None, None)",40.958886,29.1357976,-0.016,0.0012049315264448524,0.0010216038208454847,0.02281220629811287,,,1757037388.489868
"(None, None)",40.958886,29.1357976,-0.016,0.0012049315264448524,0.0010216038208454847,0.02281220629811287,,,1757037388.6218581
"(None, None)",40.958886,29.1357976,-0.016,0.0012049315264448524,0.0010216038208454847,0.02281220629811287,,,1757037388.7578921
"(None, None)",40.958886,29.1357976,-0.016,0.0012049315264448524,0.0010216038208454847,0.02281220629811287,,,1757037388.8898578
"(None, None)",40.958886,29.1357976,-0.016,0.0012049315264448524,0.0010216038208454847,0.02281220629811287,,,1757037389.025866
"(None, None)",40.958886,29.1357976,-0.016,0.0012049315264448524,0.0010216038208454847,0.02281220629811287,,,1757037389.1584537
"(None, None)",40.958886,29.1357976,-0.016,0.0012049315264448524,0.0010216038208454847,0.02281220629811287,,,1757037389.2903993
"(None, None)",40.958886,29.1357976,-0.016,0.0012049315264448524,0.0010216038208454847,0.02281220629811287,,,1757037389.42578
"(None, None)",40.958886,29.1357976,-0.016,0.0012049315264448524,0.0010216038208454847,0.02281220629811287,,,1757037389.5577927
"(None, None)",40.958886,29.1357976,-0.016,0.0012049315264448524,0.0010216038208454847,0.02281220629811287,,,1757037389.6900194
"(None, None)",40.958886,29.1357976,-0.016,0.0012049315264448524,0.0010216038208454847,0.02281220629811287,,,1757037389.8261228
"(None, None)",40.958886,29.1357976,-0.016,0.0012049315264448524,0.0010216038208454847,0.02281220629811287,,,1757037389.957877
"(None, None)",40.958886,29.1357976,-0.016,0.0012049315264448524,0.0010216038208454847,0.02281220629811287,,,1757037390.0939279
"(None, None)",40.958886,29.1357976,-0.016,0.0012049315264448524,0.0010216038208454847,0.02281220629811287,,,1757037390.2259622
"(None, None)",40.958886,29.1357976,-0.016,0.0012049315264448524,0.0010216038208454847,0.02281220629811287,,,1757037390.3579245
"(None, None)",40.958886,29.1357976,-0.016,0.0012049315264448524,0.0010216038208454847,0.02281220629811287,,,1757037390.493936
"(None, None)",40.958886,29.1357976,-0.016,0.0012049315264448524,0.0010216038208454847,0.02281220629811287,,,1757037390.62599
"(None, None)",40.958886,29.1357976,-0.016,0.0012049315264448524,0.0010216038208454847,0.02281220629811287,,,1757037390.7578452
"(None, None)",40.958886,29.1357976,-0.016,0.0012049315264448524,0.0010216038208454847,0.02281220629811287,,,1757037390.8938816
"(None, None)",40.958886,29.1357976,-0.016,0.0012049315264448524,0.0010216038208454847,0.02281220629811287,,,1757037391.0258694
"(None, None)",40.958886,29.1357976,-0.016,0.0012049315264448524,0.0010216038208454847,0.02281220629811287,,,1757037391.1619363
"(None, None)",40.958886,29.1357976,-0.016,0.0012049315264448524,0.0010216038208454847,0.02281220629811287,,,1757037391.2939653
"(None, None)",40.958886,29.1357976,-0.016,0.0012049315264448524,0.0010216038208454847,0.02281220629811287,,,1757037391.4258256
"(None, None)",40.958886,29.1357976,-0.016,0.0012049315264448524,0.0010216038208454847,0.02281220629811287,,,1757037391.5621433
"(None, None)",40.958886,29.1357976,-0.016,0.0012049315264448524,0.0010216038208454847,0.02281220629811287,,,1757037391.6941562
"(None, None)",40.958886,29.1357976,-0.016,0.0012049315264448524,0.0010216038208454847,0.02281220629811287,,,1757037391.830077
"(None, None)",40.958886,29.1357976,-0.016,0.0012049315264448524,0.0010216038208454847,0.02281220629811287,,,1757037391.961881
"(None, None)",40.958886,29.1357976,-0.016,0.0012049315264448524,0.0010216038208454847,0.02281220629811287,,,1757037392.0941067
"(None, None)",40.958886,29.1357976,-0.016,0.0012049315264448524,0.0010216038208454847,0.02281220629811287,,,1757037392.2300913
"(None, None)",40.958886,29.1357976,-0.016,0.0012049315264448524,0.0010216038208454847,0.02281220629811287,,,1757037392.361712
"(None, None)",40.958886,29.1357976,-0.016,0.0012049315264448524,0.0010216038208454847,0.02281220629811287,,,1757037392.4938514
"(None, None)",40.958886,29.1357976,-0.016,0.0012049315264448524,0.0010216038208454847,0.02281220629811287,,,1757037392.630005
"(None, None)",40.958886,29.1357976,-0.016,0.0012049315264448524,0.0010216038208454847,0.02281220629811287,,,1757037392.7619612
"(None, None)",40.958886,29.1357976,-0.016,0.0012049315264448524,0.0010216038208454847,0.02281220629811287,,,1757037392.89812
"(None, None)",40.958886,29.1357976,-0.016,0.0012049315264448524,0.0010216038208454847,0.02281220629811287,,,1757037393.0300293
"(None, None)",40.958886,29.1357976,-0.016,0.0012049315264448524,0.0010216038208454847,0.02281220629811287,,,1757037393.161795
"(None, None)",40.958886,29.1357976,-0.016,0.0012049315264448524,0.0010216038208454847,0.02281220629811287,,,1757037393.2980568
"(None, None)",40.958886,29.1357976,-0.016,0.0012049315264448524,0.0010216038208454847,0.02281220629811287,,,1757037393.4301324
"(None, None)",40.958886,29.1357976,-0.016,0.0012049315264448524,0.0010216038208454847,0.02281220629811287,,,1757037393.5617726
"(None, None)",40.958886,29.1357976,-0.016,0.0012049315264448524,0.0010216038208454847,0.02281220629811287,,,1757037393.6979606
"(None, None)",40.958886,29.1357976,-0.016,0.0012049315264448524,0.0010216038208454847,0.02281220629811287,,,1757037393.8301077
"(None, None)",40.958886,29.1357976,-0.016,0.0012049315264448524,0.0010216038208454847,0.02281220629811287,,,1757037393.9706535
"(None, None)",40.958886,29.1357976,-0.016,0.0012049315264448524,0.0010216038208454847,0.02281220629811287,,,1757037394.097847
"(None, None)",40.958886,29.1357976,-0.016,0.0012049315264448524,0.0010216038208454847,0.02281220629811287,,,1757037394.2298033
"(None, None)",40.958886,29.1357976,-0.016,0.0012049315264448524,0.0010216038208454847,0.02281220629811287,,,1757037394.3657122
"(None, None)",40.958886,29.1357976,-0.016,0.0012049315264448524,0.0010216038208454847,0.02281220629811287,,,1757037394.4980147
"(None, None)",40.958886,29.1357976,-0.016,0.0012049315264448524,0.0010216038208454847,0.02281220629811287,,,1757037394.6300857
"(None, None)",40.958886,29.1357976,-0.016,0.0012049315264448524,0.0010216038208454847,0.02281220629811287,,,1757037394.7662156
"(None, None)",40.958886,29.1357976,-0.016,0.0012049315264448524,0.0010216038208454847,0.02281220629811287,,,1757037394.897991
"(None, None)",40.958886,29.1357976,-0.016,0.0012049315264448524,0.0010216038208454847,0.02281220629811287,,,1757037395.0339534
"(None, None)",40.958886,29.1357976,-0.016,0.0012049315264448524,0.0010216038208454847,0.02281220629811287,,,1757037395.1660895
"(None, None)",40.958886,29.1357976,-0.016,0.0012049315264448524,0.0010216038208454847,0.02281220629811287,,,1757037395.2979975
"(None, None)",40.958886,29.1357976,-0.016,0.0012049315264448524,0.0010216038208454847,0.02281220629811287,,,1757037395.4340694
"(None, None)",40.958886,29.1357976,-0.016,0.0012049315264448524,0.0010216038208454847,0.02281220629811287,,,1757037395.5659432
"(None, None)",40.958886,29.1357976,-0.016,0.0012049315264448524,0.0010216038208454847,0.02281220629811287,,,1757037395.697934
"(None, None)",40.958886,29.1357976,-0.016,0.0012049315264448524,0.0010216038208454847,0.02281220629811287,,,1757037395.83392
"(None, None)",40.958886,29.1357976,-0.016,0.0012049315264448524,0.0010216038208454847,0.02281220629811287,,,1757037395.965814
"(None, None)",40.958886,29.1357976,-0.016,0.0012049315264448524,0.0010216038208454847,0.02281220629811287,,,1757037396.101879
"(None, None)",40.958886,29.1357976,-0.016,0.0012049315264448524,0.0010216038208454847,0.02281220629811287,,,1757037396.233853
"(None, None)",40.958886,29.1357976,-0.016,0.0012049315264448524,0.0010216038208454847,0.02281220629811287,,,1757037396.3657598
"(None, None)",40.958886,29.1357976,-0.016,0.0012049315264448524,0.0010216038208454847,0.02281220629811287,,,1757037396.5017345
"(None, None)",40.958886,29.1357976,-0.016,0.0012049315264448524,0.0010216038208454847,0.02281220629811287,,,1757037396.6340103
"(None, None)",40.958886,29.1357976,-0.016,0.0012049315264448524,0.0010216038208454847,0.02281220629811287,,,1757037396.7659492
"(None, None)",40.958886,29.1357976,-0.016,0.0012049315264448524,0.0010216038208454847,0.02281220629811287,,,1757037396.9019976
"(None, None)",40.958886,29.1357976,-0.016,0.0012049315264448524,0.0010216038208454847,0.02281220629811287,,,1757037397.033854
"(None, None)",40.958886,29.1357976,-0.016,0.0012049315264448524,0.0010216038208454847,0.02281220629811287,,,1757037397.169807
"(None, None)",40.958886,29.1357976,-0.016,0.0012049315264448524,0.0010216038208454847,0.02281220629811287,,,1757037397.301662
"(None, None)",40.958886,29.1357976,-0.016,0.0012049315264448524,0.0010216038208454847,0.02281220629811287,,,1757037397.4339793
"(None, None)",40.958886,29.1357976,-0.016,0.0012049315264448524,0.0010216038208454847,0.02281220629811287,,,1757037397.5698853
"(None, None)",40.958886,29.1357976,-0.016,0.0012049315264448524,0.0010216038208454847,0.02281220629811287,,,1757037397.7020133
"(None, None)",40.958886,29.1357976,-0.016,0.0012049315264448524,0.0010216038208454847,0.02281220629811287,,,1757037397.837879
"(None, None)",40.958886,29.1357976,-0.016,0.0012049315264448524,0.0010216038208454847,0.02281220629811287,,,1757037397.9698505
"(None, None)",40.958886,29.1357976,-0.016,0.0012049315264448524,0.0010216038208454847,0.02281220629811287,,,1757037398.1018944
"(None, None)",40.958886,29.1357976,-0.016,0.0012049315264448524,0.0010216038208454847,0.02281220629811287,,,1757037398.2381384
"(None, None)",40.958886,29.1357976,-0.016,0.0012049315264448524,0.0010216038208454847,0.02281220629811287,,,1757037398.369869
"(None, None)",40.958886,29.1357976,-0.016,0.0012049315264448524,0.0010216038208454847,0.02281220629811287,,,1757037398.502038
"(None, None)",40.958886,29.1357976,-0.016,0.0012049315264448524,0.0010216038208454847,0.02281220629811287,,,1757037398.637967
"(None, None)",40.958886,29.1357976,-0.016,0.0012049315264448524,0.0010216038208454847,0.02281220629811287,,,1757037398.7700336
"(None, None)",40.958886,29.1357976,-0.016,0.0012049315264448524,0.0010216038208454847,0.02281220629811287,,,1757037398.9057684
"(None, None)",40.958886,29.1357976,-0.016,0.0012049315264448524,0.0010216038208454847,0.02281220629811287,,,1757037399.03783
"(None, None)",40.958886,29.1357976,-0.016,0.0012049315264448524,0.0010216038208454847,0.02281220629811287,,,1757037399.1698847
"(None, None)",40.958886,29.1357976,-0.016,0.0012049315264448524,0.0010216038208454847,0.02281220629811287,,,1757037399.3058293
"(None, None)",40.958886,29.1357976,-0.016,0.0012049315264448524,0.0010216038208454847,0.02281220629811287,,,1757037399.4380054
"(None, None)",40.958886,29.1357976,-0.016,0.0012049315264448524,0.0010216038208454847,0.02281220629811287,,,1757037399.5698829
"(None, None)",40.958886,29.1357976,-0.016,0.0012049315264448524,0.0010216038208454847,0.02281220629811287,,,1757037399.7061043
"(None, None)",40.958886,29.1357976,-0.016,0.0012049315264448524,0.0010216038208454847,0.02281220629811287,,,1757037399.8379931
"(None, None)",40.958886,29.1357976,-0.016,0.0012049315264448524,0.0010216038208454847,0.02281220629811287,,,1757037399.973791
"(None, None)",40.958886,29.1357976,-0.016,0.0012049315264448524,0.0010216038208454847,0.02281220629811287,,,1757037400.1058955
"(None, None)",40.958886,29.1357976,-0.016,0.0012049315264448524,0.0010216038208454847,0.02281220629811287,,,1757037400.2380586
"(None, None)",40.958886,29.1357976,-0.016,0.0012049315264448524,0.0010216038208454847,0.02281220629811287,,,1757037400.3736858
"(None, None)",40.958886,29.1357976,-0.016,0.0012049315264448524,0.0010216038208454847,0.02281220629811287,,,1757037400.506204
"(None, None)",40.958886,29.1357976,-0.016,0.0012049315264448524,0.0010216038208454847,0.02281220629811287,,,1757037400.6380396
"(None, None)",40.958886,29.1357976,-0.016,0.0012049315264448524,0.0010216038208454847,0.02281220629811287,,,1757037400.7737813
"(None, None)",40.958886,29.1357976,-0.016,0.0012049315264448524,0.0010216038208454847,0.02281220629811287,,,1757037400.9058933
"(None, None)",40.958886,29.1357976,-0.016,0.0012049315264448524,0.0010216038208454847,0.02281220629811287,,,1757037401.0418599
"(None, None)",40.958886,29.1357976,-0.016,0.0012049315264448524,0.0010216038208454847,0.02281220629811287,,,1757037401.1738958
"(None, None)",40.958886,29.1357976,-0.016,0.0012049315264448524,0.0010216038208454847,0.02281220629811287,,,1757037401.305711
"(None, None)",40.958886,29.1357976,-0.016,0.0012049315264448524,0.0010216038208454847,0.02281220629811287,,,1757037401.4419649
"(None, None)",40.958886,29.1357976,-0.016,0.0012049315264448524,0.0010216038208454847,0.02281220629811287,,,1757037401.5738344
"(None, None)",40.958886,29.1357976,-0.016,0.0012049315264448524,0.0010216038208454847,0.02281220629811287,,,1757037401.705899
"(None, None)",40.958886,29.1357976,-0.016,0.0012049315264448524,0.0010216038208454847,0.02281220629811287,,,1757037401.8420253
"(None, None)",40.958886,29.1357976,-0.016,0.0012049315264448524,0.0010216038208454847,0.02281220629811287,,,1757037401.9737318
"(None, None)",40.958886,29.1357976,-0.016,0.0012049315264448524,0.0010216038208454847,0.02281220629811287,,,1757037402.1097806
"(None, None)",40.958886,29.1357976,-0.016,0.0012049315264448524,0.0010216038208454847,0.02281220629811287,,,1757037402.2418396
"(None, None)",40.958886,29.1357976,-0.016,0.0012049315264448524,0.0010216038208454847,0.02281220629811287,,,1757037402.3740451
"(None, None)",40.958886,29.1357976,-0.016,0.0012049315264448524,0.0010216038208454847,0.02281220629811287,,,1757037402.5100157
"(None, None)",40.958886,29.1357976,-0.016,0.0012049315264448524,0.0010216038208454847,0.02281220629811287,,,1757037402.6419442
"(None, None)",40.958886,29.1357976,-0.016,0.0012049315264448524,0.0010216038208454847,0.02281220629811287,,,1757037402.7739096
"(None, None)",40.958886,29.1357976,-0.016,0.0012049315264448524,0.0010216038208454847,0.02281220629811287,,,1757037402.9099889
"(None, None)",40.958886,29.1357976,-0.016,0.0012049315264448524,0.0010216038208454847,0.02281220629811287,,,1757037403.0418534
"(None, None)",40.958886,29.1357976,-0.016,0.0012049315264448524,0.0010216038208454847,0.02281220629811287,,,1757037403.1779273
"(None, None)",40.958886,29.1357976,-0.016,0.0012049315264448524,0.0010216038208454847,0.02281220629811287,,,1757037403.309924
"(None, None)",40.958886,29.1357976,-0.016,0.0012049315264448524,0.0010216038208454847,0.02281220629811287,,,1757037403.4418335
"(None, None)",40.958886,29.1357976,-0.016,0.0012049315264448524,0.0010216038208454847,0.02281220629811287,,,1757037403.5778406
"(None, None)",40.958886,29.1357976,-0.016,0.0012049315264448524,0.0010216038208454847,0.02281220629811287,,,1757037403.709841
"(None, None)",40.958886,29.1357976,-0.016,0.0012049315264448524,0.0010216038208454847,0.02281220629811287,,,1757037403.8457346
"(None, None)",40.958886,29.1357976,-0.016,0.0012049315264448524,0.0010216038208454847,0.02281220629811287,,,1757037403.978439
"(None, None)",40.958886,29.1357976,-0.016,0.0012049315264448524,0.0010216038208454847,0.02281220629811287,,,1757037404.1098447
"(None, None)",40.958886,29.1357976,-0.016,0.0012049315264448524,0.0010216038208454847,0.02281220629811287,,,1757037404.24574
"(None, None)",40.958886,29.1357976,-0.016,0.0012049315264448524,0.0010216038208454847,0.02281220629811287,,,1757037404.377952
"(None, None)",40.958886,29.1357976,-0.016,0.0012049315264448524,0.0010216038208454847,0.02281220629811287,,,1757037404.509823
"(None, None)",40.958886,29.1357976,-0.016,0.0012049315264448524,0.0010216038208454847,0.02281220629811287,,,1757037404.6457531
"(None, None)",40.958886,29.1357976,-0.016,0.0012049315264448524,0.0010216038208454847,0.02281220629811287,,,1757037404.7778578
"(None, None)",40.958886,29.1357976,-0.016,0.0012049315264448524,0.0010216038208454847,0.02281220629811287,,,1757037404.9139106
"(None, None)",40.958886,29.1357976,-0.016,0.0012049315264448524,0.0010216038208454847,0.02281220629811287,,,1757037405.0459032
"(None, None)",40.958886,29.1357976,-0.016,0.0012049315264448524,0.0010216038208454847,0.02281220629811287,,,1757037405.1779072
"(None, None)",40.958886,29.1357976,-0.016,0.0012049315264448524,0.0010216038208454847,0.02281220629811287,,,1757037405.313913
"(None, None)",40.958886,29.1357976,-0.016,0.0012049315264448524,0.0010216038208454847,0.02281220629811287,,,1757037405.445981
"(None, None)",40.958886,29.1357976,-0.016,0.0012049315264448524,0.0010216038208454847,0.02281220629811287,,,1757037405.5779033
"(None, None)",40.958886,29.1357976,-0.016,0.0012049315264448524,0.0010216038208454847,0.02281220629811287,,,1757037405.7137597
"(None, None)",40.958886,29.1357976,-0.016,0.0012049315264448524,0.0010216038208454847,0.02281220629811287,,,1757037405.8459568
"(None, None)",40.958886,29.1357976,-0.016,0.0012049315264448524,0.0010216038208454847,0.02281220629811287,,,1757037405.9819217
"(None, None)",40.958886,29.1357976,-0.016,0.0012049315264448524,0.0010216038208454847,0.02281220629811287,,,1757037406.1140597
"(None, None)",40.958886,29.1357976,-0.016,0.0012049315264448524,0.0010216038208454847,0.02281220629811287,,,1757037406.2459996
"(None, None)",40.958886,29.1357976,-0.016,0.0012049315264448524,0.0010216038208454847,0.02281220629811287,,,1757037406.3819454
"(None, None)",40.958886,29.1357976,-0.016,0.0012049315264448524,0.0010216038208454847,0.02281220629811287,,,1757037406.5139098
"(None, None)",40.958886,29.1357976,-0.016,0.0012049315264448524,0.0010216038208454847,0.02281220629811287,,,1757037406.6461947
"(None, None)",40.958886,29.1357976,-0.016,0.0012049315264448524,0.0010216038208454847,0.02281220629811287,,,1757037406.782095
"(None, None)",40.958886,29.1357976,-0.016,0.0012049315264448524,0.0010216038208454847,0.02281220629811287,,,1757037406.914208
"(None, None)",40.958886,29.1357976,-0.016,0.0012049315264448524,0.0010216038208454847,0.02281220629811287,,,1757037407.0501888
"(None, None)",40.958886,29.1357976,-0.016,0.0012049315264448524,0.0010216038208454847,0.02281220629811287,,,1757037407.1821752
"(None, None)",40.958886,29.1357976,-0.016,0.0012049315264448524,0.0010216038208454847,0.02281220629811287,,,1757037407.3140113
"(None, None)",40.958886,29.1357976,-0.016,0.0012049315264448524,0.0010216038208454847,0.02281220629811287,,,1757037407.449861
"(None, None)",40.958886,29.1357976,-0.016,0.0012049315264448524,0.0010216038208454847,0.02281220629811287,,,1757037407.5817397
"(None, None)",40.958886,29.1357976,-0.016,0.0012049315264448524,0.0010216038208454847,0.02281220629811287,,,1757037407.7136898
"(None, None)",40.958886,29.1357976,-0.016,0.0012049315264448524,0.0010216038208454847,0.02281220629811287,,,1757037407.8498435
"(None, None)",40.958886,29.1357976,-0.016,0.0012049315264448524,0.0010216038208454847,0.02281220629811287,,,1757037407.9818387
"(None, None)",40.958886,29.1357976,-0.016,0.0012049315264448524,0.0010216038208454847,0.02281220629811287,,,1757037408.118005
"(None, None)",40.958886,29.1357976,-0.016,0.0012049315264448524,0.0010216038208454847,0.02281220629811287,,,1757037408.2501404
"(None, None)",40.958886,29.1357976,-0.016,0.0012049315264448524,0.0010216038208454847,0.02281220629811287,,,1757037408.3818648
"(None, None)",40.958886,29.1357976,-0.016,0.0012049315264448524,0.0010216038208454847,0.02281220629811287,,,1757037408.5178912
"(None, None)",40.958886,29.1357976,-0.016,0.0012049315264448524,0.0010216038208454847,0.02281220629811287,,,1757037408.6497679
"(None, None)",40.958886,29.1357976,-0.016,0.0012049315264448524,0.0010216038208454847,0.02281220629811287,,,1757037408.7819161
"(None, None)",40.958886,29.1357976,-0.016,0.0012049315264448524,0.0010216038208454847,0.02281220629811287,,,1757037408.9178185
"(None, None)",40.958886,29.1357976,-0.016,0.0012049315264448524,0.0010216038208454847,0.02281220629811287,,,1757037409.0496857
"(None, None)",40.958886,29.1357976,-0.016,0.0012049315264448524,0.0010216038208454847,0.02281220629811287,,,1757037409.1858482
"(None, None)",40.958886,29.1357976,-0.016,0.0012049315264448524,0.0010216038208454847,0.02281220629811287,,,1757037409.3181045
"(None, None)",40.958886,29.1357976,-0.016,0.0012049315264448524,0.0010216038208454847,0.02281220629811287,,,1757037409.4497342
"(None, None)",40.958886,29.1357976,-0.016,0.0012049315264448524,0.0010216038208454847,0.02281220629811287,,,1757037409.585796
"(None, None)",40.958886,29.1357976,-0.016,0.0012049315264448524,0.0010216038208454847,0.02281220629811287,,,1757037409.717762
"(None, None)",40.958886,29.1357976,-0.016,0.0012049315264448524,0.0010216038208454847,0.02281220629811287,,,1757037409.8539271
"(None, None)",40.958886,29.1357976,-0.016,0.0012049315264448524,0.0010216038208454847,0.02281220629811287,,,1757037409.9858096
"(None, None)",40.958886,29.1357976,-0.016,0.0012049315264448524,0.0010216038208454847,0.02281220629811287,,,1757037410.1179965
"(None, None)",40.958886,29.1357976,-0.016,0.0012049315264448524,0.0010216038208454847,0.02281220629811287,,,1757037410.2539158
"(None, None)",40.958886,29.1357976,-0.016,0.0012049315264448524,0.0010216038208454847,0.02281220629811287,,,1757037410.3860304
"(None, None)",40.958886,29.1357976,-0.016,0.0012049315264448524,0.0010216038208454847,0.02281220629811287,,,1757037410.5181193
"(None, None)",40.958886,29.1357976,-0.016,0.0012049315264448524,0.0010216038208454847,0.02281220629811287,,,1757037410.6538005
"(None, None)",40.958886,29.1357976,-0.016,0.0012049315264448524,0.0010216038208454847,0.02281220629811287,,,1757037410.7860005
"(None, None)",40.958886,29.1357976,-0.016,0.0012049315264448524,0.0010216038208454847,0.02281220629811287,,,1757037410.9218528
"(None, None)",40.958886,29.1357976,-0.016,0.0012049315264448524,0.0010216038208454847,0.02281220629811287,,,1757037411.053826
"(None, None)",40.958886,29.1357976,-0.016,0.0012049315264448524,0.0010216038208454847,0.02281220629811287,,,1757037411.185799
"(None, None)",40.958886,29.1357976,-0.016,0.0012049315264448524,0.0010216038208454847,0.02281220629811287,,,1757037411.3221014
"(None, None)",40.958886,29.1357976,-0.016,0.0012049315264448524,0.0010216038208454847,0.02281220629811287,,,1757037411.4539297
"(None, None)",40.958886,29.1357976,-0.016,0.0012049315264448524,0.0010216038208454847,0.02281220629811287,,,1757037411.585834
"(None, None)",40.958886,29.1357976,-0.016,0.0012049315264448524,0.0010216038208454847,0.02281220629811287,,,1757037411.7219834
"(None, None)",40.958886,29.1357976,-0.016,0.0012049315264448524,0.0010216038208454847,0.02281220629811287,,,1757037411.8539557
"(None, None)",40.958886,29.1357976,-0.016,0.0012049315264448524,0.0010216038208454847,0.02281220629811287,,,1757037411.9900937
"(None, None)",40.958886,29.1357976,-0.016,0.0012049315264448524,0.0010216038208454847,0.02281220629811287,,,1757037412.1218605
"(None, None)",40.958886,29.1357976,-0.016,0.0012049315264448524,0.0010216038208454847,0.02281220629811287,,,1757037412.2538388
"(None, None)",40.958886,29.1357976,-0.016,0.0012049315264448524,0.0010216038208454847,0.02281220629811287,,,1757037412.3897324
"(None, None)",40.958886,29.1357976,-0.016,0.0012049315264448524,0.0010216038208454847,0.02281220629811287,,,1757037412.5217328
"(None, None)",40.958886,29.1357976,-0.016,0.0012049315264448524,0.0010216038208454847,0.02281220629811287,,,1757037412.653807
"(None, None)",40.958886,29.1357976,-0.016,0.0012049315264448524,0.0010216038208454847,0.02281220629811287,,,1757037412.7898762
"(None, None)",40.958886,29.1357976,-0.016,0.0012049315264448524,0.0010216038208454847,0.02281220629811287,,,1757037412.9219704
"(None, None)",40.958886,29.1357976,-0.016,0.0012049315264448524,0.0010216038208454847,0.02281220629811287,,,1757037413.0576813
"(None, None)",40.958886,29.1357976,-0.016,0.0012049315264448524,0.0010216038208454847,0.02281220629811287,,,1757037413.1897972
"(None, None)",40.958886,29.1357976,-0.016,0.0012049315264448524,0.0010216038208454847,0.02281220629811287,,,1757037413.3219044
"(None, None)",40.958886,29.1357976,-0.016,0.0012049315264448524,0.0010216038208454847,0.02281220629811287,,,1757037413.457952
"(None, None)",40.958886,29.1357976,-0.016,0.0012049315264448524,0.0010216038208454847,0.02281220629811287,,,1757037413.5898774
"(None, None)",40.958886,29.1357976,-0.016,0.0012049315264448524,0.0010216038208454847,0.02281220629811287,,,1757037413.7220218
"(None, None)",40.958886,29.1357976,-0.016,0.0012049315264448524,0.0010216038208454847,0.02281220629811287,,,1757037413.857802
"(None, None)",40.958886,29.1357976,-0.016,0.0012049315264448524,0.0010216038208454847,0.02281220629811287,,,1757037413.9896867
"(None, None)",40.958886,29.1357976,-0.016,0.0012049315264448524,0.0010216038208454847,0.02281220629811287,,,1757037414.125942
"(None, None)",40.958886,29.1357976,-0.016,0.0012049315264448524,0.0010216038208454847,0.02281220629811287,,,1757037414.2578797
"(None, None)",40.958886,29.1357976,-0.016,0.0012049315264448524,0.0010216038208454847,0.02281220629811287,,,1757037414.3897636
"(None, None)",40.958886,29.1357976,-0.016,0.0012049315264448524,0.0010216038208454847,0.02281220629811287,,,1757037414.525876
"(None, None)",40.958886,29.1357976,-0.016,0.0012049315264448524,0.0010216038208454847,0.02281220629811287,,,1757037414.6578803
"(None, None)",40.958886,29.1357976,-0.016,0.0012049315264448524,0.0010216038208454847,0.02281220629811287,,,1757037414.7898626
"(None, None)",40.958886,29.1357976,-0.016,0.0012049315264448524,0.0010216038208454847,0.02281220629811287,,,1757037414.9265106
"(None, None)",40.958886,29.1357976,-0.016,0.0012049315264448524,0.0010216038208454847,0.02281220629811287,,,1757037415.0583403
"(None, None)",40.958886,29.1357976,-0.016,0.0012049315264448524,0.0010216038208454847,0.02281220629811287,,,1757037415.193752
"(None, None)",40.958886,29.1357976,-0.016,0.0012049315264448524,0.0010216038208454847,0.02281220629811287,,,1757037415.3257976
"(None, None)",40.958886,29.1357976,-0.016,0.0012049315264448524,0.0010216038208454847,0.02281220629811287,,,1757037415.457825
"(None, None)",40.958886,29.1357976,-0.016,0.0012049315264448524,0.0010216038208454847,0.02281220629811287,,,1757037415.5938437
"(None, None)",40.958886,29.1357976,-0.016,0.0012049315264448524,0.0010216038208454847,0.02281220629811287,,,1757037415.7259762
"(None, None)",40.958886,29.1357976,-0.016,0.0012049315264448524,0.0010216038208454847,0.02281220629811287,,,1757037415.8619366
"(None, None)",40.958886,29.1357976,-0.016,0.0012049315264448524,0.0010216038208454847,0.02281220629811287,,,1757037415.9936345
"(None, None)",40.958886,29.1357976,-0.016,0.0012049315264448524,0.0010216038208454847,0.02281220629811287,,,1757037416.1257865
"(None, None)",40.958886,29.1357976,-0.016,0.0012049315264448524,0.0010216038208454847,0.02281220629811287,,,1757037416.261743
"(None, None)",40.958886,29.1357976,-0.016,0.0012049315264448524,0.0010216038208454847,0.02281220629811287,,,1757037416.3938117
"(None, None)",40.958886,29.1357976,-0.016,0.0012049315264448524,0.0010216038208454847,0.02281220629811287,,,1757037416.5258403
"(None, None)",40.958886,29.1357976,-0.016,0.0012049315264448524,0.0010216038208454847,0.02281220629811287,,,1757037416.661897
"(None, None)",40.958886,29.1357976,-0.016,0.0012049315264448524,0.0010216038208454847,0.02281220629811287,,,1757037416.7939146
"(None, None)",40.958886,29.1357976,-0.016,0.0012049315264448524,0.0010216038208454847,0.02281220629811287,,,1757037416.9297657
"(None, None)",40.958886,29.1357976,-0.016,0.0012049315264448524,0.0010216038208454847,0.02281220629811287,,,1757037417.0617318
"(None, None)",40.958886,29.1357976,-0.016,0.0012049315264448524,0.0010216038208454847,0.02281220629811287,,,1757037417.1937013
"(None, None)",40.958886,29.1357976,-0.016,0.0012049315264448524,0.0010216038208454847,0.02281220629811287,,,1757037417.3298128
"(None, None)",40.958886,29.1357976,-0.016,0.0012049315264448524,0.0010216038208454847,0.02281220629811287,,,1757037417.4619622
"(None, None)",40.958886,29.1357976,-0.016,0.0012049315264448524,0.0010216038208454847,0.02281220629811287,,,1757037417.593916
"(None, None)",40.958886,29.1357976,-0.016,0.0012049315264448524,0.0010216038208454847,0.02281220629811287,,,1757037417.7306018
"(None, None)",40.958886,29.1357976,-0.016,0.0012049315264448524,0.0010216038208454847,0.02281220629811287,,,1757037417.8617628
"(None, None)",40.958886,29.1357976,-0.016,0.0012049315264448524,0.0010216038208454847,0.02281220629811287,,,1757037417.9979596
"(None, None)",40.958886,29.1357976,-0.016,0.0012049315264448524,0.0010216038208454847,0.02281220629811287,,,1757037418.1298544
"(None, None)",40.958886,29.1357976,-0.016,0.0012049315264448524,0.0010216038208454847,0.02281220629811287,,,1757037418.2618036
"(None, None)",40.958886,29.1357976,-0.016,0.0012049315264448524,0.0010216038208454847,0.02281220629811287,,,1757037418.3979704
"(None, None)",40.958886,29.1357976,-0.016,0.0012049315264448524,0.0010216038208454847,0.02281220629811287,,,1757037418.5298696
"(None, None)",40.958886,29.1357976,-0.016,0.0012049315264448524,0.0010216038208454847,0.02281220629811287,,,1757037418.661795
"(None, None)",40.958886,29.1357976,-0.016,0.0012049315264448524,0.0010216038208454847,0.02281220629811287,,,1757037418.7978094
"(None, None)",40.958886,29.1357976,-0.016,0.0012049315264448524,0.0010216038208454847,0.02281220629811287,,,1757037418.9298
"(None, None)",40.958886,29.1357976,-0.016,0.0012049315264448524,0.0010216038208454847,0.02281220629811287,,,1757037419.065939
"(None, None)",40.958886,29.1357976,-0.016,0.0012049315264448524,0.0010216038208454847,0.02281220629811287,,,1757037419.197693
"(None, None)",40.958886,29.1357976,-0.016,0.0012049315264448524,0.0010216038208454847,0.02281220629811287,,,1757037419.3300505
"(None, None)",40.958886,29.1357976,-0.016,0.0012049315264448524,0.0010216038208454847,0.02281220629811287,,,1757037419.465829
"(None, None)",40.958886,29.1357976,-0.016,0.0012049315264448524,0.0010216038208454847,0.02281220629811287,,,1757037419.5979414
"(None, None)",40.958886,29.1357976,-0.016,0.0012049315264448524,0.0010216038208454847,0.02281220629811287,,,1757037419.7299442
"(None, None)",40.958886,29.1357976,-0.016,0.0012049315264448524,0.0010216038208454847,0.02281220629811287,,,1757037419.8658385
"(None, None)",40.958886,29.1357976,-0.016,0.0012049315264448524,0.0010216038208454847,0.02281220629811287,,,1757037419.9981346
"(None, None)",40.958886,29.1357976,-0.016,0.0012049315264448524,0.0010216038208454847,0.02281220629811287,,,1757037420.1338248
"(None, None)",40.958886,29.1357976,-0.016,0.0012049315264448524,0.0010216038208454847,0.02281220629811287,,,1757037420.2658134
"(None, None)",40.958886,29.1357976,-0.016,0.0012049315264448524,0.0010216038208454847,0.02281220629811287,,,1757037420.3983235
"(None, None)",40.958886,29.1357976,-0.016,0.0012049315264448524,0.0010216038208454847,0.02281220629811287,,,1757037420.534316
"(None, None)",40.958886,29.1357976,-0.016,0.0012049315264448524,0.0010216038208454847,0.02281220629811287,,,1757037420.665912
"(None, None)",40.958886,29.1357976,-0.016,0.0012049315264448524,0.0010216038208454847,0.02281220629811287,,,1757037420.7979853
"(None, None)",40.958886,29.1357976,-0.016,0.0012049315264448524,0.0010216038208454847,0.02281220629811287,,,1757037420.9339938
"(None, None)",40.958886,29.1357976,-0.016,0.0012049315264448524,0.0010216038208454847,0.02281220629811287,,,1757037421.065918
"(None, None)",40.958886,29.1357976,-0.016,0.0012049315264448524,0.0010216038208454847,0.02281220629811287,,,1757037421.2021122
"(None, None)",40.958886,29.1357976,-0.016,0.0012049315264448524,0.0010216038208454847,0.02281220629811287,,,1757037421.3341768
"(None, None)",40.958886,29.1357976,-0.016,0.0012049315264448524,0.0010216038208454847,0.02281220629811287,,,1757037421.4660053
"(None, None)",40.958886,29.1357976,-0.016,0.0012049315264448524,0.0010216038208454847,0.02281220629811287,,,1757037421.6017687
"(None, None)",40.958886,29.1357976,-0.016,0.0012049315264448524,0.0010216038208454847,0.02281220629811287,,,1757037421.7340043
"(None, None)",40.958886,29.1357976,-0.016,0.0012049315264448524,0.0010216038208454847,0.02281220629811287,,,1757037421.865807
"(None, None)",40.958886,29.1357976,-0.016,0.0012049315264448524,0.0010216038208454847,0.02281220629811287,,,1757037422.0019498
"(None, None)",40.958886,29.1357976,-0.016,0.0012049315264448524,0.0010216038208454847,0.02281220629811287,,,1757037422.134145
"(None, None)",40.958886,29.1357976,-0.016,0.0012049315264448524,0.0010216038208454847,0.02281220629811287,,,1757037422.269948
"(None, None)",40.958886,29.1357976,-0.016,0.0012049315264448524,0.0010216038208454847,0.02281220629811287,,,1757037422.4018936
"(None, None)",40.958886,29.1357976,-0.016,0.0012049315264448524,0.0010216038208454847,0.02281220629811287,,,1757037422.5339553
"(None, None)",40.958886,29.1357976,-0.016,0.0012049315264448524,0.0010216038208454847,0.02281220629811287,,,1757037422.6698346
"(None, None)",40.958886,29.1357976,-0.016,0.0012049315264448524,0.0010216038208454847,0.02281220629811287,,,1757037422.8019578
"(None, None)",40.958886,29.1357976,-0.016,0.0012049315264448524,0.0010216038208454847,0.02281220629811287,,,1757037422.9378042
"(None, None)",40.958886,29.1357976,-0.016,0.0012049315264448524,0.0010216038208454847,0.02281220629811287,,,1757037423.0699291
"(None, None)",40.958886,29.1357976,-0.016,0.0012049315264448524,0.0010216038208454847,0.02281220629811287,,,1757037423.2018802
"(None, None)",40.958886,29.1357976,-0.016,0.0012049315264448524,0.0010216038208454847,0.02281220629811287,,,1757037423.3378506
"(None, None)",40.958886,29.1357976,-0.016,0.0012049315264448524,0.0010216038208454847,0.02281220629811287,,,1757037423.4700153
"(None, None)",40.958886,29.1357976,-0.016,0.0012049315264448524,0.0010216038208454847,0.02281220629811287,,,1757037423.6020439
"(None, None)",40.958886,29.1357976,-0.016,0.0012049315264448524,0.0010216038208454847,0.02281220629811287,,,1757037423.7379544
"(None, None)",40.958886,29.1357976,-0.016,0.0012049315264448524,0.0010216038208454847,0.02281220629811287,,,1757037423.870044
"(None, None)",40.958886,29.1357976,-0.016,0.0012049315264448524,0.0010216038208454847,0.02281220629811287,,,1757037424.0062032
"(None, None)",40.958886,29.1357976,-0.016,0.0012049315264448524,0.0010216038208454847,0.02281220629811287,,,1757037424.1379611
"(None, None)",40.958886,29.1357976,-0.016,0.0012049315264448524,0.0010216038208454847,0.02281220629811287,,,1757037424.2699187
"(None, None)",40.958886,29.1357976,-0.016,0.0012049315264448524,0.0010216038208454847,0.02281220629811287,,,1757037424.4058003
"(None, None)",40.958886,29.1357976,-0.016,0.0012049315264448524,0.0010216038208454847,0.02281220629811287,,,1757037424.5379057
"(None, None)",40.958886,29.1357976,-0.016,0.0012049315264448524,0.0010216038208454847,0.02281220629811287,,,1757037424.6700811
"(None, None)",40.958886,29.1357976,-0.016,0.0012049315264448524,0.0010216038208454847,0.02281220629811287,,,1757037424.8057215
"(None, None)",40.958886,29.1357976,-0.016,0.0012049315264448524,0.0010216038208454847,0.02281220629811287,,,1757037424.937796
"(None, None)",40.958886,29.1357976,-0.016,0.0012049315264448524,0.0010216038208454847,0.02281220629811287,,,1757037425.0737932
"(None, None)",40.958886,29.1357976,-0.016,0.0012049315264448524,0.0010216038208454847,0.02281220629811287,,,1757037425.206057
"(None, None)",40.958886,29.1357976,-0.016,0.0012049315264448524,0.0010216038208454847,0.02281220629811287,,,1757037425.337984
"(None, None)",40.958886,29.1357976,-0.016,0.0012049315264448524,0.0010216038208454847,0.02281220629811287,,,1757037425.4736688
"(None, None)",40.958886,29.1357976,-0.016,0.0012049315264448524,0.0010216038208454847,0.02281220629811287,,,1757037425.6058106
"(None, None)",40.958886,29.1357976,-0.016,0.0012049315264448524,0.0010216038208454847,0.02281220629811287,,,1757037425.7376578
"(None, None)",40.958886,29.1357976,-0.016,0.0012049315264448524,0.0010216038208454847,0.02281220629811287,,,1757037425.8739376
"(None, None)",40.958886,29.1357976,-0.016,0.0012049315264448524,0.0010216038208454847,0.02281220629811287,,,1757037426.0062547
"(None, None)",40.958886,29.1357976,-0.016,0.0012049315264448524,0.0010216038208454847,0.02281220629811287,,,1757037426.142202
"(None, None)",40.958886,29.1357976,-0.016,0.0012049315264448524,0.0010216038208454847,0.02281220629811287,,,1757037426.2740061
"(None, None)",40.958886,29.1357976,-0.016,0.0012049315264448524,0.0010216038208454847,0.02281220629811287,,,1757037426.4057703
"(None, None)",40.958886,29.1357976,-0.016,0.0012049315264448524,0.0010216038208454847,0.02281220629811287,,,1757037426.5419216
"(None, None)",40.958886,29.1357976,-0.016,0.0012049315264448524,0.0010216038208454847,0.02281220629811287,,,1757037426.6742013
"(None, None)",40.958886,29.1357976,-0.016,0.0012049315264448524,0.0010216038208454847,0.02281220629811287,,,1757037426.8057716
"(None, None)",40.958886,29.1357976,-0.016,0.0012049315264448524,0.0010216038208454847,0.02281220629811287,,,1757037426.9419758
"(None, None)",40.958886,29.1357976,-0.016,0.0012049315264448524,0.0010216038208454847,0.02281220629811287,,,1757037427.0738504
"(None, None)",40.958886,29.1357976,-0.016,0.0012049315264448524,0.0010216038208454847,0.02281220629811287,,,1757037427.209834
"(None, None)",40.958886,29.1357976,-0.016,0.0012049315264448524,0.0010216038208454847,0.02281220629811287,,,1757037427.341901
"(None, None)",40.958886,29.1357976,-0.016,0.0012049315264448524,0.0010216038208454847,0.02281220629811287,,,1757037427.4739707
"(None, None)",40.958886,29.1357976,-0.016,0.0012049315264448524,0.0010216038208454847,0.02281220629811287,,,1757037427.6096923
"(None, None)",40.958886,29.1357976,-0.016,0.0012049315264448524,0.0010216038208454847,0.02281220629811287,,,1757037427.7415583
"(None, None)",40.958886,29.1357976,-0.016,0.0012049315264448524,0.0010216038208454847,0.02281220629811287,,,1757037427.8737793
"(None, None)",40.958886,29.1357976,-0.016,0.0012049315264448524,0.0010216038208454847,0.02281220629811287,,,1757037428.009969
"(None, None)",40.958886,29.1357976,-0.016,0.0012049315264448524,0.0010216038208454847,0.02281220629811287,,,1757037428.1417766
"(None, None)",40.958886,29.1357976,-0.016,0.0012049315264448524,0.0010216038208454847,0.02281220629811287,,,1757037428.2775927
"(None, None)",40.958886,29.1357976,-0.016,0.0012049315264448524,0.0010216038208454847,0.02281220629811287,,,1757037428.4098132
"(None, None)",40.958886,29.1357976,-0.016,0.0012049315264448524,0.0010216038208454847,0.02281220629811287,,,1757037428.5417883
"(None, None)",40.958886,29.1357976,-0.016,0.0012049315264448524,0.0010216038208454847,0.02281220629811287,,,1757037428.6779852
"(None, None)",40.958886,29.1357976,-0.016,0.0012049315264448524,0.0010216038208454847,0.02281220629811287,,,1757037428.809946
"(None, None)",40.958886,29.1357976,-0.016,0.0012049315264448524,0.0010216038208454847,0.02281220629811287,,,1757037428.9460812
"(None, None)",40.958886,29.1357976,-0.016,0.0012049315264448524,0.0010216038208454847,0.02281220629811287,,,1757037429.0780127
"(None, None)",40.958886,29.1357976,-0.016,0.0012049315264448524,0.0010216038208454847,0.02281220629811287,,,1757037429.209944
"(None, None)",40.958886,29.1357976,-0.016,0.0012049315264448524,0.0010216038208454847,0.02281220629811287,,,1757037429.3464074
"(None, None)",40.958886,29.1357976,-0.016,0.0012049315264448524,0.0010216038208454847,0.02281220629811287,,,1757037429.4780698
"(None, None)",40.958886,29.1357976,-0.016,0.0012049315264448524,0.0010216038208454847,0.02281220629811287,,,1757037429.6098564
"(None, None)",40.958886,29.1357976,-0.016,0.0012049315264448524,0.0010216038208454847,0.02281220629811287,,,1757037429.7466197
"(None, None)",40.958886,29.1357976,-0.016,0.0012049315264448524,0.0010216038208454847,0.02281220629811287,,,1757037429.8779366
"(None, None)",40.958886,29.1357976,-0.016,0.0012049315264448524,0.0010216038208454847,0.02281220629811287,,,1757037430.013873
"(None, None)",40.958886,29.1357976,-0.016,0.0012049315264448524,0.0010216038208454847,0.02281220629811287,,,1757037430.1463726
"(None, None)",40.958886,29.1357976,-0.016,0.0012049315264448524,0.0010216038208454847,0.02281220629811287,,,1757037430.2783735
"(None, None)",40.958886,29.1357976,-0.016,0.0012049315264448524,0.0010216038208454847,0.02281220629811287,,,1757037430.4139297
"(None, None)",40.958886,29.1357976,-0.016,0.0012049315264448524,0.0010216038208454847,0.02281220629811287,,,1757037430.5459943
"(None, None)",40.958886,29.1357976,-0.016,0.0012049315264448524,0.0010216038208454847,0.02281220629811287,,,1757037430.678068
"(None, None)",40.958886,29.1357976,-0.016,0.0012049315264448524,0.0010216038208454847,0.02281220629811287,,,1757037430.8139422
"(None, None)",40.958886,29.1357976,-0.016,0.0012049315264448524,0.0010216038208454847,0.02281220629811287,,,1757037430.9461586
"(None, None)",40.958886,29.1357976,-0.016,0.0012049315264448524,0.0010216038208454847,0.02281220629811287,,,1757037431.0819175
"(None, None)",40.958886,29.1357976,-0.016,0.0012049315264448524,0.0010216038208454847,0.02281220629811287,,,1757037431.2138522
"(None, None)",40.958886,29.1357976,-0.016,0.0012049315264448524,0.0010216038208454847,0.02281220629811287,,,1757037431.3459024
"(None, None)",40.958886,29.1357976,-0.016,0.0012049315264448524,0.0010216038208454847,0.02281220629811287,,,1757037431.4818783
"(None, None)",40.958886,29.1357976,-0.016,0.0012049315264448524,0.0010216038208454847,0.02281220629811287,,,1757037431.6137762
"(None, None)",40.958886,29.1357976,-0.016,0.0012049315264448524,0.0010216038208454847,0.02281220629811287,,,1757037431.7459998
"(None, None)",40.958886,29.1357976,-0.016,0.0012049315264448524,0.0010216038208454847,0.02281220629811287,,,1757037431.8817742
"(None, None)",40.958886,29.1357976,-0.016,0.0012049315264448524,0.0010216038208454847,0.02281220629811287,,,1757037432.0138633
"(None, None)",40.958886,29.1357976,-0.016,0.0012049315264448524,0.0010216038208454847,0.02281220629811287,,,1757037432.1498682
"(None, None)",40.958886,29.1357976,-0.016,0.0012049315264448524,0.0010216038208454847,0.02281220629811287,,,1757037432.2817903
"(None, None)",40.958886,29.1357976,-0.016,0.0012049315264448524,0.0010216038208454847,0.02281220629811287,,,1757037432.4138842
"(None, None)",40.958886,29.1357976,-0.016,0.0012049315264448524,0.0010216038208454847,0.02281220629811287,,,1757037432.5497727
"(None, None)",40.958886,29.1357976,-0.016,0.0012049315264448524,0.0010216038208454847,0.02281220629811287,,,1757037432.6818702
"(None, None)",40.958886,29.1357976,-0.016,0.0012049315264448524,0.0010216038208454847,0.02281220629811287,,,1757037432.8136988
"(None, None)",40.958886,29.1357976,-0.016,0.0012049315264448524,0.0010216038208454847,0.02281220629811287,,,1757037432.9498177
"(None, None)",40.958886,29.1357976,-0.016,0.0012049315264448524,0.0010216038208454847,0.02281220629811287,,,1757037433.0817666
"(None, None)",40.958886,29.1357976,-0.016,0.0012049315264448524,0.0010216038208454847,0.02281220629811287,,,1757037433.217803
"(None, None)",40.958886,29.1357976,-0.016,0.0012049315264448524,0.0010216038208454847,0.02281220629811287,,,1757037433.3499763
"(None, None)",40.958886,29.1357976,-0.016,0.0012049315264448524,0.0010216038208454847,0.02281220629811287,,,1757037433.4819727
"(None, None)",40.958886,29.1357976,-0.016,0.0012049315264448524,0.0010216038208454847,0.02281220629811287,,,1757037433.6178584
"(None, None)",40.958886,29.1357976,-0.016,0.0012049315264448524,0.0010216038208454847,0.02281220629811287,,,1757037433.7500505
"(None, None)",40.958886,29.1357976,-0.016,0.0012049315264448524,0.0010216038208454847,0.02281220629811287,,,1757037433.8819077
"(None, None)",40.958886,29.1357976,-0.016,0.0012049315264448524,0.0010216038208454847,0.02281220629811287,,,1757037434.018103
"(None, None)",40.958886,29.1357976,-0.016,0.0012049315264448524,0.0010216038208454847,0.02281220629811287,,,1757037434.1500018
"(None, None)",40.958886,29.1357976,-0.016,0.0012049315264448524,0.0010216038208454847,0.02281220629811287,,,1757037434.286026
"(None, None)",40.958886,29.1357976,-0.016,0.0012049315264448524,0.0010216038208454847,0.02281220629811287,,,1757037434.4179888
"(None, None)",40.958886,29.1357976,-0.016,0.0012049315264448524,0.0010216038208454847,0.02281220629811287,,,1757037434.549913
"(None, None)",40.958886,29.1357976,-0.016,0.0012049315264448524,0.0010216038208454847,0.02281220629811287,,,1757037434.685772
"(None, None)",40.958886,29.1357976,-0.016,0.0012049315264448524,0.0010216038208454847,0.02281220629811287,,,1757037434.8177874
"(None, None)",40.958886,29.1357976,-0.016,0.0012049315264448524,0.0010216038208454847,0.02281220629811287,,,1757037434.9592354
"(None, None)",40.958886,29.1357976,-0.016,0.0012049315264448524,0.0010216038208454847,0.02281220629811287,,,1757037435.0858696
"(None, None)",40.958886,29.1357976,-0.016,0.0012049315264448524,0.0010216038208454847,0.02281220629811287,,,1757037435.2180126
"(None, None)",40.958886,29.1357976,-0.016,0.0012049315264448524,0.0010216038208454847,0.02281220629811287,,,1757037435.3542886
"(None, None)",40.958886,29.1357976,-0.016,0.0012049315264448524,0.0010216038208454847,0.02281220629811287,,,1757037435.4858892
"(None, None)",40.958886,29.1357976,-0.016,0.0012049315264448524,0.0010216038208454847,0.02281220629811287,,,1757037435.6179013
"(None, None)",40.958886,29.1357976,-0.016,0.0012049315264448524,0.0010216038208454847,0.02281220629811287,,,1757037435.7538958
"(None, None)",40.958886,29.1357976,-0.016,0.0012049315264448524,0.0010216038208454847,0.02281220629811287,,,1757037435.8858528
"(None, None)",40.958886,29.1357976,-0.016,0.0012049315264448524,0.0010216038208454847,0.02281220629811287,,,1757037436.0218737
"(None, None)",40.958886,29.1357976,-0.016,0.0012049315264448524,0.0010216038208454847,0.02281220629811287,,,1757037436.1537776
"(None, None)",40.958886,29.1357976,-0.016,0.0012049315264448524,0.0010216038208454847,0.02281220629811287,,,1757037436.2859485
"(None, None)",40.958886,29.1357976,-0.016,0.0012049315264448524,0.0010216038208454847,0.02281220629811287,,,1757037436.421781
"(None, None)",40.958886,29.1357976,-0.016,0.0012049315264448524,0.0010216038208454847,0.02281220629811287,,,1757037436.5537758
"(None, None)",40.958886,29.1357976,-0.016,0.0012049315264448524,0.0010216038208454847,0.02281220629811287,,,1757037436.6858573
"(None, None)",40.958886,29.1357976,-0.016,0.0012049315264448524,0.0010216038208454847,0.02281220629811287,,,1757037436.8216555
"(None, None)",40.958886,29.1357976,-0.016,0.0012049315264448524,0.0010216038208454847,0.02281220629811287,,,1757037436.9544075
"(None, None)",40.958886,29.1357976,-0.016,0.0012049315264448524,0.0010216038208454847,0.02281220629811287,,,1757037437.0899856
"(None, None)",40.958886,29.1357976,-0.016,0.0012049315264448524,0.0010216038208454847,0.02281220629811287,,,1757037437.2217803
"(None, None)",40.958886,29.1357976,-0.016,0.0012049315264448524,0.0010216038208454847,0.02281220629811287,,,1757037437.3539193
"(None, None)",40.958886,29.1357976,-0.016,0.0012049315264448524,0.0010216038208454847,0.02281220629811287,,,1757037437.4899113
"(None, None)",40.958886,29.1357976,-0.016,0.0012049315264448524,0.0010216038208454847,0.02281220629811287,,,1757037437.6221375
"(None, None)",40.958886,29.1357976,-0.016,0.0012049315264448524,0.0010216038208454847,0.02281220629811287,,,1757037437.7541084
"(None, None)",40.958886,29.1357976,-0.016,0.0012049315264448524,0.0010216038208454847,0.02281220629811287,,,1757037437.890054
"(None, None)",40.958886,29.1357976,-0.016,0.0012049315264448524,0.0010216038208454847,0.02281220629811287,,,1757037438.0218978
"(None, None)",40.958886,29.1357976,-0.016,0.0012049315264448524,0.0010216038208454847,0.02281220629811287,,,1757037438.1579854
"(None, None)",40.958886,29.1357976,-0.016,0.0012049315264448524,0.0010216038208454847,0.02281220629811287,,,1757037438.289874
"(None, None)",40.958886,29.1357976,-0.016,0.0012049315264448524,0.0010216038208454847,0.02281220629811287,,,1757037438.4222727
"(None, None)",40.958886,29.1357976,-0.016,0.0012049315264448524,0.0010216038208454847,0.02281220629811287,,,1757037438.557825
"(None, None)",40.958886,29.1357976,-0.016,0.0012049315264448524,0.0010216038208454847,0.02281220629811287,,,1757037438.6898103
"(None, None)",40.958886,29.1357976,-0.016,0.0012049315264448524,0.0010216038208454847,0.02281220629811287,,,1757037438.8219388
"(None, None)",40.958886,29.1357976,-0.016,0.0012049315264448524,0.0010216038208454847,0.02281220629811287,,,1757037438.957888
"(None, None)",40.958886,29.1357976,-0.016,0.0012049315264448524,0.0010216038208454847,0.02281220629811287,,,1757037439.0897985
"(None, None)",40.958886,29.1357976,-0.016,0.0012049315264448524,0.0010216038208454847,0.02281220629811287,,,1757037439.2258976
"(None, None)",40.958886,29.1357976,-0.016,0.0012049315264448524,0.0010216038208454847,0.02281220629811287,,,1757037439.3577802
"(None, None)",40.958886,29.1357976,-0.016,0.0012049315264448524,0.0010216038208454847,0.02281220629811287,,,1757037439.4897773
"(None, None)",40.958886,29.1357976,-0.016,0.0012049315264448524,0.0010216038208454847,0.02281220629811287,,,1757037439.625857
"(None, None)",40.958886,29.1357976,-0.016,0.0012049315264448524,0.0010216038208454847,0.02281220629811287,,,1757037439.7585084
"(None, None)",40.958886,29.1357976,-0.016,0.0012049315264448524,0.0010216038208454847,0.02281220629811287,,,1757037439.889819
"(None, None)",40.958886,29.1357976,-0.016,0.0012049315264448524,0.0010216038208454847,0.02281220629811287,,,1757037440.0257943
"(None, None)",40.958886,29.1357976,-0.016,0.0012049315264448524,0.0010216038208454847,0.02281220629811287,,,1757037440.157929
"(None, None)",40.958886,29.1357976,-0.016,0.0012049315264448524,0.0010216038208454847,0.02281220629811287,,,1757037440.293826
"(None, None)",40.958886,29.1357976,-0.016,0.0012049315264448524,0.0010216038208454847,0.02281220629811287,,,1757037440.4259627
"(None, None)",40.958886,29.1357976,-0.016,0.0012049315264448524,0.0010216038208454847,0.02281220629811287,,,1757037440.5577362
"(None, None)",40.958886,29.1357976,-0.016,0.0012049315264448524,0.0010216038208454847,0.02281220629811287,,,1757037440.6937559
"(None, None)",40.958886,29.1357976,-0.016,0.0012049315264448524,0.0010216038208454847,0.02281220629811287,,,1757037440.8258715
"(None, None)",40.958886,29.1357976,-0.016,0.0012049315264448524,0.0010216038208454847,0.02281220629811287,,,1757037440.9618247
"(None, None)",40.958886,29.1357976,-0.016,0.0012049315264448524,0.0010216038208454847,0.02281220629811287,,,1757037441.0936816
"(None, None)",40.958886,29.1357976,-0.016,0.0012049315264448524,0.0010216038208454847,0.02281220629811287,,,1757037441.2258387
"(None, None)",40.958886,29.1357976,-0.016,0.0012049315264448524,0.0010216038208454847,0.02281220629811287,,,1757037441.3619602
"(None, None)",40.958886,29.1357976,-0.016,0.0012049315264448524,0.0010216038208454847,0.02281220629811287,,,1757037441.4938638
"(None, None)",40.958886,29.1357976,-0.016,0.0012049315264448524,0.0010216038208454847,0.02281220629811287,,,1757037441.626066
"(None, None)",40.958886,29.1357976,-0.016,0.0012049315264448524,0.0010216038208454847,0.02281220629811287,,,1757037441.762053
"(None, None)",40.958886,29.1357976,-0.016,0.0012049315264448524,0.0010216038208454847,0.02281220629811287,,,1757037441.894239
"(None, None)",40.958886,29.1357976,-0.016,0.0012049315264448524,0.0010216038208454847,0.02281220629811287,,,1757037442.0298355
"(None, None)",40.958886,29.1357976,-0.016,0.0012049315264448524,0.0010216038208454847,0.02281220629811287,,,1757037442.1618423
"(None, None)",40.958886,29.1357976,-0.016,0.0012049315264448524,0.0010216038208454847,0.02281220629811287,,,1757037442.2938027
"(None, None)",40.958886,29.1357976,-0.016,0.0012049315264448524,0.0010216038208454847,0.02281220629811287,,,1757037442.430049
"(None, None)",40.958886,29.1357976,-0.016,0.0012049315264448524,0.0010216038208454847,0.02281220629811287,,,1757037442.5617452
"(None, None)",40.958886,29.1357976,-0.016,0.0012049315264448524,0.0010216038208454847,0.02281220629811287,,,1757037442.6942594
"(None, None)",40.958886,29.1357976,-0.016,0.0012049315264448524,0.0010216038208454847,0.02281220629811287,,,1757037442.830312
"(None, None)",40.958886,29.1357976,-0.016,0.0012049315264448524,0.0010216038208454847,0.02281220629811287,,,1757037442.9619067
"(None, None)",40.958886,29.1357976,-0.016,0.0012049315264448524,0.0010216038208454847,0.02281220629811287,,,1757037443.0980275
"(None, None)",40.958886,29.1357976,-0.016,0.0012049315264448524,0.0010216038208454847,0.02281220629811287,,,1757037443.2301176
"(None, None)",40.958886,29.1357976,-0.016,0.0012049315264448524,0.0010216038208454847,0.02281220629811287,,,1757037443.361777
"(None, None)",40.958886,29.1357976,-0.016,0.0012049315264448524,0.0010216038208454847,0.02281220629811287,,,1757037443.4977443
"(None, None)",40.958886,29.1357976,-0.016,0.0012049315264448524,0.0010216038208454847,0.02281220629811287,,,1757037443.6297615
"(None, None)",40.958886,29.1357976,-0.016,0.0012049315264448524,0.0010216038208454847,0.02281220629811287,,,1757037443.7617612
"(None, None)",40.958886,29.1357976,-0.016,0.0012049315264448524,0.0010216038208454847,0.02281220629811287,,,1757037443.8977032
"(None, None)",40.958886,29.1357976,-0.016,0.0012049315264448524,0.0010216038208454847,0.02281220629811287,,,1757037444.0300052
"(None, None)",40.958886,29.1357976,-0.016,0.0012049315264448524,0.0010216038208454847,0.02281220629811287,,,1757037444.1658628
"(None, None)",40.958886,29.1357976,-0.016,0.0012049315264448524,0.0010216038208454847,0.02281220629811287,,,1757037444.2982624
"(None, None)",40.958886,29.1357976,-0.016,0.0012049315264448524,0.0010216038208454847,0.02281220629811287,,,1757037444.4299808
"(None, None)",40.958886,29.1357976,-0.016,0.0012049315264448524,0.0010216038208454847,0.02281220629811287,,,1757037444.5659082
"(None, None)",40.958886,29.1357976,-0.016,0.0012049315264448524,0.0010216038208454847,0.02281220629811287,,,1757037444.697772
"(None, None)",40.958886,29.1357976,-0.016,0.0012049315264448524,0.0010216038208454847,0.02281220629811287,,,1757037444.830029
"(None, None)",40.958886,29.1357976,-0.016,0.0012049315264448524,0.0010216038208454847,0.02281220629811287,,,1757037444.965948
"(None, None)",40.958886,29.1357976,-0.016,0.0012049315264448524,0.0010216038208454847,0.02281220629811287,,,1757037445.0978377
"(None, None)",40.958886,29.1357976,-0.016,0.0012049315264448524,0.0010216038208454847,0.02281220629811287,,,1757037445.233976
"(None, None)",40.958886,29.1357976,-0.016,0.0012049315264448524,0.0010216038208454847,0.02281220629811287,,,1757037445.3657243
"(None, None)",40.958886,29.1357976,-0.016,0.0012049315264448524,0.0010216038208454847,0.02281220629811287,,,1757037445.49793
"(None, None)",40.958886,29.1357976,-0.016,0.0012049315264448524,0.0010216038208454847,0.02281220629811287,,,1757037445.633887
"(None, None)",40.958886,29.1357976,-0.016,0.0012049315264448524,0.0010216038208454847,0.02281220629811287,,,1757037445.7659605
"(None, None)",40.958886,29.1357976,-0.016,0.0012049315264448524,0.0010216038208454847,0.02281220629811287,,,1757037445.897868
"(None, None)",40.958886,29.1357976,-0.016,0.0012049315264448524,0.0010216038208454847,0.02281220629811287,,,1757037446.0336628
"(None, None)",40.958886,29.1357976,-0.016,0.0012049315264448524,0.0010216038208454847,0.02281220629811287,,,1757037446.1659627
"(None, None)",40.958886,29.1357976,-0.016,0.0012049315264448524,0.0010216038208454847,0.02281220629811287,,,1757037446.3018575
"(None, None)",40.958886,29.1357976,-0.016,0.0012049315264448524,0.0010216038208454847,0.02281220629811287,,,1757037446.4338264
"(None, None)",40.958886,29.1357976,-0.016,0.0012049315264448524,0.0010216038208454847,0.02281220629811287,,,1757037446.5658503
"(None, None)",40.958886,29.1357976,-0.016,0.0012049315264448524,0.0010216038208454847,0.02281220629811287,,,1757037446.7019475
"(None, None)",40.958886,29.1357976,-0.016,0.0012049315264448524,0.0010216038208454847,0.02281220629811287,,,1757037446.8338008
"(None, None)",40.958886,29.1357976,-0.016,0.0012049315264448524,0.0010216038208454847,0.02281220629811287,,,1757037446.9697077
"(None, None)",40.958886,29.1357976,-0.016,0.0012049315264448524,0.0010216038208454847,0.02281220629811287,,,1757037447.1017613
"(None, None)",40.958886,29.1357976,-0.016,0.0012049315264448524,0.0010216038208454847,0.02281220629811287,,,1757037447.2338042
"(None, None)",40.958886,29.1357976,-0.016,0.0012049315264448524,0.0010216038208454847,0.02281220629811287,,,1757037447.3698766
"(None, None)",40.958886,29.1357976,-0.016,0.0012049315264448524,0.0010216038208454847,0.02281220629811287,,,1757037447.5019991
"(None, None)",40.958886,29.1357976,-0.016,0.0012049315264448524,0.0010216038208454847,0.02281220629811287,,,1757037447.6339068
"(None, None)",40.958886,29.1357976,-0.016,0.0012049315264448524,0.0010216038208454847,0.02281220629811287,,,1757037447.7698035
"(None, None)",40.958886,29.1357976,-0.016,0.0012049315264448524,0.0010216038208454847,0.02281220629811287,,,1757037447.9019444
"(None, None)",40.958886,29.1357976,-0.016,0.0012049315264448524,0.0010216038208454847,0.02281220629811287,,,1757037448.0378463
"(None, None)",40.958886,29.1357976,-0.016,0.0012049315264448524,0.0010216038208454847,0.02281220629811287,,,1757037448.170036
"(None, None)",40.958886,29.1357976,-0.016,0.0012049315264448524,0.0010216038208454847,0.02281220629811287,,,1757037448.3017528
"(None, None)",40.958886,29.1357976,-0.016,0.0012049315264448524,0.0010216038208454847,0.02281220629811287,,,1757037448.4382985
"(None, None)",40.958886,29.1357976,-0.016,0.0012049315264448524,0.0010216038208454847,0.02281220629811287,,,1757037448.5701282
"(None, None)",40.958886,29.1357976,-0.016,0.0012049315264448524,0.0010216038208454847,0.02281220629811287,,,1757037448.7023606
"(None, None)",40.958886,29.1357976,-0.016,0.0012049315264448524,0.0010216038208454847,0.02281220629811287,,,1757037448.837954
"(None, None)",40.958886,29.1357976,-0.016,0.0012049315264448524,0.0010216038208454847,0.02281220629811287,,,1757037448.9697511
"(None, None)",40.958886,29.1357976,-0.016,0.0012049315264448524,0.0010216038208454847,0.02281220629811287,,,1757037449.1057456
"(None, None)",40.958886,29.1357976,-0.016,0.0012049315264448524,0.0010216038208454847,0.02281220629811287,,,1757037449.2380478
"(None, None)",40.958886,29.1357976,-0.016,0.0012049315264448524,0.0010216038208454847,0.02281220629811287,,,1757037449.369902
"(None, None)",40.958886,29.1357976,-0.016,0.0012049315264448524,0.0010216038208454847,0.02281220629811287,,,1757037449.5057998
"(None, None)",40.958886,29.1357976,-0.016,0.0012049315264448524,0.0010216038208454847,0.02281220629811287,,,1757037449.637847
"(None, None)",40.958886,29.1357976,-0.016,0.0012049315264448524,0.0010216038208454847,0.02281220629811287,,,1757037449.769891
"(None, None)",40.958886,29.1357976,-0.016,0.0012049315264448524,0.0010216038208454847,0.02281220629811287,,,1757037449.9058044
"(None, None)",40.958886,29.1357976,-0.016,0.0012049315264448524,0.0010216038208454847,0.02281220629811287,,,1757037450.037785
"(None, None)",40.958886,29.1357976,-0.016,0.0012049315264448524,0.0010216038208454847,0.02281220629811287,,,1757037450.1738555
"(None, None)",40.958886,29.1357976,-0.016,0.0012049315264448524,0.0010216038208454847,0.02281220629811287,,,1757037450.3058796
"(None, None)",40.958886,29.1357976,-0.016,0.0012049315264448524,0.0010216038208454847,0.02281220629811287,,,1757037450.4378393
"(None, None)",40.958886,29.1357976,-0.016,0.0012049315264448524,0.0010216038208454847,0.02281220629811287,,,1757037450.5739334
"(None, None)",40.958886,29.1357976,-0.016,0.0012049315264448524,0.0010216038208454847,0.02281220629811287,,,1757037450.7060375
"(None, None)",40.958886,29.1357976,-0.016,0.0012049315264448524,0.0010216038208454847,0.02281220629811287,,,1757037450.838022
"(None, None)",40.958886,29.1357976,-0.016,0.0012049315264448524,0.0010216038208454847,0.02281220629811287,,,1757037450.9739528
"(None, None)",40.958886,29.1357976,-0.016,0.0012049315264448524,0.0010216038208454847,0.02281220629811287,,,1757037451.1059308
"(None, None)",40.958886,29.1357976,-0.016,0.0012049315264448524,0.0010216038208454847,0.02281220629811287,,,1757037451.2421618
"(None, None)",40.958886,29.1357976,-0.016,0.0012049315264448524,0.0010216038208454847,0.02281220629811287,,,1757037451.3738465
"(None, None)",40.958886,29.1357976,-0.016,0.0012049315264448524,0.0010216038208454847,0.02281220629811287,,,1757037451.5058537
"(None, None)",40.958886,29.1357976,-0.016,0.0012049315264448524,0.0010216038208454847,0.02281220629811287,,,1757037451.6418512
"(None, None)",40.958886,29.1357976,-0.016,0.0012049315264448524,0.0010216038208454847,0.02281220629811287,,,1757037451.7739007
"(None, None)",40.958886,29.1357976,-0.016,0.0012049315264448524,0.0010216038208454847,0.02281220629811287,,,1757037451.9057026
"(None, None)",40.958886,29.1357976,-0.016,0.0012049315264448524,0.0010216038208454847,0.02281220629811287,,,1757037452.0417442
"(None, None)",40.958886,29.1357976,-0.016,0.0012049315264448524,0.0010216038208454847,0.02281220629811287,,,1757037452.173912
"(None, None)",40.958886,29.1357976,-0.016,0.0012049315264448524,0.0010216038208454847,0.02281220629811287,,,1757037452.3098872
"(None, None)",40.958886,29.1357976,-0.016,0.0012049315264448524,0.0010216038208454847,0.02281220629811287,,,1757037452.4422007
"(None, None)",40.958886,29.1357976,-0.016,0.0012049315264448524,0.0010216038208454847,0.02281220629811287,,,1757037452.5739493
"(None, None)",40.958886,29.1357976,-0.016,0.0012049315264448524,0.0010216038208454847,0.02281220629811287,,,1757037452.7102084
"(None, None)",40.958886,29.1357976,-0.016,0.0012049315264448524,0.0010216038208454847,0.02281220629811287,,,1757037452.841756
"(None, None)",40.958886,29.1357976,-0.016,0.0012049315264448524,0.0010216038208454847,0.02281220629811287,,,1757037452.9780176
"(None, None)",40.958886,29.1357976,-0.016,0.0012049315264448524,0.0010216038208454847,0.02281220629811287,,,1757037453.1098793
"(None, None)",40.958886,29.1357976,-0.016,0.0012049315264448524,0.0010216038208454847,0.02281220629811287,,,1757037453.2419963
"(None, None)",40.958886,29.1357976,-0.016,0.0012049315264448524,0.0010216038208454847,0.02281220629811287,,,1757037453.3778415
"(None, None)",40.958886,29.1357976,-0.016,0.0012049315264448524,0.0010216038208454847,0.02281220629811287,,,1757037453.5104737
"(None, None)",40.958886,29.1357976,-0.016,0.0012049315264448524,0.0010216038208454847,0.02281220629811287,,,1757037453.6421342
"(None, None)",40.958886,29.1357976,-0.016,0.0012049315264448524,0.0010216038208454847,0.02281220629811287,,,1757037453.7784016
"(None, None)",40.958886,29.1357976,-0.016,0.0012049315264448524,0.0010216038208454847,0.02281220629811287,,,1757037453.9099884
"(None, None)",40.958886,29.1357976,-0.016,0.0012049315264448524,0.0010216038208454847,0.02281220629811287,,,1757037454.0460744
"(None, None)",40.958886,29.1357976,-0.016,0.0012049315264448524,0.0010216038208454847,0.02281220629811287,,,1757037454.178411
"(None, None)",40.958886,29.1357976,-0.016,0.0012049315264448524,0.0010216038208454847,0.02281220629811287,,,1757037454.309749
"(None, None)",40.958886,29.1357976,-0.016,0.0012049315264448524,0.0010216038208454847,0.02281220629811287,,,1757037454.445964
"(None, None)",40.958886,29.1357976,-0.016,0.0012049315264448524,0.0010216038208454847,0.02281220629811287,,,1757037454.5780692
"(None, None)",40.958886,29.1357976,-0.016,0.0012049315264448524,0.0010216038208454847,0.02281220629811287,,,1757037454.7100444
"(None, None)",40.958886,29.1357976,-0.016,0.0012049315264448524,0.0010216038208454847,0.02281220629811287,,,1757037454.84578
"(None, None)",40.958886,29.1357976,-0.016,0.0012049315264448524,0.0010216038208454847,0.02281220629811287,,,1757037454.9780347
"(None, None)",40.958886,29.1357976,-0.016,0.0012049315264448524,0.0010216038208454847,0.02281220629811287,,,1757037455.1139548
"(None, None)",40.958886,29.1357976,-0.016,0.0012049315264448524,0.0010216038208454847,0.02281220629811287,,,1757037455.2458484
"(None, None)",40.958886,29.1357976,-0.016,0.0012049315264448524,0.0010216038208454847,0.02281220629811287,,,1757037455.377836
"(None, None)",40.958886,29.1357976,-0.016,0.0012049315264448524,0.0010216038208454847,0.02281220629811287,,,1757037455.514135
"(None, None)",40.958886,29.1357976,-0.016,0.0012049315264448524,0.0010216038208454847,0.02281220629811287,,,1757037455.6460636
"(None, None)",40.958886,29.1357976,-0.016,0.0012049315264448524,0.0010216038208454847,0.02281220629811287,,,1757037455.7780075
"(None, None)",40.958886,29.1357976,-0.016,0.0012049315264448524,0.0010216038208454847,0.02281220629811287,,,1757037455.9140897
"(None, None)",40.958886,29.1357976,-0.016,0.0012049315264448524,0.0010216038208454847,0.02281220629811287,,,1757037456.045985
"(None, None)",40.958886,29.1357976,-0.016,0.0012049315264448524,0.0010216038208454847,0.02281220629811287,,,1757037456.1820924
"(None, None)",40.958886,29.1357976,-0.016,0.0012049315264448524,0.0010216038208454847,0.02281220629811287,,,1757037456.3140612
"(None, None)",40.958886,29.1357976,-0.016,0.0012049315264448524,0.0010216038208454847,0.02281220629811287,,,1757037456.4459765
"(None, None)",40.958886,29.1357976,-0.016,0.0012049315264448524,0.0010216038208454847,0.02281220629811287,,,1757037456.5819073
"(None, None)",40.958886,29.1357976,-0.016,0.0012049315264448524,0.0010216038208454847,0.02281220629811287,,,1757037456.713901
"(None, None)",40.958886,29.1357976,-0.016,0.0012049315264448524,0.0010216038208454847,0.02281220629811287,,,1757037456.8457792
"(None, None)",40.958886,29.1357976,-0.016,0.0012049315264448524,0.0010216038208454847,0.02281220629811287,,,1757037456.9820707
"(None, None)",40.958886,29.1357976,-0.016,0.0012049315264448524,0.0010216038208454847,0.02281220629811287,,,1757037457.1138594
"(None, None)",40.958886,29.1357976,-0.016,0.0012049315264448524,0.0010216038208454847,0.02281220629811287,,,1757037457.2500956
"(None, None)",40.958886,29.1357976,-0.016,0.0012049315264448524,0.0010216038208454847,0.02281220629811287,,,1757037457.3818402
"(None, None)",40.958886,29.1357976,-0.016,0.0012049315264448524,0.0010216038208454847,0.02281220629811287,,,1757037457.5138113
"(None, None)",40.958886,29.1357976,-0.016,0.0012049315264448524,0.0010216038208454847,0.02281220629811287,,,1757037457.649824
"(None, None)",40.958886,29.1357976,-0.016,0.0012049315264448524,0.0010216038208454847,0.02281220629811287,,,1757037457.78211
"(None, None)",40.958886,29.1357976,-0.016,0.0012049315264448524,0.0010216038208454847,0.02281220629811287,,,1757037457.9141073
"(None, None)",40.958886,29.1357976,-0.016,0.0012049315264448524,0.0010216038208454847,0.02281220629811287,,,1757037458.0500627
"(None, None)",40.958886,29.1357976,-0.016,0.0012049315264448524,0.0010216038208454847,0.02281220629811287,,,1757037458.1818216
"(None, None)",40.958886,29.1357976,-0.016,0.0012049315264448524,0.0010216038208454847,0.02281220629811287,,,1757037458.3177722
"(None, None)",40.958886,29.1357976,-0.016,0.0012049315264448524,0.0010216038208454847,0.02281220629811287,,,1757037458.449863
"(None, None)",40.958886,29.1357976,-0.016,0.0012049315264448524,0.0010216038208454847,0.02281220629811287,,,1757037458.5821567
"(None, None)",40.958886,29.1357976,-0.016,0.0012049315264448524,0.0010216038208454847,0.02281220629811287,,,1757037458.7178621
"(None, None)",40.958886,29.1357976,-0.016,0.0012049315264448524,0.0010216038208454847,0.02281220629811287,,,1757037458.849991
"(None, None)",40.958886,29.1357976,-0.016,0.0012049315264448524,0.0010216038208454847,0.02281220629811287,,,1757037458.985806
"(None, None)",40.958886,29.1357976,-0.016,0.0012049315264448524,0.0010216038208454847,0.02281220629811287,,,1757037459.117976
"(None, None)",40.958886,29.1357976,-0.016,0.0012049315264448524,0.0010216038208454847,0.02281220629811287,,,1757037459.2497034
"(None, None)",40.958886,29.1357976,-0.016,0.0012049315264448524,0.0010216038208454847,0.02281220629811287,,,1757037459.3860512
"(None, None)",40.958886,29.1357976,-0.016,0.0012049315264448524,0.0010216038208454847,0.02281220629811287,,,1757037459.517888
"(None, None)",40.958886,29.1357976,-0.016,0.0012049315264448524,0.0010216038208454847,0.02281220629811287,,,1757037459.649775
"(None, None)",40.958886,29.1357976,-0.016,0.0012049315264448524,0.0010216038208454847,0.02281220629811287,,,1757037459.7859561
"(None, None)",40.958886,29.1357976,-0.016,0.0012049315264448524,0.0010216038208454847,0.02281220629811287,,,1757037459.9179955
"(None, None)",40.958886,29.1357976,-0.016,0.0012049315264448524,0.0010216038208454847,0.02281220629811287,,,1757037460.0539093
"(None, None)",40.958886,29.1357976,-0.016,0.0012049315264448524,0.0010216038208454847,0.02281220629811287,,,1757037460.1861248
"(None, None)",40.958886,29.1357976,-0.016,0.0012049315264448524,0.0010216038208454847,0.02281220629811287,,,1757037460.318105
"(None, None)",40.958886,29.1357976,-0.016,0.0012049315264448524,0.0010216038208454847,0.02281220629811287,,,1757037460.4537392
"(None, None)",40.958886,29.1357976,-0.016,0.0012049315264448524,0.0010216038208454847,0.02281220629811287,,,1757037460.5860176
"(None, None)",40.958886,29.1357976,-0.016,0.0012049315264448524,0.0010216038208454847,0.02281220629811287,,,1757037460.7183006
"(None, None)",40.958886,29.1357976,-0.016,0.0012049315264448524,0.0010216038208454847,0.02281220629811287,,,1757037460.853903
"(None, None)",40.958886,29.1357976,-0.016,0.0012049315264448524,0.0010216038208454847,0.02281220629811287,,,1757037460.9859428
"(None, None)",40.958886,29.1357976,-0.016,0.0012049315264448524,0.0010216038208454847,0.02281220629811287,,,1757037461.121796
"(None, None)",40.958886,29.1357976,-0.016,0.0012049315264448524,0.0010216038208454847,0.02281220629811287,,,1757037461.253929
"(None, None)",40.958886,29.1357976,-0.016,0.0012049315264448524,0.0010216038208454847,0.02281220629811287,,,1757037461.3859322
"(None, None)",40.958886,29.1357976,-0.016,0.0012049315264448524,0.0010216038208454847,0.02281220629811287,,,1757037461.522036
"(None, None)",40.958886,29.1357976,-0.016,0.0012049315264448524,0.0010216038208454847,0.02281220629811287,,,1757037461.6539962
"(None, None)",40.958886,29.1357976,-0.016,0.0012049315264448524,0.0010216038208454847,0.02281220629811287,,,1757037461.7858875
"(None, None)",40.958886,29.1357976,-0.016,0.0012049315264448524,0.0010216038208454847,0.02281220629811287,,,1757037461.921937
"(None, None)",40.958886,29.1357976,-0.016,0.0012049315264448524,0.0010216038208454847,0.02281220629811287,,,1757037462.0540915
"(None, None)",40.958886,29.1357976,-0.016,0.0012049315264448524,0.0010216038208454847,0.02281220629811287,,,1757037462.1900578
"(None, None)",40.958886,29.1357976,-0.016,0.0012049315264448524,0.0010216038208454847,0.02281220629811287,,,1757037462.3219361
"(None, None)",40.958886,29.1357976,-0.016,0.0012049315264448524,0.0010216038208454847,0.02281220629811287,,,1757037462.4537313
"(None, None)",40.958886,29.1357976,-0.016,0.0012049315264448524,0.0010216038208454847,0.02281220629811287,,,1757037462.5900738
"(None, None)",40.958886,29.1357976,-0.016,0.0012049315264448524,0.0010216038208454847,0.02281220629811287,,,1757037462.7220507
"(None, None)",40.958886,29.1357976,-0.016,0.0012049315264448524,0.0010216038208454847,0.02281220629811287,,,1757037462.8539639
"(None, None)",40.958886,29.1357976,-0.016,0.0012049315264448524,0.0010216038208454847,0.02281220629811287,,,1757037462.990006
"(None, None)",40.958886,29.1357976,-0.016,0.0012049315264448524,0.0010216038208454847,0.02281220629811287,,,1757037463.1219862
"(None, None)",40.958886,29.1357976,-0.016,0.0012049315264448524,0.0010216038208454847,0.02281220629811287,,,1757037463.2578063
"(None, None)",40.958886,29.1357976,-0.016,0.0012049315264448524,0.0010216038208454847,0.02281220629811287,,,1757037463.3900342
"(None, None)",40.958886,29.1357976,-0.016,0.0012049315264448524,0.0010216038208454847,0.02281220629811287,,,1757037463.5219269
"(None, None)",40.958886,29.1357976,-0.016,0.0012049315264448524,0.0010216038208454847,0.02281220629811287,,,1757037463.6578877
"(None, None)",40.958886,29.1357976,-0.016,0.0012049315264448524,0.0010216038208454847,0.02281220629811287,,,1757037463.7898555
"(None, None)",40.958886,29.1357976,-0.016,0.0012049315264448524,0.0010216038208454847,0.02281220629811287,,,1757037463.9219146
"(None, None)",40.958886,29.1357976,-0.016,0.0012049315264448524,0.0010216038208454847,0.02281220629811287,,,1757037464.0576897
"(None, None)",40.958886,29.1357976,-0.016,0.0012049315264448524,0.0010216038208454847,0.02281220629811287,,,1757037464.1903331
"(None, None)",40.958886,29.1357976,-0.016,0.0012049315264448524,0.0010216038208454847,0.02281220629811287,,,1757037464.3261948
"(None, None)",40.958886,29.1357976,-0.016,0.0012049315264448524,0.0010216038208454847,0.02281220629811287,,,1757037464.4580307
"(None, None)",40.958886,29.1357976,-0.016,0.0012049315264448524,0.0010216038208454847,0.02281220629811287,,,1757037464.5900798
"(None, None)",40.958886,29.1357976,-0.016,0.0012049315264448524,0.0010216038208454847,0.02281220629811287,,,1757037464.7261055
"(None, None)",40.958886,29.1357976,-0.016,0.0012049315264448524,0.0010216038208454847,0.02281220629811287,,,1757037464.8583634
"(None, None)",40.958886,29.1357976,-0.016,0.0012049315264448524,0.0010216038208454847,0.02281220629811287,,,1757037464.994046
"(None, None)",40.958886,29.1357976,-0.016,0.0012049315264448524,0.0010216038208454847,0.02281220629811287,,,1757037465.1264806
"(None, None)",40.958886,29.1357976,-0.016,0.0012049315264448524,0.0010216038208454847,0.02281220629811287,,,1757037465.258117
"(None, None)",40.958886,29.1357976,-0.016,0.0012049315264448524,0.0010216038208454847,0.02281220629811287,,,1757037465.394169
"(None, None)",40.958886,29.1357976,-0.016,0.0012049315264448524,0.0010216038208454847,0.02281220629811287,,,1757037465.526156
"(None, None)",40.958886,29.1357976,-0.016,0.0012049315264448524,0.0010216038208454847,0.02281220629811287,,,1757037465.6581726
"(None, None)",40.958886,29.1357976,-0.016,0.0012049315264448524,0.0010216038208454847,0.02281220629811287,,,1757037465.7941077
"(None, None)",40.958886,29.1357976,-0.016,0.0012049315264448524,0.0010216038208454847,0.02281220629811287,,,1757037465.925956
"(None, None)",40.958886,29.1357976,-0.016,0.0012049315264448524,0.0010216038208454847,0.02281220629811287,,,1757037466.0622268
"(None, None)",40.958886,29.1357976,-0.016,0.0012049315264448524,0.0010216038208454847,0.02281220629811287,,,1757037466.1939204
"(None, None)",40.958886,29.1357976,-0.016,0.0012049315264448524,0.0010216038208454847,0.02281220629811287,,,1757037466.3263252
"(None, None)",40.958886,29.1357976,-0.016,0.0012049315264448524,0.0010216038208454847,0.02281220629811287,,,1757037466.4621224
"(None, None)",40.958886,29.1357976,-0.016,0.0012049315264448524,0.0010216038208454847,0.02281220629811287,,,1757037466.5942261
"(None, None)",40.958886,29.1357976,-0.016,0.0012049315264448524,0.0010216038208454847,0.02281220629811287,,,1757037466.726587
"(None, None)",40.958886,29.1357976,-0.016,0.0012049315264448524,0.0010216038208454847,0.02281220629811287,,,1757037466.8622725
"(None, None)",40.958886,29.1357976,-0.016,0.0012049315264448524,0.0010216038208454847,0.02281220629811287,,,1757037466.9939637
"(None, None)",40.958886,29.1357976,-0.016,0.0012049315264448524,0.0010216038208454847,0.02281220629811287,,,1757037467.1298687
"(None, None)",40.958886,29.1357976,-0.016,0.0012049315264448524,0.0010216038208454847,0.02281220629811287,,,1757037467.2620137
"(None, None)",40.958886,29.1357976,-0.016,0.0012049315264448524,0.0010216038208454847,0.02281220629811287,,,1757037467.394635
"(None, None)",40.958886,29.1357976,-0.016,0.0012049315264448524,0.0010216038208454847,0.02281220629811287,,,1757037467.530629
"(None, None)",40.958886,29.1357976,-0.016,0.0012049315264448524,0.0010216038208454847,0.02281220629811287,,,1757037467.6626322
"(None, None)",40.958886,29.1357976,-0.016,0.0012049315264448524,0.0010216038208454847,0.02281220629811287,,,1757037467.7943983
"(None, None)",40.958886,29.1357976,-0.016,0.0012049315264448524,0.0010216038208454847,0.02281220629811287,,,1757037467.9304466
"(None, None)",40.958886,29.1357976,-0.016,0.0012049315264448524,0.0010216038208454847,0.02281220629811287,,,1757037468.0624578
"(None, None)",40.958886,29.1357976,-0.016,0.0012049315264448524,0.0010216038208454847,0.02281220629811287,,,1757037468.1984186
"(None, None)",40.958886,29.1357976,-0.016,0.0012049315264448524,0.0010216038208454847,0.02281220629811287,,,1757037468.330445
"(None, None)",40.958886,29.1357976,-0.016,0.0012049315264448524,0.0010216038208454847,0.02281220629811287,,,1757037468.4624937
"(None, None)",40.958886,29.1357976,-0.016,0.0012049315264448524,0.0010216038208454847,0.02281220629811287,,,1757037468.598135
"(None, None)",40.958886,29.1357976,-0.016,0.0012049315264448524,0.0010216038208454847,0.02281220629811287,,,1757037468.7298555
"(None, None)",40.958886,29.1357976,-0.016,0.0012049315264448524,0.0010216038208454847,0.02281220629811287,,,1757037468.862228
"(None, None)",40.958886,29.1357976,-0.016,0.0012049315264448524,0.0010216038208454847,0.02281220629811287,,,1757037468.9979239
"(None, None)",40.958886,29.1357976,-0.016,0.0012049315264448524,0.0010216038208454847,0.02281220629811287,,,1757037469.1298928
"(None, None)",40.958886,29.1357976,-0.016,0.0012049315264448524,0.0010216038208454847,0.02281220629811287,,,1757037469.2659304
"(None, None)",40.958886,29.1357976,-0.016,0.0012049315264448524,0.0010216038208454847,0.02281220629811287,,,1757037469.3978956
"(None, None)",40.958886,29.1357976,-0.016,0.0012049315264448524,0.0010216038208454847,0.02281220629811287,,,1757037469.5300574
"(None, None)",40.958886,29.1357976,-0.016,0.0012049315264448524,0.0010216038208454847,0.02281220629811287,,,1757037469.6658647
"(None, None)",40.958886,29.1357976,-0.016,0.0012049315264448524,0.0010216038208454847,0.02281220629811287,,,1757037469.7982926
"(None, None)",40.958886,29.1357976,-0.016,0.0012049315264448524,0.0010216038208454847,0.02281220629811287,,,1757037469.9299288
"(None, None)",40.958886,29.1357976,-0.016,0.0012049315264448524,0.0010216038208454847,0.02281220629811287,,,1757037470.066334
"(None, None)",40.958886,29.1357976,-0.016,0.0012049315264448524,0.0010216038208454847,0.02281220629811287,,,1757037470.1981535
"(None, None)",40.958886,29.1357976,-0.016,0.0012049315264448524,0.0010216038208454847,0.02281220629811287,,,1757037470.3338854
"(None, None)",40.958886,29.1357976,-0.016,0.0012049315264448524,0.0010216038208454847,0.02281220629811287,,,1757037470.466276
"(None, None)",40.958886,29.1357976,-0.016,0.0012049315264448524,0.0010216038208454847,0.02281220629811287,,,1757037470.5983891
"(None, None)",40.958886,29.1357976,-0.016,0.0012049315264448524,0.0010216038208454847,0.02281220629811287,,,1757037470.7341146
"(None, None)",40.958886,29.1357976,-0.016,0.0012049315264448524,0.0010216038208454847,0.02281220629811287,,,1757037470.8668141
"(None, None)",40.958886,29.1357976,-0.016,0.0012049315264448524,0.0010216038208454847,0.02281220629811287,,,1757037471.0024045
"(None, None)",40.958886,29.1357976,-0.016,0.0012049315264448524,0.0010216038208454847,0.02281220629811287,,,1757037471.1339269
"(None, None)",40.958886,29.1357976,-0.016,0.0012049315264448524,0.0010216038208454847,0.02281220629811287,,,1757037471.2663467
"(None, None)",40.958886,29.1357976,-0.016,0.0012049315264448524,0.0010216038208454847,0.02281220629811287,,,1757037471.4023192
"(None, None)",40.958886,29.1357976,-0.016,0.0012049315264448524,0.0010216038208454847,0.02281220629811287,,,1757037471.5345407
"(None, None)",40.958886,29.1357976,-0.016,0.0012049315264448524,0.0010216038208454847,0.02281220629811287,,,1757037471.6677494
"(None, None)",40.958886,29.1357976,-0.016,0.0012049315264448524,0.0010216038208454847,0.02281220629811287,,,1757037471.8025472
"(None, None)",40.958886,29.1357976,-0.016,0.0012049315264448524,0.0010216038208454847,0.02281220629811287,,,1757037471.9343252
"(None, None)",40.958886,29.1357976,-0.016,0.0012049315264448524,0.0010216038208454847,0.02281220629811287,,,1757037472.0699828
"(None, None)",40.958886,29.1357976,-0.016,0.0012049315264448524,0.0010216038208454847,0.02281220629811287,,,1757037472.2019198
"(None, None)",40.958886,29.1357976,-0.016,0.0012049315264448524,0.0010216038208454847,0.02281220629811287,,,1757037472.333979
"(None, None)",40.958886,29.1357976,-0.016,0.0012049315264448524,0.0010216038208454847,0.02281220629811287,,,1757037472.4698822
"(None, None)",40.958886,29.1357976,-0.016,0.0012049315264448524,0.0010216038208454847,0.02281220629811287,,,1757037472.6019535
"(None, None)",40.958886,29.1357976,-0.016,0.0012049315264448524,0.0010216038208454847,0.02281220629811287,,,1757037472.7340176
"(None, None)",40.958886,29.1357976,-0.016,0.0012049315264448524,0.0010216038208454847,0.02281220629811287,,,1757037472.8746552
"(None, None)",40.958886,29.1357976,-0.016,0.0012049315264448524,0.0010216038208454847,0.02281220629811287,,,1757037473.002147
"(None, None)",40.958886,29.1357976,-0.016,0.0012049315264448524,0.0010216038208454847,0.02281220629811287,,,1757037473.1379054
"(None, None)",40.958886,29.1357976,-0.016,0.0012049315264448524,0.0010216038208454847,0.02281220629811287,,,1757037473.2700768
"(None, None)",40.958886,29.1357976,-0.016,0.0012049315264448524,0.0010216038208454847,0.02281220629811287,,,1757037473.4020996
"(None, None)",40.958886,29.1357976,-0.016,0.0012049315264448524,0.0010216038208454847,0.02281220629811287,,,1757037473.5379832
"(None, None)",40.958886,29.1357976,-0.016,0.0012049315264448524,0.0010216038208454847,0.02281220629811287,,,1757037473.669757
"(None, None)",40.958886,29.1357976,-0.016,0.0012049315264448524,0.0010216038208454847,0.02281220629811287,,,1757037473.8018372
"(None, None)",40.958886,29.1357976,-0.016,0.0012049315264448524,0.0010216038208454847,0.02281220629811287,,,1757037473.9381084
"(None, None)",40.958886,29.1357976,-0.016,0.0012049315264448524,0.0010216038208454847,0.02281220629811287,,,1757037474.0698085
"(None, None)",40.958886,29.1357976,-0.016,0.0012049315264448524,0.0010216038208454847,0.02281220629811287,,,1757037474.205957
"(None, None)",40.958886,29.1357976,-0.016,0.0012049315264448524,0.0010216038208454847,0.02281220629811287,,,1757037474.3379824
"(None, None)",40.958886,29.1357976,-0.016,0.0012049315264448524,0.0010216038208454847,0.02281220629811287,,,1757037474.4700305
"(None, None)",40.958886,29.1357976,-0.016,0.0012049315264448524,0.0010216038208454847,0.02281220629811287,,,1757037474.6059244
"(None, None)",40.958886,29.1357976,-0.016,0.0012049315264448524,0.0010216038208454847,0.02281220629811287,,,1757037474.7379198
"(None, None)",40.958886,29.1357976,-0.016,0.0012049315264448524,0.0010216038208454847,0.02281220629811287,,,1757037474.8700216
"(None, None)",40.958886,29.1357976,-0.016,0.0012049315264448524,0.0010216038208454847,0.02281220629811287,,,1757037475.0062668
"(None, None)",40.958886,29.1357976,-0.016,0.0012049315264448524,0.0010216038208454847,0.02281220629811287,,,1757037475.1380475
"(None, None)",40.958886,29.1357976,-0.016,0.0012049315264448524,0.0010216038208454847,0.02281220629811287,,,1757037475.2739897
"(None, None)",40.958886,29.1357976,-0.016,0.0012049315264448524,0.0010216038208454847,0.02281220629811287,,,1757037475.4061959
"(None, None)",40.958886,29.1357976,-0.016,0.0012049315264448524,0.0010216038208454847,0.02281220629811287,,,1757037475.5382373
"(None, None)",40.958886,29.1357976,-0.016,0.0012049315264448524,0.0010216038208454847,0.02281220629811287,,,1757037475.6740546
"(None, None)",40.958886,29.1357976,-0.016,0.0012049315264448524,0.0010216038208454847,0.02281220629811287,,,1757037475.8059754
"(None, None)",40.958886,29.1357976,-0.016,0.0012049315264448524,0.0010216038208454847,0.02281220629811287,,,1757037475.938198
"(None, None)",40.958886,29.1357976,-0.016,0.0012049315264448524,0.0010216038208454847,0.02281220629811287,,,1757037476.0739958
"(None, None)",40.958886,29.1357976,-0.016,0.0012049315264448524,0.0010216038208454847,0.02281220629811287,,,1757037476.2059832
"(None, None)",40.958886,29.1357976,-0.016,0.0012049315264448524,0.0010216038208454847,0.02281220629811287,,,1757037476.341899
"(None, None)",40.958886,29.1357976,-0.016,0.0012049315264448524,0.0010216038208454847,0.02281220629811287,,,1757037476.473771
"(None, None)",40.958886,29.1357976,-0.016,0.0012049315264448524,0.0010216038208454847,0.02281220629811287,,,1757037476.606053
"(None, None)",40.958886,29.1357976,-0.016,0.0012049315264448524,0.0010216038208454847,0.02281220629811287,,,1757037476.7421563
"(None, None)",40.958886,29.1357976,-0.016,0.0012049315264448524,0.0010216038208454847,0.02281220629811287,,,1757037476.8740153
"(None, None)",40.958886,29.1357976,-0.016,0.0012049315264448524,0.0010216038208454847,0.02281220629811287,,,1757037477.0100393
"(None, None)",40.958886,29.1357976,-0.016,0.0012049315264448524,0.0010216038208454847,0.02281220629811287,,,1757037477.1423264
"(None, None)",40.958886,29.1357976,-0.016,0.0012049315264448524,0.0010216038208454847,0.02281220629811287,,,1757037477.2744663
"(None, None)",40.958886,29.1357976,-0.016,0.0012049315264448524,0.0010216038208454847,0.02281220629811287,,,1757037477.409933
"(None, None)",40.958886,29.1357976,-0.016,0.0012049315264448524,0.0010216038208454847,0.02281220629811287,,,1757037477.5424016
"(None, None)",40.958886,29.1357976,-0.016,0.0012049315264448524,0.0010216038208454847,0.02281220629811287,,,1757037477.6745179
"(None, None)",40.958886,29.1357976,-0.016,0.0012049315264448524,0.0010216038208454847,0.02281220629811287,,,1757037477.8104098
"(None, None)",40.958886,29.1357976,-0.016,0.0012049315264448524,0.0010216038208454847,0.02281220629811287,,,1757037477.9418168
"(None, None)",40.958886,29.1357976,-0.016,0.0012049315264448524,0.0010216038208454847,0.02281220629811287,,,1757037478.0777864
"(None, None)",40.958886,29.1357976,-0.016,0.0012049315264448524,0.0010216038208454847,0.02281220629811287,,,1757037478.209956
"(None, None)",40.958886,29.1357976,-0.016,0.0012049315264448524,0.0010216038208454847,0.02281220629811287,,,1757037478.3421717
"(None, None)",40.958886,29.1357976,-0.016,0.0012049315264448524,0.0010216038208454847,0.02281220629811287,,,1757037478.4781454
"(None, None)",40.958886,29.1357976,-0.016,0.0012049315264448524,0.0010216038208454847,0.02281220629811287,,,1757037478.6103497
"(None, None)",40.958886,29.1357976,-0.016,0.0012049315264448524,0.0010216038208454847,0.02281220629811287,,,1757037478.7423887
"(None, None)",40.958886,29.1357976,-0.016,0.0012049315264448524,0.0010216038208454847,0.02281220629811287,,,1757037478.8779492
"(None, None)",40.958886,29.1357976,-0.016,0.0012049315264448524,0.0010216038208454847,0.02281220629811287,,,1757037479.010362
"(None, None)",40.958886,29.1357976,-0.016,0.0012049315264448524,0.0010216038208454847,0.02281220629811287,,,1757037479.1463687
"(None, None)",40.958886,29.1357976,-0.016,0.0012049315264448524,0.0010216038208454847,0.02281220629811287,,,1757037479.2779417
"(None, None)",40.958886,29.1357976,-0.016,0.0012049315264448524,0.0010216038208454847,0.02281220629811287,,,1757037479.4100003
"(None, None)",40.958886,29.1357976,-0.016,0.0012049315264448524,0.0010216038208454847,0.02281220629811287,,,1757037479.546006
"(None, None)",40.958886,29.1357976,-0.016,0.0012049315264448524,0.0010216038208454847,0.02281220629811287,,,1757037479.678225
"(None, None)",40.958886,29.1357976,-0.016,0.0012049315264448524,0.0010216038208454847,0.02281220629811287,,,1757037479.8102243
"(None, None)",40.958886,29.1357976,-0.016,0.0012049315264448524,0.0010216038208454847,0.02281220629811287,,,1757037479.9459596
"(None, None)",40.958886,29.1357976,-0.016,0.0012049315264448524,0.0010216038208454847,0.02281220629811287,,,1757037480.0778599
"(None, None)",40.958886,29.1357976,-0.016,0.0012049315264448524,0.0010216038208454847,0.02281220629811287,,,1757037480.2139812
"(None, None)",40.958886,29.1357976,-0.016,0.0012049315264448524,0.0010216038208454847,0.02281220629811287,,,1757037480.3460875
"(None, None)",40.958886,29.1357976,-0.016,0.0012049315264448524,0.0010216038208454847,0.02281220629811287,,,1757037480.4778755
"(None, None)",40.958886,29.1357976,-0.016,0.0012049315264448524,0.0010216038208454847,0.02281220629811287,,,1757037480.6138701
"(None, None)",40.958886,29.1357976,-0.016,0.0012049315264448524,0.0010216038208454847,0.02281220629811287,,,1757037480.7460148
"(None, None)",40.958886,29.1357976,-0.016,0.0012049315264448524,0.0010216038208454847,0.02281220629811287,,,1757037480.8778691
"(None, None)",40.958886,29.1357976,-0.016,0.0012049315264448524,0.0010216038208454847,0.02281220629811287,,,1757037481.0140085
"(None, None)",40.958886,29.1357976,-0.016,0.0012049315264448524,0.0010216038208454847,0.02281220629811287,,,1757037481.14634
"(None, None)",40.958886,29.1357976,-0.016,0.0012049315264448524,0.0010216038208454847,0.02281220629811287,,,1757037481.2818935
"(None, None)",40.958886,29.1357976,-0.016,0.0012049315264448524,0.0010216038208454847,0.02281220629811287,,,1757037481.4139786
"(None, None)",40.958886,29.1357976,-0.016,0.0012049315264448524,0.0010216038208454847,0.02281220629811287,,,1757037481.5458283
"(None, None)",40.958886,29.1357976,-0.016,0.0012049315264448524,0.0010216038208454847,0.02281220629811287,,,1757037481.6818128
"(None, None)",40.958886,29.1357976,-0.016,0.0012049315264448524,0.0010216038208454847,0.02281220629811287,,,1757037481.8139586
"(None, None)",40.958886,29.1357976,-0.016,0.0012049315264448524,0.0010216038208454847,0.02281220629811287,,,1757037481.945935
"(None, None)",40.958886,29.1357976,-0.016,0.0012049315264448524,0.0010216038208454847,0.02281220629811287,,,1757037482.0820208
"(None, None)",40.958886,29.1357976,-0.016,0.0012049315264448524,0.0010216038208454847,0.02281220629811287,,,1757037482.2140617
"(None, None)",40.958886,29.1357976,-0.016,0.0012049315264448524,0.0010216038208454847,0.02281220629811287,,,1757037482.3499513
"(None, None)",40.958886,29.1357976,-0.016,0.0012049315264448524,0.0010216038208454847,0.02281220629811287,,,1757037482.4818513
"(None, None)",40.958886,29.1357976,-0.016,0.0012049315264448524,0.0010216038208454847,0.02281220629811287,,,1757037482.6140065
"(None, None)",40.958886,29.1357976,-0.016,0.0012049315264448524,0.0010216038208454847,0.02281220629811287,,,1757037482.749878
"(None, None)",40.958886,29.1357976,-0.016,0.0012049315264448524,0.0010216038208454847,0.02281220629811287,,,1757037482.881829
"(None, None)",40.958886,29.1357976,-0.016,0.0012049315264448524,0.0010216038208454847,0.02281220629811287,,,1757037483.0182664
"(None, None)",40.958886,29.1357976,-0.016,0.0012049315264448524,0.0010216038208454847,0.02281220629811287,,,1757037483.149926
"(None, None)",40.958886,29.1357976,-0.016,0.0012049315264448524,0.0010216038208454847,0.02281220629811287,,,1757037483.2819624
"(None, None)",40.958886,29.1357976,-0.016,0.0012049315264448524,0.0010216038208454847,0.02281220629811287,,,1757037483.42292
"(None, None)",40.958886,29.1357976,-0.016,0.0012049315264448524,0.0010216038208454847,0.02281220629811287,,,1757037483.5500183
"(None, None)",40.958886,29.1357976,-0.016,0.0012049315264448524,0.0010216038208454847,0.02281220629811287,,,1757037483.6822011
"(None, None)",40.958886,29.1357976,-0.016,0.0012049315264448524,0.0010216038208454847,0.02281220629811287,,,1757037483.8180096
"(None, None)",40.958886,29.1357976,-0.016,0.0012049315264448524,0.0010216038208454847,0.02281220629811287,,,1757037483.9500208
"(None, None)",40.958886,29.1357976,-0.016,0.0012049315264448524,0.0010216038208454847,0.02281220629811287,,,1757037484.0859318
"(None, None)",40.958886,29.1357976,-0.016,0.0012049315264448524,0.0010216038208454847,0.02281220629811287,,,1757037484.2180316
"(None, None)",40.958886,29.1357976,-0.016,0.0012049315264448524,0.0010216038208454847,0.02281220629811287,,,1757037484.350595
"(None, None)",40.958886,29.1357976,-0.016,0.0012049315264448524,0.0010216038208454847,0.02281220629811287,,,1757037484.4859028
"(None, None)",40.958886,29.1357976,-0.016,0.0012049315264448524,0.0010216038208454847,0.02281220629811287,,,1757037484.618003
"(None, None)",40.958886,29.1357976,-0.016,0.0012049315264448524,0.0010216038208454847,0.02281220629811287,,,1757037484.75007
"(None, None)",40.958886,29.1357976,-0.016,0.0012049315264448524,0.0010216038208454847,0.02281220629811287,,,1757037484.8860347
"(None, None)",40.958886,29.1357976,-0.016,0.0012049315264448524,0.0010216038208454847,0.02281220629811287,,,1757037485.0180488
"(None, None)",40.958886,29.1357976,-0.016,0.0012049315264448524,0.0010216038208454847,0.02281220629811287,,,1757037485.1540387
"(None, None)",40.958886,29.1357976,-0.016,0.0012049315264448524,0.0010216038208454847,0.02281220629811287,,,1757037485.2861066
"(None, None)",40.958886,29.1357976,-0.016,0.0012049315264448524,0.0010216038208454847,0.02281220629811287,,,1757037485.4185078
"(None, None)",40.958886,29.1357976,-0.016,0.0012049315264448524,0.0010216038208454847,0.02281220629811287,,,1757037485.5544593
"(None, None)",40.958886,29.1357976,-0.016,0.0012049315264448524,0.0010216038208454847,0.02281220629811287,,,1757037485.6859548
"(None, None)",40.958886,29.1357976,-0.016,0.0012049315264448524,0.0010216038208454847,0.02281220629811287,,,1757037485.8178809
"(None, None)",40.958886,29.1357976,-0.016,0.0012049315264448524,0.0010216038208454847,0.02281220629811287,,,1757037485.9539576
"(None, None)",40.958886,29.1357976,-0.016,0.0012049315264448524,0.0010216038208454847,0.02281220629811287,,,1757037486.0859175
"(None, None)",40.958886,29.1357976,-0.016,0.0012049315264448524,0.0010216038208454847,0.02281220629811287,,,1757037486.222056
"(None, None)",40.958886,29.1357976,-0.016,0.0012049315264448524,0.0010216038208454847,0.02281220629811287,,,1757037486.3541148
"(None, None)",40.958886,29.1357976,-0.016,0.0012049315264448524,0.0010216038208454847,0.02281220629811287,,,1757037486.4859874
"(None, None)",40.958886,29.1357976,-0.016,0.0012049315264448524,0.0010216038208454847,0.02281220629811287,,,1757037486.6219084
"(None, None)",40.958886,29.1357976,-0.016,0.0012049315264448524,0.0010216038208454847,0.02281220629811287,,,1757037486.7538488
"(None, None)",40.958886,29.1357976,-0.016,0.0012049315264448524,0.0010216038208454847,0.02281220629811287,,,1757037486.8858345
"(None, None)",40.958886,29.1357976,-0.016,0.0012049315264448524,0.0010216038208454847,0.02281220629811287,,,1757037487.0229008
"(None, None)",40.958886,29.1357976,-0.016,0.0012049315264448524,0.0010216038208454847,0.02281220629811287,,,1757037487.1544018
"(None, None)",40.958886,29.1357976,-0.016,0.0012049315264448524,0.0010216038208454847,0.02281220629811287,,,1757037487.290006
"(None, None)",40.958886,29.1357976,-0.016,0.0012049315264448524,0.0010216038208454847,0.02281220629811287,,,1757037487.4220698
"(None, None)",40.958886,29.1357976,-0.016,0.0012049315264448524,0.0010216038208454847,0.02281220629811287,,,1757037487.5540426
"(None, None)",40.958886,29.1357976,-0.016,0.0012049315264448524,0.0010216038208454847,0.02281220629811287,,,1757037487.690009
"(None, None)",40.958886,29.1357976,-0.016,0.0012049315264448524,0.0010216038208454847,0.02281220629811287,,,1757037487.821986
"(None, None)",40.958886,29.1357976,-0.016,0.0012049315264448524,0.0010216038208454847,0.02281220629811287,,,1757037487.9539037
"(None, None)",40.958886,29.1357976,-0.016,0.0012049315264448524,0.0010216038208454847,0.02281220629811287,,,1757037488.089954
"(None, None)",40.958886,29.1357976,-0.016,0.0012049315264448524,0.0010216038208454847,0.02281220629811287,,,1757037488.2219512
"(None, None)",40.958886,29.1357976,-0.016,0.0012049315264448524,0.0010216038208454847,0.02281220629811287,,,1757037488.3578372
"(None, None)",40.958886,29.1357976,-0.016,0.0012049315264448524,0.0010216038208454847,0.02281220629811287,,,1757037488.4901636
"(None, None)",40.958886,29.1357976,-0.016,0.0012049315264448524,0.0010216038208454847,0.02281220629811287,,,1757037488.6221375
"(None, None)",40.958886,29.1357976,-0.016,0.0012049315264448524,0.0010216038208454847,0.02281220629811287,,,1757037488.758071
"(None, None)",40.958886,29.1357976,-0.016,0.0012049315264448524,0.0010216038208454847,0.02281220629811287,,,1757037488.8900256
"(None, None)",40.958886,29.1357976,-0.016,0.0012049315264448524,0.0010216038208454847,0.02281220629811287,,,1757037489.0259786
"(None, None)",40.958886,29.1357976,-0.016,0.0012049315264448524,0.0010216038208454847,0.02281220629811287,,,1757037489.1582284
"(None, None)",40.958886,29.1357976,-0.016,0.0012049315264448524,0.0010216038208454847,0.02281220629811287,,,1757037489.2899625
"(None, None)",40.958886,29.1357976,-0.016,0.0012049315264448524,0.0010216038208454847,0.02281220629811287,,,1757037489.4260855
"(None, None)",40.958886,29.1357976,-0.016,0.0012049315264448524,0.0010216038208454847,0.02281220629811287,,,1757037489.5585077
"(None, None)",40.958886,29.1357976,-0.016,0.0012049315264448524,0.0010216038208454847,0.02281220629811287,,,1757037489.690016
"(None, None)",40.958886,29.1357976,-0.016,0.0012049315264448524,0.0010216038208454847,0.02281220629811287,,,1757037489.8259096
"(None, None)",40.958886,29.1357976,-0.016,0.0012049315264448524,0.0010216038208454847,0.02281220629811287,,,1757037489.9581165
"(None, None)",40.958886,29.1357976,-0.016,0.0012049315264448524,0.0010216038208454847,0.02281220629811287,,,1757037490.0942805
"(None, None)",40.958886,29.1357976,-0.016,0.0012049315264448524,0.0010216038208454847,0.02281220629811287,,,1757037490.2259197
"(None, None)",40.958886,29.1357976,-0.016,0.0012049315264448524,0.0010216038208454847,0.02281220629811287,,,1757037490.3580441
"(None, None)",40.958886,29.1357976,-0.016,0.0012049315264448524,0.0010216038208454847,0.02281220629811287,,,1757037490.493964
"(None, None)",40.958886,29.1357976,-0.016,0.0012049315264448524,0.0010216038208454847,0.02281220629811287,,,1757037490.6258
"(None, None)",40.958886,29.1357976,-0.016,0.0012049315264448524,0.0010216038208454847,0.02281220629811287,,,1757037490.757836
"(None, None)",40.958886,29.1357976,-0.016,0.0012049315264448524,0.0010216038208454847,0.02281220629811287,,,1757037490.8938227
"(None, None)",40.958886,29.1357976,-0.016,0.0012049315264448524,0.0010216038208454847,0.02281220629811287,,,1757037491.026361
"(None, None)",40.958886,29.1357976,-0.016,0.0012049315264448524,0.0010216038208454847,0.02281220629811287,,,1757037491.1618965
"(None, None)",40.958886,29.1357976,-0.016,0.0012049315264448524,0.0010216038208454847,0.02281220629811287,,,1757037491.293961
"(None, None)",40.958886,29.1357976,-0.016,0.0012049315264448524,0.0010216038208454847,0.02281220629811287,,,1757037491.426105
"(None, None)",40.958886,29.1357976,-0.016,0.0012049315264448524,0.0010216038208454847,0.02281220629811287,,,1757037491.5618577
"(None, None)",40.958886,29.1357976,-0.016,0.0012049315264448524,0.0010216038208454847,0.02281220629811287,,,1757037491.6939921
"(None, None)",40.958886,29.1357976,-0.016,0.0012049315264448524,0.0010216038208454847,0.02281220629811287,,,1757037491.8258965
"(None, None)",40.958886,29.1357976,-0.016,0.0012049315264448524,0.0010216038208454847,0.02281220629811287,,,1757037491.9621384
"(None, None)",40.958886,29.1357976,-0.016,0.0012049315264448524,0.0010216038208454847,0.02281220629811287,,,1757037492.0938864
"(None, None)",40.958886,29.1357976,-0.016,0.0012049315264448524,0.0010216038208454847,0.02281220629811287,,,1757037492.2298808
"(None, None)",40.958886,29.1357976,-0.016,0.0012049315264448524,0.0010216038208454847,0.02281220629811287,,,1757037492.3621304
"(None, None)",40.958886,29.1357976,-0.016,0.0012049315264448524,0.0010216038208454847,0.02281220629811287,,,1757037492.493908
"(None, None)",40.958886,29.1357976,-0.016,0.0012049315264448524,0.0010216038208454847,0.02281220629811287,,,1757037492.630205
"(None, None)",40.958886,29.1357976,-0.016,0.0012049315264448524,0.0010216038208454847,0.02281220629811287,,,1757037492.762149
"(None, None)",40.958886,29.1357976,-0.016,0.0012049315264448524,0.0010216038208454847,0.02281220629811287,,,1757037492.8938527
"(None, None)",40.958886,29.1357976,-0.016,0.0012049315264448524,0.0010216038208454847,0.02281220629811287,,,1757037493.0298753
"(None, None)",40.958886,29.1357976,-0.016,0.0012049315264448524,0.0010216038208454847,0.02281220629811287,,,1757037493.1617792
"(None, None)",40.958886,29.1357976,-0.016,0.0012049315264448524,0.0010216038208454847,0.02281220629811287,,,1757037493.297851
"(None, None)",40.958886,29.1357976,-0.016,0.0012049315264448524,0.0010216038208454847,0.02281220629811287,,,1757037493.430305
"(None, None)",40.958886,29.1357976,-0.016,0.0012049315264448524,0.0010216038208454847,0.02281220629811287,,,1757037493.561835
"(None, None)",40.958886,29.1357976,-0.016,0.0012049315264448524,0.0010216038208454847,0.02281220629811287,,,1757037493.6979241
"(None, None)",40.958886,29.1357976,-0.016,0.0012049315264448524,0.0010216038208454847,0.02281220629811287,,,1757037493.8299317
"(None, None)",40.958886,29.1357976,-0.016,0.0012049315264448524,0.0010216038208454847,0.02281220629811287,,,1757037493.9618523
"(None, None)",40.958886,29.1357976,-0.016,0.0012049315264448524,0.0010216038208454847,0.02281220629811287,,,1757037494.0980506
"(None, None)",40.958886,29.1357976,-0.016,0.0012049315264448524,0.0010216038208454847,0.02281220629811287,,,1757037494.229885
"(None, None)",40.958886,29.1357976,-0.016,0.0012049315264448524,0.0010216038208454847,0.02281220629811287,,,1757037494.365845
"(None, None)",40.958886,29.1357976,-0.016,0.0012049315264448524,0.0010216038208454847,0.02281220629811287,,,1757037494.4979131
"(None, None)",40.958886,29.1357976,-0.016,0.0012049315264448524,0.0010216038208454847,0.02281220629811287,,,1757037494.6299934
"(None, None)",40.958886,29.1357976,-0.016,0.0012049315264448524,0.0010216038208454847,0.02281220629811287,,,1757037494.7658334
"(None, None)",40.958886,29.1357976,-0.016,0.0012049315264448524,0.0010216038208454847,0.02281220629811287,,,1757037494.8978515
"(None, None)",40.958886,29.1357976,-0.016,0.0012049315264448524,0.0010216038208454847,0.02281220629811287,,,1757037495.0341105
"(None, None)",40.958886,29.1357976,-0.016,0.0012049315264448524,0.0010216038208454847,0.02281220629811287,,,1757037495.1658158
"(None, None)",40.958886,29.1357976,-0.016,0.0012049315264448524,0.0010216038208454847,0.02281220629811287,,,1757037495.2978632
"(None, None)",40.958886,29.1357976,-0.016,0.0012049315264448524,0.0010216038208454847,0.02281220629811287,,,1757037495.433766
"(None, None)",40.958886,29.1357976,-0.016,0.0012049315264448524,0.0010216038208454847,0.02281220629811287,,,1757037495.56598
"(None, None)",40.958886,29.1357976,-0.016,0.0012049315264448524,0.0010216038208454847,0.02281220629811287,,,1757037495.6979117
"(None, None)",40.958886,29.1357976,-0.016,0.0012049315264448524,0.0010216038208454847,0.02281220629811287,,,1757037495.8339849
"(None, None)",40.958886,29.1357976,-0.016,0.0012049315264448524,0.0010216038208454847,0.02281220629811287,,,1757037495.966151
"(None, None)",40.958886,29.1357976,-0.016,0.0012049315264448524,0.0010216038208454847,0.02281220629811287,,,1757037496.101887
"(None, None)",40.958886,29.1357976,-0.016,0.0012049315264448524,0.0010216038208454847,0.02281220629811287,,,1757037496.2338004
"(None, None)",40.958886,29.1357976,-0.016,0.0012049315264448524,0.0010216038208454847,0.02281220629811287,,,1757037496.3659317
"(None, None)",40.958886,29.1357976,-0.016,0.0012049315264448524,0.0010216038208454847,0.02281220629811287,,,1757037496.5018682
"(None, None)",40.958886,29.1357976,-0.016,0.0012049315264448524,0.0010216038208454847,0.02281220629811287,,,1757037496.6339014
"(None, None)",40.958886,29.1357976,-0.016,0.0012049315264448524,0.0010216038208454847,0.02281220629811287,,,1757037496.7661707
"(None, None)",40.958886,29.1357976,-0.016,0.0012049315264448524,0.0010216038208454847,0.02281220629811287,,,1757037496.9019852
"(None, None)",40.958886,29.1357976,-0.016,0.0012049315264448524,0.0010216038208454847,0.02281220629811287,,,1757037497.033934
"(None, None)",40.958886,29.1357976,-0.016,0.0012049315264448524,0.0010216038208454847,0.02281220629811287,,,1757037497.1700249
"(None, None)",40.958886,29.1357976,-0.016,0.0012049315264448524,0.0010216038208454847,0.02281220629811287,,,1757037497.3019154
"(None, None)",40.958886,29.1357976,-0.016,0.0012049315264448524,0.0010216038208454847,0.02281220629811287,,,1757037497.4338963
"(None, None)",40.958886,29.1357976,-0.016,0.0012049315264448524,0.0010216038208454847,0.02281220629811287,,,1757037497.5699437
"(None, None)",40.958886,29.1357976,-0.016,0.0012049315264448524,0.0010216038208454847,0.02281220629811287,,,1757037497.7019348
"(None, None)",40.958886,29.1357976,-0.016,0.0012049315264448524,0.0010216038208454847,0.02281220629811287,,,1757037497.8340423
"(None, None)",40.958886,29.1357976,-0.016,0.0012049315264448524,0.0010216038208454847,0.02281220629811287,,,1757037497.9698393
"(None, None)",40.958886,29.1357976,-0.016,0.0012049315264448524,0.0010216038208454847,0.02281220629811287,,,1757037498.1018674
"(None, None)",40.958886,29.1357976,-0.016,0.0012049315264448524,0.0010216038208454847,0.02281220629811287,,,1757037498.237834
"(None, None)",40.958886,29.1357976,-0.016,0.0012049315264448524,0.0010216038208454847,0.02281220629811287,,,1757037498.3701077
"(None, None)",40.958886,29.1357976,-0.016,0.0012049315264448524,0.0010216038208454847,0.02281220629811287,,,1757037498.501994
"(None, None)",40.958886,29.1357976,-0.016,0.0012049315264448524,0.0010216038208454847,0.02281220629811287,,,1757037498.6379042
"(None, None)",40.958886,29.1357976,-0.016,0.0012049315264448524,0.0010216038208454847,0.02281220629811287,,,1757037498.7701356
"(None, None)",40.958886,29.1357976,-0.016,0.0012049315264448524,0.0010216038208454847,0.02281220629811287,,,1757037498.9020069
"(None, None)",40.958886,29.1357976,-0.016,0.0012049315264448524,0.0010216038208454847,0.02281220629811287,,,1757037499.0381854
"(None, None)",40.958886,29.1357976,-0.016,0.0012049315264448524,0.0010216038208454847,0.02281220629811287,,,1757037499.1700351
"(None, None)",40.958886,29.1357976,-0.016,0.0012049315264448524,0.0010216038208454847,0.02281220629811287,,,1757037499.3059628
"(None, None)",40.958886,29.1357976,-0.016,0.0012049315264448524,0.0010216038208454847,0.02281220629811287,,,1757037499.4379866
"(None, None)",40.958886,29.1357976,-0.016,0.0012049315264448524,0.0010216038208454847,0.02281220629811287,,,1757037499.5699992
"(None, None)",40.958886,29.1357976,-0.016,0.0012049315264448524,0.0010216038208454847,0.02281220629811287,,,1757037499.7061994
"(None, None)",40.958886,29.1357976,-0.016,0.0012049315264448524,0.0010216038208454847,0.02281220629811287,,,1757037499.84267
"(None, None)",40.958886,29.1357976,-0.016,0.0012049315264448524,0.0010216038208454847,0.02281220629811287,,,1757037499.9700751
"(None, None)",40.958886,29.1357976,-0.016,0.0012049315264448524,0.0010216038208454847,0.02281220629811287,,,1757037500.1059034
"(None, None)",40.958886,29.1357976,-0.016,0.0012049315264448524,0.0010216038208454847,0.02281220629811287,,,1757037500.238062
"(None, None)",40.958886,29.1357976,-0.016,0.0012049315264448524,0.0010216038208454847,0.02281220629811287,,,1757037500.37419
"(None, None)",40.958886,29.1357976,-0.016,0.0012049315264448524,0.0010216038208454847,0.02281220629811287,,,1757037500.5060642
"(None, None)",40.958886,29.1357976,-0.016,0.0012049315264448524,0.0010216038208454847,0.02281220629811287,,,1757037500.638202
"(None, None)",40.958886,29.1357976,-0.016,0.0012049315264448524,0.0010216038208454847,0.02281220629811287,,,1757037500.7740293
"(None, None)",40.958886,29.1357976,-0.016,0.0012049315264448524,0.0010216038208454847,0.02281220629811287,,,1757037500.9060059
"(None, None)",40.958886,29.1357976,-0.016,0.0012049315264448524,0.0010216038208454847,0.02281220629811287,,,1757037501.0421352
"(None, None)",40.958886,29.1357976,-0.016,0.0012049315264448524,0.0010216038208454847,0.02281220629811287,,,1757037501.1740494
"(None, None)",40.958886,29.1357976,-0.016,0.0012049315264448524,0.0010216038208454847,0.02281220629811287,,,1757037501.305969
"(None, None)",40.958886,29.1357976,-0.016,0.0012049315264448524,0.0010216038208454847,0.02281220629811287,,,1757037501.4419634
"(None, None)",40.958886,29.1357976,-0.016,0.0012049315264448524,0.0010216038208454847,0.02281220629811287,,,1757037501.5740097
"(None, None)",40.958886,29.1357976,-0.016,0.0012049315264448524,0.0010216038208454847,0.02281220629811287,,,1757037501.7059472
"(None, None)",40.958886,29.1357976,-0.016,0.0012049315264448524,0.0010216038208454847,0.02281220629811287,,,1757037501.84229
"(None, None)",40.958886,29.1357976,-0.016,0.0012049315264448524,0.0010216038208454847,0.02281220629811287,,,1757037501.9740987
"(None, None)",40.958886,29.1357976,-0.016,0.0012049315264448524,0.0010216038208454847,0.02281220629811287,,,1757037502.109963
"(None, None)",40.958886,29.1357976,-0.016,0.0012049315264448524,0.0010216038208454847,0.02281220629811287,,,1757037502.2418132
"(None, None)",40.958886,29.1357976,-0.016,0.0012049315264448524,0.0010216038208454847,0.02281220629811287,,,1757037502.3739116
"(None, None)",40.958886,29.1357976,-0.016,0.0012049315264448524,0.0010216038208454847,0.02281220629811287,,,1757037502.5099387
"(None, None)",40.958886,29.1357976,-0.016,0.0012049315264448524,0.0010216038208454847,0.02281220629811287,,,1757037502.6420388
"(None, None)",40.958886,29.1357976,-0.016,0.0012049315264448524,0.0010216038208454847,0.02281220629811287,,,1757037502.774034
"(None, None)",40.958886,29.1357976,-0.016,0.0012049315264448524,0.0010216038208454847,0.02281220629811287,,,1757037502.9099932
"(None, None)",40.958886,29.1357976,-0.016,0.0012049315264448524,0.0010216038208454847,0.02281220629811287,,,1757037503.0419762
"(None, None)",40.958886,29.1357976,-0.016,0.0012049315264448524,0.0010216038208454847,0.02281220629811287,,,1757037503.1780307
"(None, None)",40.958886,29.1357976,-0.016,0.0012049315264448524,0.0010216038208454847,0.02281220629811287,,,1757037503.3099616
"(None, None)",40.958886,29.1357976,-0.016,0.0012049315264448524,0.0010216038208454847,0.02281220629811287,,,1757037503.441933
"(None, None)",40.958886,29.1357976,-0.016,0.0012049315264448524,0.0010216038208454847,0.02281220629811287,,,1757037503.577836
"(None, None)",40.958886,29.1357976,-0.016,0.0012049315264448524,0.0010216038208454847,0.02281220629811287,,,1757037503.7102103
"(None, None)",40.958886,29.1357976,-0.016,0.0012049315264448524,0.0010216038208454847,0.02281220629811287,,,1757037503.8420408
"(None, None)",40.958886,29.1357976,-0.016,0.0012049315264448524,0.0010216038208454847,0.02281220629811287,,,1757037503.9778955
"(None, None)",40.958886,29.1357976,-0.016,0.0012049315264448524,0.0010216038208454847,0.02281220629811287,,,1757037504.1098251
"(None, None)",40.958886,29.1357976,-0.016,0.0012049315264448524,0.0010216038208454847,0.02281220629811287,,,1757037504.2460163
"(None, None)",40.958886,29.1357976,-0.016,0.0012049315264448524,0.0010216038208454847,0.02281220629811287,,,1757037504.3780375
"(None, None)",40.958886,29.1357976,-0.016,0.0012049315264448524,0.0010216038208454847,0.02281220629811287,,,1757037504.5100238
"(None, None)",40.958886,29.1357976,-0.016,0.0012049315264448524,0.0010216038208454847,0.02281220629811287,,,1757037504.645991
"(None, None)",40.958886,29.1357976,-0.016,0.0012049315264448524,0.0010216038208454847,0.02281220629811287,,,1757037504.7781844
"(None, None)",40.958886,29.1357976,-0.016,0.0012049315264448524,0.0010216038208454847,0.02281220629811287,,,1757037504.914914
"(None, None)",40.958886,29.1357976,-0.016,0.0012049315264448524,0.0010216038208454847,0.02281220629811287,,,1757037505.0464249
"(None, None)",40.958886,29.1357976,-0.016,0.0012049315264448524,0.0010216038208454847,0.02281220629811287,,,1757037505.1783104
"(None, None)",40.958886,29.1357976,-0.016,0.0012049315264448524,0.0010216038208454847,0.02281220629811287,,,1757037505.3140483
"(None, None)",40.958886,29.1357976,-0.016,0.0012049315264448524,0.0010216038208454847,0.02281220629811287,,,1757037505.4461975
"(None, None)",40.958886,29.1357976,-0.016,0.0012049315264448524,0.0010216038208454847,0.02281220629811287,,,1757037505.5778964
"(None, None)",40.958886,29.1357976,-0.016,0.0012049315264448524,0.0010216038208454847,0.02281220629811287,,,1757037505.7140841
"(None, None)",40.958886,29.1357976,-0.016,0.0012049315264448524,0.0010216038208454847,0.02281220629811287,,,1757037505.845995
"(None, None)",40.958886,29.1357976,-0.016,0.0012049315264448524,0.0010216038208454847,0.02281220629811287,,,1757037505.977984
"(None, None)",40.958886,29.1357976,-0.016,0.0012049315264448524,0.0010216038208454847,0.02281220629811287,,,1757037506.1138792
"(None, None)",40.958886,29.1357976,-0.016,0.0012049315264448524,0.0010216038208454847,0.02281220629811287,,,1757037506.2459714
"(None, None)",40.958886,29.1357976,-0.016,0.0012049315264448524,0.0010216038208454847,0.02281220629811287,,,1757037506.3819172
"(None, None)",40.958886,29.1357976,-0.016,0.0012049315264448524,0.0010216038208454847,0.02281220629811287,,,1757037506.514547
"(None, None)",40.958886,29.1357976,-0.016,0.0012049315264448524,0.0010216038208454847,0.02281220629811287,,,1757037506.6459613
"(None, None)",40.958886,29.1357976,-0.016,0.0012049315264448524,0.0010216038208454847,0.02281220629811287,,,1757037506.7818332
"(None, None)",40.958886,29.1357976,-0.016,0.0012049315264448524,0.0010216038208454847,0.02281220629811287,,,1757037506.913798
"(None, None)",40.958886,29.1357976,-0.016,0.0012049315264448524,0.0010216038208454847,0.02281220629811287,,,1757037507.0459244
"(None, None)",40.958886,29.1357976,-0.016,0.0012049315264448524,0.0010216038208454847,0.02281220629811287,,,1757037507.1820626
"(None, None)",40.958886,29.1357976,-0.016,0.0012049315264448524,0.0010216038208454847,0.02281220629811287,,,1757037507.313931
"(None, None)",40.958886,29.1357976,-0.016,0.0012049315264448524,0.0010216038208454847,0.02281220629811287,,,1757037507.4502218
"(None, None)",40.958886,29.1357976,-0.016,0.0012049315264448524,0.0010216038208454847,0.02281220629811287,,,1757037507.5819802
"(None, None)",40.958886,29.1357976,-0.016,0.0012049315264448524,0.0010216038208454847,0.02281220629811287,,,1757037507.7140129
"(None, None)",40.958886,29.1357976,-0.016,0.0012049315264448524,0.0010216038208454847,0.02281220629811287,,,1757037507.8498347
"(None, None)",40.958886,29.1357976,-0.016,0.0012049315264448524,0.0010216038208454847,0.02281220629811287,,,1757037507.9820557
"(None, None)",40.958886,29.1357976,-0.016,0.0012049315264448524,0.0010216038208454847,0.02281220629811287,,,1757037508.118015
"(None, None)",40.958886,29.1357976,-0.016,0.0012049315264448524,0.0010216038208454847,0.02281220629811287,,,1757037508.2500825
"(None, None)",40.958886,29.1357976,-0.016,0.0012049315264448524,0.0010216038208454847,0.02281220629811287,,,1757037508.3820572
"(None, None)",40.958886,29.1357976,-0.016,0.0012049315264448524,0.0010216038208454847,0.02281220629811287,,,1757037508.5181115
"(None, None)",40.958886,29.1357976,-0.016,0.0012049315264448524,0.0010216038208454847,0.02281220629811287,,,1757037508.650183
"(None, None)",40.958886,29.1357976,-0.016,0.0012049315264448524,0.0010216038208454847,0.02281220629811287,,,1757037508.7819762
"(None, None)",40.958886,29.1357976,-0.016,0.0012049315264448524,0.0010216038208454847,0.02281220629811287,,,1757037508.9179382
"(None, None)",40.958886,29.1357976,-0.016,0.0012049315264448524,0.0010216038208454847,0.02281220629811287,,,1757037509.0500088
"(None, None)",40.958886,29.1357976,-0.016,0.0012049315264448524,0.0010216038208454847,0.02281220629811287,,,1757037509.1860971
"(None, None)",40.958886,29.1357976,-0.016,0.0012049315264448524,0.0010216038208454847,0.02281220629811287,,,1757037509.317928
"(None, None)",40.958886,29.1357976,-0.016,0.0012049315264448524,0.0010216038208454847,0.02281220629811287,,,1757037509.4498913
"(None, None)",40.958886,29.1357976,-0.016,0.0012049315264448524,0.0010216038208454847,0.02281220629811287,,,1757037509.586072
"(None, None)",40.958886,29.1357976,-0.016,0.0012049315264448524,0.0010216038208454847,0.02281220629811287,,,1757037509.7179856
"(None, None)",40.958886,29.1357976,-0.016,0.0012049315264448524,0.0010216038208454847,0.02281220629811287,,,1757037509.8499649
"(None, None)",40.958886,29.1357976,-0.016,0.0012049315264448524,0.0010216038208454847,0.02281220629811287,,,1757037509.986196
"(None, None)",40.958886,29.1357976,-0.016,0.0012049315264448524,0.0010216038208454847,0.02281220629811287,,,1757037510.1180472
"(None, None)",40.958886,29.1357976,-0.016,0.0012049315264448524,0.0010216038208454847,0.02281220629811287,,,1757037510.2540781
"(None, None)",40.958886,29.1357976,-0.016,0.0012049315264448524,0.0010216038208454847,0.02281220629811287,,,1757037510.3860514
"(None, None)",40.958886,29.1357976,-0.016,0.0012049315264448524,0.0010216038208454847,0.02281220629811287,,,1757037510.5181003
"(None, None)",40.958886,29.1357976,-0.016,0.0012049315264448524,0.0010216038208454847,0.02281220629811287,,,1757037510.654028
"(None, None)",40.958886,29.1357976,-0.016,0.0012049315264448524,0.0010216038208454847,0.02281220629811287,,,1757037510.7858233
"(None, None)",40.958886,29.1357976,-0.016,0.0012049315264448524,0.0010216038208454847,0.02281220629811287,,,1757037510.917893
"(None, None)",40.958886,29.1357976,-0.016,0.0012049315264448524,0.0010216038208454847,0.02281220629811287,,,1757037511.054501
"(None, None)",40.958886,29.1357976,-0.016,0.0012049315264448524,0.0010216038208454847,0.02281220629811287,,,1757037511.1859996
"(None, None)",40.958886,29.1357976,-0.016,0.0012049315264448524,0.0010216038208454847,0.02281220629811287,,,1757037511.3218946
"(None, None)",40.958886,29.1357976,-0.016,0.0012049315264448524,0.0010216038208454847,0.02281220629811287,,,1757037511.4541671
"(None, None)",40.958886,29.1357976,-0.016,0.0012049315264448524,0.0010216038208454847,0.02281220629811287,,,1757037511.5860577
"(None, None)",40.958886,29.1357976,-0.016,0.0012049315264448524,0.0010216038208454847,0.02281220629811287,,,1757037511.722357
"(None, None)",40.958886,29.1357976,-0.016,0.0012049315264448524,0.0010216038208454847,0.02281220629811287,,,1757037511.8539503
"(None, None)",40.958886,29.1357976,-0.016,0.0012049315264448524,0.0010216038208454847,0.02281220629811287,,,1757037511.9860048
"(None, None)",40.958886,29.1357976,-0.016,0.0012049315264448524,0.0010216038208454847,0.02281220629811287,,,1757037512.121907
"(None, None)",40.958886,29.1357976,-0.016,0.0012049315264448524,0.0010216038208454847,0.02281220629811287,,,1757037512.2542832
"(None, None)",40.958886,29.1357976,-0.016,0.0012049315264448524,0.0010216038208454847,0.02281220629811287,,,1757037512.3899202
"(None, None)",40.958886,29.1357976,-0.016,0.0012049315264448524,0.0010216038208454847,0.02281220629811287,,,1757037512.5218818
"(None, None)",40.958886,29.1357976,-0.016,0.0012049315264448524,0.0010216038208454847,0.02281220629811287,,,1757037512.654051
"(None, None)",40.958886,29.1357976,-0.016,0.0012049315264448524,0.0010216038208454847,0.02281220629811287,,,1757037512.790164
"(None, None)",40.958886,29.1357976,-0.016,0.0012049315264448524,0.0010216038208454847,0.02281220629811287,,,1757037512.9220822
"(None, None)",40.958886,29.1357976,-0.016,0.0012049315264448524,0.0010216038208454847,0.02281220629811287,,,1757037513.053894
"(None, None)",40.958886,29.1357976,-0.016,0.0012049315264448524,0.0010216038208454847,0.02281220629811287,,,1757037513.1899288
"(None, None)",40.958886,29.1357976,-0.016,0.0012049315264448524,0.0010216038208454847,0.02281220629811287,,,1757037513.3218625
"(None, None)",40.958886,29.1357976,-0.016,0.0012049315264448524,0.0010216038208454847,0.02281220629811287,,,1757037513.457884
"(None, None)",40.958886,29.1357976,-0.016,0.0012049315264448524,0.0010216038208454847,0.02281220629811287,,,1757037513.5899968
"(None, None)",40.958886,29.1357976,-0.016,0.0012049315264448524,0.0010216038208454847,0.02281220629811287,,,1757037513.7222524
"(None, None)",40.958886,29.1357976,-0.016,0.0012049315264448524,0.0010216038208454847,0.02281220629811287,,,1757037513.8580096
"(None, None)",40.958886,29.1357976,-0.016,0.0012049315264448524,0.0010216038208454847,0.02281220629811287,,,1757037513.9900358
"(None, None)",40.958886,29.1357976,-0.016,0.0012049315264448524,0.0010216038208454847,0.02281220629811287,,,1757037514.1258936
"(None, None)",40.958886,29.1357976,-0.016,0.0012049315264448524,0.0010216038208454847,0.02281220629811287,,,1757037514.257855
"(None, None)",40.958886,29.1357976,-0.016,0.0012049315264448524,0.0010216038208454847,0.02281220629811287,,,1757037514.3900824
"(None, None)",40.958886,29.1357976,-0.016,0.0012049315264448524,0.0010216038208454847,0.02281220629811287,,,1757037514.5258746
"(None, None)",40.958886,29.1357976,-0.016,0.0012049315264448524,0.0010216038208454847,0.02281220629811287,,,1757037514.658234
"(None, None)",40.958886,29.1357976,-0.016,0.0012049315264448524,0.0010216038208454847,0.02281220629811287,,,1757037514.7901225
"(None, None)",40.958886,29.1357976,-0.016,0.0012049315264448524,0.0010216038208454847,0.02281220629811287,,,1757037514.9260163
"(None, None)",40.958886,29.1357976,-0.016,0.0012049315264448524,0.0010216038208454847,0.02281220629811287,,,1757037515.0582435
"(None, None)",40.958886,29.1357976,-0.016,0.0012049315264448524,0.0010216038208454847,0.02281220629811287,,,1757037515.1939719
"(None, None)",40.958886,29.1357976,-0.016,0.0012049315264448524,0.0010216038208454847,0.02281220629811287,,,1757037515.3258739
"(None, None)",40.958886,29.1357976,-0.016,0.0012049315264448524,0.0010216038208454847,0.02281220629811287,,,1757037515.4578912
"(None, None)",40.958886,29.1357976,-0.016,0.0012049315264448524,0.0010216038208454847,0.02281220629811287,,,1757037515.5940235
"(None, None)",40.958886,29.1357976,-0.016,0.0012049315264448524,0.0010216038208454847,0.02281220629811287,,,1757037515.7263706
"(None, None)",40.958886,29.1357976,-0.016,0.0012049315264448524,0.0010216038208454847,0.02281220629811287,,,1757037515.8580017
"(None, None)",40.958886,29.1357976,-0.016,0.0012049315264448524,0.0010216038208454847,0.02281220629811287,,,1757037515.9940314
"(None, None)",40.958886,29.1357976,-0.016,0.0012049315264448524,0.0010216038208454847,0.02281220629811287,,,1757037516.1258905
"(None, None)",40.958886,29.1357976,-0.016,0.0012049315264448524,0.0010216038208454847,0.02281220629811287,,,1757037516.2618544
"(None, None)",40.958886,29.1357976,-0.016,0.0012049315264448524,0.0010216038208454847,0.02281220629811287,,,1757037516.3937757
"(None, None)",40.958886,29.1357976,-0.016,0.0012049315264448524,0.0010216038208454847,0.02281220629811287,,,1757037516.5258305
"(None, None)",40.958886,29.1357976,-0.016,0.0012049315264448524,0.0010216038208454847,0.02281220629811287,,,1757037516.6619208
"(None, None)",40.958886,29.1357976,-0.016,0.0012049315264448524,0.0010216038208454847,0.02281220629811287,,,1757037516.794048
"(None, None)",40.958886,29.1357976,-0.016,0.0012049315264448524,0.0010216038208454847,0.02281220629811287,,,1757037516.9258592
"(None, None)",40.958886,29.1357976,-0.016,0.0012049315264448524,0.0010216038208454847,0.02281220629811287,,,1757037517.0619147
"(None, None)",40.958886,29.1357976,-0.016,0.0012049315264448524,0.0010216038208454847,0.02281220629811287,,,1757037517.1940095
"(None, None)",40.958886,29.1357976,-0.016,0.0012049315264448524,0.0010216038208454847,0.02281220629811287,,,1757037517.3298326
"(None, None)",40.958886,29.1357976,-0.016,0.0012049315264448524,0.0010216038208454847,0.02281220629811287,,,1757037517.4620411
"(None, None)",40.958886,29.1357976,-0.016,0.0012049315264448524,0.0010216038208454847,0.02281220629811287,,,1757037517.5939484
"(None, None)",40.958886,29.1357976,-0.016,0.0012049315264448524,0.0010216038208454847,0.02281220629811287,,,1757037517.7297266
"(None, None)",40.958886,29.1357976,-0.016,0.0012049315264448524,0.0010216038208454847,0.02281220629811287,,,1757037517.8618603
"(None, None)",40.958886,29.1357976,-0.016,0.0012049315264448524,0.0010216038208454847,0.02281220629811287,,,1757037517.993948
"(None, None)",40.958886,29.1357976,-0.016,0.0012049315264448524,0.0010216038208454847,0.02281220629811287,,,1757037518.1298957
"(None, None)",40.958886,29.1357976,-0.016,0.0012049315264448524,0.0010216038208454847,0.02281220629811287,,,1757037518.2618997
"(None, None)",40.958886,29.1357976,-0.016,0.0012049315264448524,0.0010216038208454847,0.02281220629811287,,,1757037518.3982372
"(None, None)",40.958886,29.1357976,-0.016,0.0012049315264448524,0.0010216038208454847,0.02281220629811287,,,1757037518.5299473
"(None, None)",40.958886,29.1357976,-0.016,0.0012049315264448524,0.0010216038208454847,0.02281220629811287,,,1757037518.6620224
"(None, None)",40.958886,29.1357976,-0.016,0.0012049315264448524,0.0010216038208454847,0.02281220629811287,,,1757037518.7980676
"(None, None)",40.958886,29.1357976,-0.016,0.0012049315264448524,0.0010216038208454847,0.02281220629811287,,,1757037518.9299226
"(None, None)",40.958886,29.1357976,-0.016,0.0012049315264448524,0.0010216038208454847,0.02281220629811287,,,1757037519.0619712
"(None, None)",40.958886,29.1357976,-0.016,0.0012049315264448524,0.0010216038208454847,0.02281220629811287,,,1757037519.1980245
"(None, None)",40.958886,29.1357976,-0.016,0.0012049315264448524,0.0010216038208454847,0.02281220629811287,,,1757037519.329995
"(None, None)",40.958886,29.1357976,-0.016,0.0012049315264448524,0.0010216038208454847,0.02281220629811287,,,1757037519.4659436
"(None, None)",40.958886,29.1357976,-0.016,0.0012049315264448524,0.0010216038208454847,0.02281220629811287,,,1757037519.5979297
"(None, None)",40.958886,29.1357976,-0.016,0.0012049315264448524,0.0010216038208454847,0.02281220629811287,,,1757037519.7299411
"(None, None)",40.958886,29.1357976,-0.016,0.0012049315264448524,0.0010216038208454847,0.02281220629811287,,,1757037519.8659472
"(None, None)",40.958886,29.1357976,-0.016,0.0012049315264448524,0.0010216038208454847,0.02281220629811287,,,1757037519.9980323
"(None, None)",40.958886,29.1357976,-0.016,0.0012049315264448524,0.0010216038208454847,0.02281220629811287,,,1757037520.1339636
"(None, None)",40.958886,29.1357976,-0.016,0.0012049315264448524,0.0010216038208454847,0.02281220629811287,,,1757037520.2659218
"(None, None)",40.958886,29.1357976,-0.016,0.0012049315264448524,0.0010216038208454847,0.02281220629811287,,,1757037520.3978975
"(None, None)",40.958886,29.1357976,-0.016,0.0012049315264448524,0.0010216038208454847,0.02281220629811287,,,1757037520.5339549
"(None, None)",40.958886,29.1357976,-0.016,0.0012049315264448524,0.0010216038208454847,0.02281220629811287,,,1757037520.6658878
"(None, None)",40.958886,29.1357976,-0.016,0.0012049315264448524,0.0010216038208454847,0.02281220629811287,,,1757037520.7978582
"(None, None)",40.958886,29.1357976,-0.016,0.0012049315264448524,0.0010216038208454847,0.02281220629811287,,,1757037520.9338956
"(None, None)",40.958886,29.1357976,-0.016,0.0012049315264448524,0.0010216038208454847,0.02281220629811287,,,1757037521.0659099
"(None, None)",40.958886,29.1357976,-0.016,0.0012049315264448524,0.0010216038208454847,0.02281220629811287,,,1757037521.2020786
"(None, None)",40.958886,29.1357976,-0.016,0.0012049315264448524,0.0010216038208454847,0.02281220629811287,,,1757037521.3339477
"(None, None)",40.958886,29.1357976,-0.016,0.0012049315264448524,0.0010216038208454847,0.02281220629811287,,,1757037521.466003
"(None, None)",40.958886,29.1357976,-0.016,0.0012049315264448524,0.0010216038208454847,0.02281220629811287,,,1757037521.6019287
"(None, None)",40.958886,29.1357976,-0.016,0.0012049315264448524,0.0010216038208454847,0.02281220629811287,,,1757037521.7339525
"(None, None)",40.958886,29.1357976,-0.016,0.0012049315264448524,0.0010216038208454847,0.02281220629811287,,,1757037521.86589
"(None, None)",40.958886,29.1357976,-0.016,0.0012049315264448524,0.0010216038208454847,0.02281220629811287,,,1757037522.0019684
"(None, None)",40.958886,29.1357976,-0.016,0.0012049315264448524,0.0010216038208454847,0.02281220629811287,,,1757037522.1338177
"(None, None)",40.958886,29.1357976,-0.016,0.0012049315264448524,0.0010216038208454847,0.02281220629811287,,,1757037522.2700477
"(None, None)",40.958886,29.1357976,-0.016,0.0012049315264448524,0.0010216038208454847,0.02281220629811287,,,1757037522.4019897
"(None, None)",40.958886,29.1357976,-0.016,0.0012049315264448524,0.0010216038208454847,0.02281220629811287,,,1757037522.5338945
"(None, None)",40.958886,29.1357976,-0.016,0.0012049315264448524,0.0010216038208454847,0.02281220629811287,,,1757037522.6700687
"(None, None)",40.958886,29.1357976,-0.016,0.0012049315264448524,0.0010216038208454847,0.02281220629811287,,,1757037522.8020234
"(None, None)",40.958886,29.1357976,-0.016,0.0012049315264448524,0.0010216038208454847,0.02281220629811287,,,1757037522.9340405
"(None, None)",40.958886,29.1357976,-0.016,0.0012049315264448524,0.0010216038208454847,0.02281220629811287,,,1757037523.0699005
"(None, None)",40.958886,29.1357976,-0.016,0.0012049315264448524,0.0010216038208454847,0.02281220629811287,,,1757037523.2020345
"(None, None)",40.958886,29.1357976,-0.016,0.0012049315264448524,0.0010216038208454847,0.02281220629811287,,,1757037523.337952
"(None, None)",40.958886,29.1357976,-0.016,0.0012049315264448524,0.0010216038208454847,0.02281220629811287,,,1757037523.469948
"(None, None)",40.958886,29.1357976,-0.016,0.0012049315264448524,0.0010216038208454847,0.02281220629811287,,,1757037523.602003
"(None, None)",40.958886,29.1357976,-0.016,0.0012049315264448524,0.0010216038208454847,0.02281220629811287,,,1757037523.737989
"(None, None)",40.958886,29.1357976,-0.016,0.0012049315264448524,0.0010216038208454847,0.02281220629811287,,,1757037523.869879
"(None, None)",40.958886,29.1357976,-0.016,0.0012049315264448524,0.0010216038208454847,0.02281220629811287,,,1757037524.0024314
"(None, None)",40.958886,29.1357976,-0.016,0.0012049315264448524,0.0010216038208454847,0.02281220629811287,,,1757037524.1379192
"(None, None)",40.958886,29.1357976,-0.016,0.0012049315264448524,0.0010216038208454847,0.02281220629811287,,,1757037524.2699513
"(None, None)",40.958886,29.1357976,-0.016,0.0012049315264448524,0.0010216038208454847,0.02281220629811287,,,1757037524.4059968
"(None, None)",40.958886,29.1357976,-0.016,0.0012049315264448524,0.0010216038208454847,0.02281220629811287,,,1757037524.5379028
"(None, None)",40.958886,29.1357976,-0.016,0.0012049315264448524,0.0010216038208454847,0.02281220629811287,,,1757037524.6699793
"(None, None)",40.958886,29.1357976,-0.016,0.0012049315264448524,0.0010216038208454847,0.02281220629811287,,,1757037524.8061945
"(None, None)",40.958886,29.1357976,-0.016,0.0012049315264448524,0.0010216038208454847,0.02281220629811287,,,1757037524.938041
"(None, None)",40.958886,29.1357976,-0.016,0.0012049315264448524,0.0010216038208454847,0.02281220629811287,,,1757037525.0704508
"(None, None)",40.958886,29.1357976,-0.016,0.0012049315264448524,0.0010216038208454847,0.02281220629811287,,,1757037525.2059524
"(None, None)",40.958886,29.1357976,-0.016,0.0012049315264448524,0.0010216038208454847,0.02281220629811287,,,1757037525.338045
"(None, None)",40.958886,29.1357976,-0.016,0.0012049315264448524,0.0010216038208454847,0.02281220629811287,,,1757037525.4740818
"(None, None)",40.958886,29.1357976,-0.016,0.0012049315264448524,0.0010216038208454847,0.02281220629811287,,,1757037525.605922
"(None, None)",40.958886,29.1357976,-0.016,0.0012049315264448524,0.0010216038208454847,0.02281220629811287,,,1757037525.73793
"(None, None)",40.958886,29.1357976,-0.016,0.0012049315264448524,0.0010216038208454847,0.02281220629811287,,,1757037525.873921
"(None, None)",40.958886,29.1357976,-0.016,0.0012049315264448524,0.0010216038208454847,0.02281220629811287,,,1757037526.005839
"(None, None)",40.958886,29.1357976,-0.016,0.0012049315264448524,0.0010216038208454847,0.02281220629811287,,,1757037526.1420531
"(None, None)",40.958886,29.1357976,-0.016,0.0012049315264448524,0.0010216038208454847,0.02281220629811287,,,1757037526.2739532
"(None, None)",40.958886,29.1357976,-0.016,0.0012049315264448524,0.0010216038208454847,0.02281220629811287,,,1757037526.4058697
"(None, None)",40.958886,29.1357976,-0.016,0.0012049315264448524,0.0010216038208454847,0.02281220629811287,,,1757037526.5419276
"(None, None)",40.958886,29.1357976,-0.016,0.0012049315264448524,0.0010216038208454847,0.02281220629811287,,,1757037526.6739364
"(None, None)",40.958886,29.1357976,-0.016,0.0012049315264448524,0.0010216038208454847,0.02281220629811287,,,1757037526.8059945
"(None, None)",40.958886,29.1357976,-0.016,0.0012049315264448524,0.0010216038208454847,0.02281220629811287,,,1757037526.941901
"(None, None)",40.958886,29.1357976,-0.016,0.0012049315264448524,0.0010216038208454847,0.02281220629811287,,,1757037527.073956
"(None, None)",40.958886,29.1357976,-0.016,0.0012049315264448524,0.0010216038208454847,0.02281220629811287,,,1757037527.2100122
"(None, None)",40.958886,29.1357976,-0.016,0.0012049315264448524,0.0010216038208454847,0.02281220629811287,,,1757037527.3419023
"(None, None)",40.958886,29.1357976,-0.016,0.0012049315264448524,0.0010216038208454847,0.02281220629811287,,,1757037527.4739618
"(None, None)",40.958886,29.1357976,-0.016,0.0012049315264448524,0.0010216038208454847,0.02281220629811287,,,1757037527.610122
"(None, None)",40.958886,29.1357976,-0.016,0.0012049315264448524,0.0010216038208454847,0.02281220629811287,,,1757037527.7418659
"(None, None)",40.958886,29.1357976,-0.016,0.0012049315264448524,0.0010216038208454847,0.02281220629811287,,,1757037527.874168
"(None, None)",40.958886,29.1357976,-0.016,0.0012049315264448524,0.0010216038208454847,0.02281220629811287,,,1757037528.0103881
"(None, None)",40.958886,29.1357976,-0.016,0.0012049315264448524,0.0010216038208454847,0.02281220629811287,,,1757037528.141779
"(None, None)",40.958886,29.1357976,-0.016,0.0012049315264448524,0.0010216038208454847,0.02281220629811287,,,1757037528.277966
"(None, None)",40.958886,29.1357976,-0.016,0.0012049315264448524,0.0010216038208454847,0.02281220629811287,,,1757037528.4100075
"(None, None)",40.958886,29.1357976,-0.016,0.0012049315264448524,0.0010216038208454847,0.02281220629811287,,,1757037528.542316
"(None, None)",40.958886,29.1357976,-0.016,0.0012049315264448524,0.0010216038208454847,0.02281220629811287,,,1757037528.6778307
"(None, None)",40.958886,29.1357976,-0.016,0.0012049315264448524,0.0010216038208454847,0.02281220629811287,,,1757037528.8103106
"(None, None)",40.958886,29.1357976,-0.016,0.0012049315264448524,0.0010216038208454847,0.02281220629811287,,,1757037528.9420307
"(None, None)",40.958886,29.1357976,-0.016,0.0012049315264448524,0.0010216038208454847,0.02281220629811287,,,1757037529.07786
"(None, None)",40.958886,29.1357976,-0.016,0.0012049315264448524,0.0010216038208454847,0.02281220629811287,,,1757037529.2099175
"(None, None)",40.958886,29.1357976,-0.016,0.0012049315264448524,0.0010216038208454847,0.02281220629811287,,,1757037529.345987
"(None, None)",40.958886,29.1357976,-0.016,0.0012049315264448524,0.0010216038208454847,0.02281220629811287,,,1757037529.4780035
"(None, None)",40.958886,29.1357976,-0.016,0.0012049315264448524,0.0010216038208454847,0.02281220629811287,,,1757037529.6099272
"(None, None)",40.958886,29.1357976,-0.016,0.0012049315264448524,0.0010216038208454847,0.02281220629811287,,,1757037529.7459536
"(None, None)",40.958886,29.1357976,-0.016,0.0012049315264448524,0.0010216038208454847,0.02281220629811287,,,1757037529.8779724
"(None, None)",40.958886,29.1357976,-0.016,0.0012049315264448524,0.0010216038208454847,0.02281220629811287,,,1757037530.0101297
"(None, None)",40.958886,29.1357976,-0.016,0.0012049315264448524,0.0010216038208454847,0.02281220629811287,,,1757037530.1460757
"(None, None)",40.958886,29.1357976,-0.016,0.0012049315264448524,0.0010216038208454847,0.02281220629811287,,,1757037530.2779145
"(None, None)",40.958886,29.1357976,-0.016,0.0012049315264448524,0.0010216038208454847,0.02281220629811287,,,1757037530.4139898
"(None, None)",40.958886,29.1357976,-0.016,0.0012049315264448524,0.0010216038208454847,0.02281220629811287,,,1757037530.545806
"(None, None)",40.958886,29.1357976,-0.016,0.0012049315264448524,0.0010216038208454847,0.02281220629811287,,,1757037530.6780555
"(None, None)",40.958886,29.1357976,-0.016,0.0012049315264448524,0.0010216038208454847,0.02281220629811287,,,1757037530.8139489
"(None, None)",40.958886,29.1357976,-0.016,0.0012049315264448524,0.0010216038208454847,0.02281220629811287,,,1757037530.9460611
"(None, None)",40.958886,29.1357976,-0.016,0.0012049315264448524,0.0010216038208454847,0.02281220629811287,,,1757037531.0779576
"(None, None)",40.958886,29.1357976,-0.016,0.0012049315264448524,0.0010216038208454847,0.02281220629811287,,,1757037531.2139764
"(None, None)",40.958886,29.1357976,-0.016,0.0012049315264448524,0.0010216038208454847,0.02281220629811287,,,1757037531.346323
"(None, None)",40.958886,29.1357976,-0.016,0.0012049315264448524,0.0010216038208454847,0.02281220629811287,,,1757037531.4820223
"(None, None)",40.958886,29.1357976,-0.016,0.0012049315264448524,0.0010216038208454847,0.02281220629811287,,,1757037531.614073
"(None, None)",40.958886,29.1357976,-0.016,0.0012049315264448524,0.0010216038208454847,0.02281220629811287,,,1757037531.7460663
"(None, None)",40.958886,29.1357976,-0.016,0.0012049315264448524,0.0010216038208454847,0.02281220629811287,,,1757037531.88206
"(None, None)",40.958886,29.1357976,-0.016,0.0012049315264448524,0.0010216038208454847,0.02281220629811287,,,1757037532.0142126
"(None, None)",40.958886,29.1357976,-0.016,0.0012049315264448524,0.0010216038208454847,0.02281220629811287,,,1757037532.1501966
"(None, None)",40.958886,29.1357976,-0.016,0.0012049315264448524,0.0010216038208454847,0.02281220629811287,,,1757037532.2821703
"(None, None)",40.958886,29.1357976,-0.016,0.0012049315264448524,0.0010216038208454847,0.02281220629811287,,,1757037532.4141862
"(None, None)",40.958886,29.1357976,-0.016,0.0012049315264448524,0.0010216038208454847,0.02281220629811287,,,1757037532.5502408
"(None, None)",40.958886,29.1357976,-0.016,0.0012049315264448524,0.0010216038208454847,0.02281220629811287,,,1757037532.6822224
"(None, None)",40.958886,29.1357976,-0.016,0.0012049315264448524,0.0010216038208454847,0.02281220629811287,,,1757037532.8141415
"(None, None)",40.958886,29.1357976,-0.016,0.0012049315264448524,0.0010216038208454847,0.02281220629811287,,,1757037532.9497986
"(None, None)",40.958886,29.1357976,-0.016,0.0012049315264448524,0.0010216038208454847,0.02281220629811287,,,1757037533.0819287
"(None, None)",40.958886,29.1357976,-0.016,0.0012049315264448524,0.0010216038208454847,0.02281220629811287,,,1757037533.218052
"(None, None)",40.958886,29.1357976,-0.016,0.0012049315264448524,0.0010216038208454847,0.02281220629811287,,,1757037533.34996
"(None, None)",40.958886,29.1357976,-0.016,0.0012049315264448524,0.0010216038208454847,0.02281220629811287,,,1757037533.4819584
"(None, None)",40.958886,29.1357976,-0.016,0.0012049315264448524,0.0010216038208454847,0.02281220629811287,,,1757037533.6179152
"(None, None)",40.958886,29.1357976,-0.016,0.0012049315264448524,0.0010216038208454847,0.02281220629811287,,,1757037533.7499068
"(None, None)",40.958886,29.1357976,-0.016,0.0012049315264448524,0.0010216038208454847,0.02281220629811287,,,1757037533.8819082
"(None, None)",40.958886,29.1357976,-0.016,0.0012049315264448524,0.0010216038208454847,0.02281220629811287,,,1757037534.017909
"(None, None)",40.958886,29.1357976,-0.016,0.0012049315264448524,0.0010216038208454847,0.02281220629811287,,,1757037534.149992
"(None, None)",40.958886,29.1357976,-0.016,0.0012049315264448524,0.0010216038208454847,0.02281220629811287,,,1757037534.2860441
"(None, None)",40.958886,29.1357976,-0.016,0.0012049315264448524,0.0010216038208454847,0.02281220629811287,,,1757037534.418002
"(None, None)",40.958886,29.1357976,-0.016,0.0012049315264448524,0.0010216038208454847,0.02281220629811287,,,1757037534.5500581
"(None, None)",40.958886,29.1357976,-0.016,0.0012049315264448524,0.0010216038208454847,0.02281220629811287,,,1757037534.6859732
"(None, None)",40.958886,29.1357976,-0.016,0.0012049315264448524,0.0010216038208454847,0.02281220629811287,,,1757037534.817946
"(None, None)",40.958886,29.1357976,-0.016,0.0012049315264448524,0.0010216038208454847,0.02281220629811287,,,1757037534.949936
"(None, None)",40.958886,29.1357976,-0.016,0.0012049315264448524,0.0010216038208454847,0.02281220629811287,,,1757037535.0859523
"(None, None)",40.958886,29.1357976,-0.016,0.0012049315264448524,0.0010216038208454847,0.02281220629811287,,,1757037535.2178853
"(None, None)",40.958886,29.1357976,-0.016,0.0012049315264448524,0.0010216038208454847,0.02281220629811287,,,1757037535.3540912
"(None, None)",40.958886,29.1357976,-0.016,0.0012049315264448524,0.0010216038208454847,0.02281220629811287,,,1757037535.485931
"(None, None)",40.958886,29.1357976,-0.016,0.0012049315264448524,0.0010216038208454847,0.02281220629811287,,,1757037535.617895
"(None, None)",40.958886,29.1357976,-0.016,0.0012049315264448524,0.0010216038208454847,0.02281220629811287,,,1757037535.7541502
"(None, None)",40.958886,29.1357976,-0.016,0.0012049315264448524,0.0010216038208454847,0.02281220629811287,,,1757037535.8858879
"(None, None)",40.958886,29.1357976,-0.016,0.0012049315264448524,0.0010216038208454847,0.02281220629811287,,,1757037536.0184195
"(None, None)",40.958886,29.1357976,-0.016,0.0012049315264448524,0.0010216038208454847,0.02281220629811287,,,1757037536.1541
"(None, None)",40.958886,29.1357976,-0.016,0.0012049315264448524,0.0010216038208454847,0.02281220629811287,,,1757037536.2865503
"(None, None)",40.958886,29.1357976,-0.016,0.0012049315264448524,0.0010216038208454847,0.02281220629811287,,,1757037536.4220688
"(None, None)",40.958886,29.1357976,-0.016,0.0012049315264448524,0.0010216038208454847,0.02281220629811287,,,1757037536.5539303
"(None, None)",40.958886,29.1357976,-0.016,0.0012049315264448524,0.0010216038208454847,0.02281220629811287,,,1757037536.6860802
"(None, None)",40.958886,29.1357976,-0.016,0.0012049315264448524,0.0010216038208454847,0.02281220629811287,,,1757037536.821863
"(None, None)",40.958886,29.1357976,-0.016,0.0012049315264448524,0.0010216038208454847,0.02281220629811287,,,1757037536.9539766
"(None, None)",40.958886,29.1357976,-0.016,0.0012049315264448524,0.0010216038208454847,0.02281220629811287,,,1757037537.085968
"(None, None)",40.958886,29.1357976,-0.016,0.0012049315264448524,0.0010216038208454847,0.02281220629811287,,,1757037537.222232
"(None, None)",40.958886,29.1357976,-0.016,0.0012049315264448524,0.0010216038208454847,0.02281220629811287,,,1757037537.3539052
"(None, None)",40.958886,29.1357976,-0.016,0.0012049315264448524,0.0010216038208454847,0.02281220629811287,,,1757037537.489916
"(None, None)",40.958886,29.1357976,-0.016,0.0012049315264448524,0.0010216038208454847,0.02281220629811287,,,1757037537.6221497
"(None, None)",40.958886,29.1357976,-0.016,0.0012049315264448524,0.0010216038208454847,0.02281220629811287,,,1757037537.7541044
"(None, None)",40.958886,29.1357976,-0.016,0.0012049315264448524,0.0010216038208454847,0.02281220629811287,,,1757037537.8900619
"(None, None)",40.958886,29.1357976,-0.016,0.0012049315264448524,0.0010216038208454847,0.02281220629811287,,,1757037538.0221498
"(None, None)",40.958886,29.1357976,-0.016,0.0012049315264448524,0.0010216038208454847,0.02281220629811287,,,1757037538.1581042
"(None, None)",40.958886,29.1357976,-0.016,0.0012049315264448524,0.0010216038208454847,0.02281220629811287,,,1757037538.290015
"(None, None)",40.958886,29.1357976,-0.016,0.0012049315264448524,0.0010216038208454847,0.02281220629811287,,,1757037538.4221687
"(None, None)",40.958886,29.1357976,-0.016,0.0012049315264448524,0.0010216038208454847,0.02281220629811287,,,1757037538.5583155
"(None, None)",40.958886,29.1357976,-0.016,0.0012049315264448524,0.0010216038208454847,0.02281220629811287,,,1757037538.690023
"(None, None)",40.958886,29.1357976,-0.016,0.0012049315264448524,0.0010216038208454847,0.02281220629811287,,,1757037538.8219142
"(None, None)",40.958886,29.1357976,-0.016,0.0012049315264448524,0.0010216038208454847,0.02281220629811287,,,1757037538.9579012
"(None, None)",40.958886,29.1357976,-0.016,0.0012049315264448524,0.0010216038208454847,0.02281220629811287,,,1757037539.0898995
"(None, None)",40.958886,29.1357976,-0.016,0.0012049315264448524,0.0010216038208454847,0.02281220629811287,,,1757037539.22609
"(None, None)",40.958886,29.1357976,-0.016,0.0012049315264448524,0.0010216038208454847,0.02281220629811287,,,1757037539.357834
"(None, None)",40.958886,29.1357976,-0.016,0.0012049315264448524,0.0010216038208454847,0.02281220629811287,,,1757037539.490013
"(None, None)",40.958886,29.1357976,-0.016,0.0012049315264448524,0.0010216038208454847,0.02281220629811287,,,1757037539.6259096
"(None, None)",40.958886,29.1357976,-0.016,0.0012049315264448524,0.0010216038208454847,0.02281220629811287,,,1757037539.7577968
"(None, None)",40.958886,29.1357976,-0.016,0.0012049315264448524,0.0010216038208454847,0.02281220629811287,,,1757037539.889841
"(None, None)",40.958886,29.1357976,-0.016,0.0012049315264448524,0.0010216038208454847,0.02281220629811287,,,1757037540.0258906
"(None, None)",40.958886,29.1357976,-0.016,0.0012049315264448524,0.0010216038208454847,0.02281220629811287,,,1757037540.1577475
"(None, None)",40.958886,29.1357976,-0.016,0.0012049315264448524,0.0010216038208454847,0.02281220629811287,,,1757037540.2938492
"(None, None)",40.958886,29.1357976,-0.016,0.0012049315264448524,0.0010216038208454847,0.02281220629811287,,,1757037540.4259417
"(None, None)",40.958886,29.1357976,-0.016,0.0012049315264448524,0.0010216038208454847,0.02281220629811287,,,1757037540.5580647
"(None, None)",40.958886,29.1357976,-0.016,0.0012049315264448524,0.0010216038208454847,0.02281220629811287,,,1757037540.6940558
"(None, None)",40.958886,29.1357976,-0.016,0.0012049315264448524,0.0010216038208454847,0.02281220629811287,,,1757037540.8259504
"(None, None)",40.958886,29.1357976,-0.016,0.0012049315264448524,0.0010216038208454847,0.02281220629811287,,,1757037540.957925
"(None, None)",40.958886,29.1357976,-0.016,0.0012049315264448524,0.0010216038208454847,0.02281220629811287,,,1757037541.0939298
"(None, None)",40.958886,29.1357976,-0.016,0.0012049315264448524,0.0010216038208454847,0.02281220629811287,,,1757037541.225973
"(None, None)",40.958886,29.1357976,-0.016,0.0012049315264448524,0.0010216038208454847,0.02281220629811287,,,1757037541.3619933
"(None, None)",40.958886,29.1357976,-0.016,0.0012049315264448524,0.0010216038208454847,0.02281220629811287,,,1757037541.4940512
"(None, None)",40.958886,29.1357976,-0.016,0.0012049315264448524,0.0010216038208454847,0.02281220629811287,,,1757037541.6260567
"(None, None)",40.958886,29.1357976,-0.016,0.0012049315264448524,0.0010216038208454847,0.02281220629811287,,,1757037541.7622552
"(None, None)",40.958886,29.1357976,-0.016,0.0012049315264448524,0.0010216038208454847,0.02281220629811287,,,1757037541.8939774
"(None, None)",40.958886,29.1357976,-0.016,0.0012049315264448524,0.0010216038208454847,0.02281220629811287,,,1757037542.0258307
"(None, None)",40.958886,29.1357976,-0.016,0.0012049315264448524,0.0010216038208454847,0.02281220629811287,,,1757037542.1619115
"(None, None)",40.958886,29.1357976,-0.016,0.0012049315264448524,0.0010216038208454847,0.02281220629811287,,,1757037542.2939057
"(None, None)",40.958886,29.1357976,-0.016,0.0012049315264448524,0.0010216038208454847,0.02281220629811287,,,1757037542.4303691
"(None, None)",40.958886,29.1357976,-0.016,0.0012049315264448524,0.0010216038208454847,0.02281220629811287,,,1757037542.5618138
"(None, None)",40.958886,29.1357976,-0.016,0.0012049315264448524,0.0010216038208454847,0.02281220629811287,,,1757037542.6940343
"(None, None)",40.958886,29.1357976,-0.016,0.0012049315264448524,0.0010216038208454847,0.02281220629811287,,,1757037542.829936
"(None, None)",40.958886,29.1357976,-0.016,0.0012049315264448524,0.0010216038208454847,0.02281220629811287,,,1757037542.961831
"(None, None)",40.958886,29.1357976,-0.016,0.0012049315264448524,0.0010216038208454847,0.02281220629811287,,,1757037543.0937462
"(None, None)",40.958886,29.1357976,-0.016,0.0012049315264448524,0.0010216038208454847,0.02281220629811287,,,1757037543.229801
"(None, None)",40.958886,29.1357976,-0.016,0.0012049315264448524,0.0010216038208454847,0.02281220629811287,,,1757037543.3667312
"(None, None)",40.958886,29.1357976,-0.016,0.0012049315264448524,0.0010216038208454847,0.02281220629811287,,,1757037543.4979339
"(None, None)",40.958886,29.1357976,-0.016,0.0012049315264448524,0.0010216038208454847,0.02281220629811287,,,1757037543.629868
"(None, None)",40.958886,29.1357976,-0.016,0.0012049315264448524,0.0010216038208454847,0.02281220629811287,,,1757037543.7618911
"(None, None)",40.958886,29.1357976,-0.016,0.0012049315264448524,0.0010216038208454847,0.02281220629811287,,,1757037543.8979256
"(None, None)",40.958886,29.1357976,-0.016,0.0012049315264448524,0.0010216038208454847,0.02281220629811287,,,1757037544.0299075
"(None, None)",40.958886,29.1357976,-0.016,0.0012049315264448524,0.0010216038208454847,0.02281220629811287,,,1757037544.1660933
"(None, None)",40.958886,29.1357976,-0.016,0.0012049315264448524,0.0010216038208454847,0.02281220629811287,,,1757037544.297797
"(None, None)",40.958886,29.1357976,-0.016,0.0012049315264448524,0.0010216038208454847,0.02281220629811287,,,1757037544.4298105
"(None, None)",40.958886,29.1357976,-0.016,0.0012049315264448524,0.0010216038208454847,0.02281220629811287,,,1757037544.5658908
"(None, None)",40.958886,29.1357976,-0.016,0.0012049315264448524,0.0010216038208454847,0.02281220629811287,,,1757037544.697898
"(None, None)",40.958886,29.1357976,-0.016,0.0012049315264448524,0.0010216038208454847,0.02281220629811287,,,1757037544.8299928
"(None, None)",40.958886,29.1357976,-0.016,0.0012049315264448524,0.0010216038208454847,0.02281220629811287,,,1757037544.9659762
"(None, None)",40.958886,29.1357976,-0.016,0.0012049315264448524,0.0010216038208454847,0.02281220629811287,,,1757037545.0981722
"(None, None)",40.958886,29.1357976,-0.016,0.0012049315264448524,0.0010216038208454847,0.02281220629811287,,,1757037545.2339077
"(None, None)",40.958886,29.1357976,-0.016,0.0012049315264448524,0.0010216038208454847,0.02281220629811287,,,1757037545.3659735
"(None, None)",40.958886,29.1357976,-0.016,0.0012049315264448524,0.0010216038208454847,0.02281220629811287,,,1757037545.497889
"(None, None)",40.958886,29.1357976,-0.016,0.0012049315264448524,0.0010216038208454847,0.02281220629811287,,,1757037545.634057
"(None, None)",40.958886,29.1357976,-0.016,0.0012049315264448524,0.0010216038208454847,0.02281220629811287,,,1757037545.7659602
"(None, None)",40.958886,29.1357976,-0.016,0.0012049315264448524,0.0010216038208454847,0.02281220629811287,,,1757037545.8979673
"(None, None)",40.958886,29.1357976,-0.016,0.0012049315264448524,0.0010216038208454847,0.02281220629811287,,,1757037546.0340574
"(None, None)",40.958886,29.1357976,-0.016,0.0012049315264448524,0.0010216038208454847,0.02281220629811287,,,1757037546.1659446
"(None, None)",40.958886,29.1357976,-0.016,0.0012049315264448524,0.0010216038208454847,0.02281220629811287,,,1757037546.302048
"(None, None)",40.958886,29.1357976,-0.016,0.0012049315264448524,0.0010216038208454847,0.02281220629811287,,,1757037546.4341083
"(None, None)",40.958886,29.1357976,-0.016,0.0012049315264448524,0.0010216038208454847,0.02281220629811287,,,1757037546.5661695
"(None, None)",40.958886,29.1357976,-0.016,0.0012049315264448524,0.0010216038208454847,0.02281220629811287,,,1757037546.7020197
"(None, None)",40.958886,29.1357976,-0.016,0.0012049315264448524,0.0010216038208454847,0.02281220629811287,,,1757037546.8340132
"(None, None)",40.958886,29.1357976,-0.016,0.0012049315264448524,0.0010216038208454847,0.02281220629811287,,,1757037546.9658947
"(None, None)",40.958886,29.1357976,-0.016,0.0012049315264448524,0.0010216038208454847,0.02281220629811287,,,1757037547.1019385
"(None, None)",40.958886,29.1357976,-0.016,0.0012049315264448524,0.0010216038208454847,0.02281220629811287,,,1757037547.2340748
"(None, None)",40.958886,29.1357976,-0.016,0.0012049315264448524,0.0010216038208454847,0.02281220629811287,,,1757037547.3699162
"(None, None)",40.958886,29.1357976,-0.016,0.0012049315264448524,0.0010216038208454847,0.02281220629811287,,,1757037547.5021048
"(None, None)",40.958886,29.1357976,-0.016,0.0012049315264448524,0.0010216038208454847,0.02281220629811287,,,1757037547.6339865
"(None, None)",40.958886,29.1357976,-0.016,0.0012049315264448524,0.0010216038208454847,0.02281220629811287,,,1757037547.7697635
"(None, None)",40.958886,29.1357976,-0.016,0.0012049315264448524,0.0010216038208454847,0.02281220629811287,,,1757037547.902021
"(None, None)",40.958886,29.1357976,-0.016,0.0012049315264448524,0.0010216038208454847,0.02281220629811287,,,1757037548.0340607
"(None, None)",40.958886,29.1357976,-0.016,0.0012049315264448524,0.0010216038208454847,0.02281220629811287,,,1757037548.1699739
"(None, None)",40.958886,29.1357976,-0.016,0.0012049315264448524,0.0010216038208454847,0.02281220629811287,,,1757037548.3020835
"(None, None)",40.958886,29.1357976,-0.016,0.0012049315264448524,0.0010216038208454847,0.02281220629811287,,,1757037548.4379559
"(None, None)",40.958886,29.1357976,-0.016,0.0012049315264448524,0.0010216038208454847,0.02281220629811287,,,1757037548.5700195
"(None, None)",40.958886,29.1357976,-0.016,0.0012049315264448524,0.0010216038208454847,0.02281220629811287,,,1757037548.7019346
"(None, None)",40.958886,29.1357976,-0.016,0.0012049315264448524,0.0010216038208454847,0.02281220629811287,,,1757037548.8379385
"(None, None)",40.958886,29.1357976,-0.016,0.0012049315264448524,0.0010216038208454847,0.02281220629811287,,,1757037548.9700549
"(None, None)",40.958886,29.1357976,-0.016,0.0012049315264448524,0.0010216038208454847,0.02281220629811287,,,1757037549.1020985
"(None, None)",40.958886,29.1357976,-0.016,0.0012049315264448524,0.0010216038208454847,0.02281220629811287,,,1757037549.2381632
"(None, None)",40.958886,29.1357976,-0.016,0.0012049315264448524,0.0010216038208454847,0.02281220629811287,,,1757037549.369841
"(None, None)",40.958886,29.1357976,-0.016,0.0012049315264448524,0.0010216038208454847,0.02281220629811287,,,1757037549.506006
"(None, None)",40.958886,29.1357976,-0.016,0.0012049315264448524,0.0010216038208454847,0.02281220629811287,,,1757037549.6379144
"(None, None)",40.958886,29.1357976,-0.016,0.0012049315264448524,0.0010216038208454847,0.02281220629811287,,,1757037549.76997
"(None, None)",40.958886,29.1357976,-0.016,0.0012049315264448524,0.0010216038208454847,0.02281220629811287,,,1757037549.905861
"(None, None)",40.958886,29.1357976,-0.016,0.0012049315264448524,0.0010216038208454847,0.02281220629811287,,,1757037550.038211
"(None, None)",40.958886,29.1357976,-0.016,0.0012049315264448524,0.0010216038208454847,0.02281220629811287,,,1757037550.1739967
"(None, None)",40.958886,29.1357976,-0.016,0.0012049315264448524,0.0010216038208454847,0.02281220629811287,,,1757037550.3060758
"(None, None)",40.958886,29.1357976,-0.016,0.0012049315264448524,0.0010216038208454847,0.02281220629811287,,,1757037550.4381225
"(None, None)",40.958886,29.1357976,-0.016,0.0012049315264448524,0.0010216038208454847,0.02281220629811287,,,1757037550.5740354
"(None, None)",40.958886,29.1357976,-0.016,0.0012049315264448524,0.0010216038208454847,0.02281220629811287,,,1757037550.7059317
"(None, None)",40.958886,29.1357976,-0.016,0.0012049315264448524,0.0010216038208454847,0.02281220629811287,,,1757037550.8380651
"(None, None)",40.958886,29.1357976,-0.016,0.0012049315264448524,0.0010216038208454847,0.02281220629811287,,,1757037550.9740572
"(None, None)",40.958886,29.1357976,-0.016,0.0012049315264448524,0.0010216038208454847,0.02281220629811287,,,1757037551.105985
"(None, None)",40.958886,29.1357976,-0.016,0.0012049315264448524,0.0010216038208454847,0.02281220629811287,,,1757037551.242101
"(None, None)",40.958886,29.1357976,-0.016,0.0012049315264448524,0.0010216038208454847,0.02281220629811287,,,1757037551.3739252
"(None, None)",40.958886,29.1357976,-0.016,0.0012049315264448524,0.0010216038208454847,0.02281220629811287,,,1757037551.505989
"(None, None)",40.958886,29.1357976,-0.016,0.0012049315264448524,0.0010216038208454847,0.02281220629811287,,,1757037551.6421573
"(None, None)",40.958886,29.1357976,-0.016,0.0012049315264448524,0.0010216038208454847,0.02281220629811287,,,1757037551.7741132
"(None, None)",40.958886,29.1357976,-0.016,0.0012049315264448524,0.0010216038208454847,0.02281220629811287,,,1757037551.9058573
"(None, None)",40.958886,29.1357976,-0.016,0.0012049315264448524,0.0010216038208454847,0.02281220629811287,,,1757037552.0418763
"(None, None)",40.958886,29.1357976,-0.016,0.0012049315264448524,0.0010216038208454847,0.02281220629811287,,,1757037552.1740067
"(None, None)",40.958886,29.1357976,-0.016,0.0012049315264448524,0.0010216038208454847,0.02281220629811287,,,1757037552.309945
"(None, None)",40.958886,29.1357976,-0.017,0.0011892270995303988,0.0009839244885370135,0.0026471917517483234,,,1757037710.9078562
"(None, None)",40.958886,29.1357976,-0.016,0.0012024317402392626,0.0009888291824609041,0.00290134665556252,,,1757037711.3080466
"(None, None)",40.958886,29.1357976,-0.016,0.0012035429244861007,0.0009962331969290972,0.003030021907761693,,,1757037711.443489
"(None, None)",40.958886,29.1357976,-0.016,0.0012035429244861007,0.0009962331969290972,0.003030021907761693,,,1757037711.5754433
"(None, None)",40.958886,29.1357976,-0.016,0.0011959945550188422,0.0009933516848832369,0.003153773257508874,,,1757037711.7116966
"(None, None)",40.958886,29.1357976,-0.016,0.0011959945550188422,0.0009933516848832369,0.003153773257508874,,,1757037711.8437765
"(None, None)",40.958886,29.1357976,-0.016,0.0011987058678641915,0.0009921322343870997,0.0032812494318932295,,,1757037711.9757636
"(None, None)",40.958886,29.1357976,-0.016,0.0011987058678641915,0.0009921322343870997,0.0032812494318932295,,,1757037712.111878
"(None, None)",40.958886,29.1357976,-0.016,0.0011992872459813952,0.0009981035254895687,0.003406941657885909,,,1757037712.2438369
"(None, None)",40.958886,29.1357976,-0.016,0.0011992872459813952,0.0009981035254895687,0.003406941657885909,,,1757037712.3757808
"(None, None)",40.958886,29.1357976,-0.016,0.0012039183638989925,0.000998220406472683,0.0035321093164384365,,,1757037712.5119486
"(None, None)",40.958886,29.1357976,-0.016,0.0012039183638989925,0.000998220406472683,0.0035321093164384365,,,1757037712.6437542
"(None, None)",40.958886,29.1357976,-0.016,0.0011972681386396289,0.0009966600919142365,0.0036572348326444626,,,1757037712.779883
"(None, None)",40.958886,29.1357976,-0.016,0.0011972681386396289,0.0009966600919142365,0.0036572348326444626,,,1757037712.9120185
"(None, None)",40.958886,29.1357976,-0.016,0.0011969859478995204,0.000993247958831489,0.003777445061132312,,,1757037713.0439677
"(None, None)",40.958886,29.1357976,-0.016,0.0011969859478995204,0.000993247958831489,0.003777445061132312,,,1757037713.1798294
"(None, None)",40.958886,29.1357976,-0.016,0.0011966665042564273,0.0009908390929922462,0.0038981582038104534,,,1757037713.3118699
"(None, None)",40.958886,29.1357976,-0.016,0.0012046544579789042,0.000995946698822081,0.004019302781671286,,,1757037713.4439092
"(None, None)",40.958886,29.1357976,-0.016,0.0012046544579789042,0.000995946698822081,0.004019302781671286,,,1757037713.579892
"(None, None)",40.958886,29.1357976,-0.016,0.0012035012478008866,0.0009957553120329976,0.004143191035836935,,,1757037713.711616
"(None, None)",40.958886,29.1357976,-0.016,0.0012035012478008866,0.0009957553120329976,0.004143191035836935,,,1757037713.8477743
"(None, None)",40.958886,29.1357976,-0.016,0.0012073117541149259,0.000997021677903831,0.004267962649464607,,,1757037713.979833
"(None, None)",40.958886,29.1357976,-0.016,0.0012073117541149259,0.000997021677903831,0.004267962649464607,,,1757037714.1118796
"(None, None)",40.958886,29.1357976,-0.016,0.0012179985642433167,0.0009985294891521335,0.004388038534671068,,,1757037714.247867
"(None, None)",40.958886,29.1357976,-0.016,0.0012179985642433167,0.0009985294891521335,0.004388038534671068,,,1757037714.3798954
"(None, None)",40.958886,29.1357976,-0.016,0.0012259543873369694,0.0009975555585697293,0.00450283894315362,,,1757037714.5115776
"(None, None)",40.958886,29.1357976,-0.016,0.0012259543873369694,0.0009975555585697293,0.00450283894315362,,,1757037714.6475196
"(None, None)",40.958886,29.1357976,-0.016,0.001223078928887844,0.0009933585533872247,0.0046213590539991856,,,1757037714.7796516
"(None, None)",40.958886,29.1357976,-0.016,0.001223078928887844,0.0009933585533872247,0.0046213590539991856,,,1757037714.9155598
"(None, None)",40.958886,29.1357976,-0.016,0.001223372993990779,0.0009914658730849624,0.00473881047219038,,,1757037715.047805
"(None, None)",40.958886,29.1357976,-0.016,0.001223372993990779,0.0009914658730849624,0.00473881047219038,,,1757037715.179727
"(None, None)",40.958886,29.1357976,-0.016,0.0012309998273849487,0.000988844782114029,0.00486287847161293,,,1757037715.3155477
"(None, None)",40.958886,29.1357976,-0.016,0.0012382040731608868,0.000995124690234661,0.004983418621122837,,,1757037715.4477484
"(None, None)",40.958886,29.1357976,-0.016,0.0012382040731608868,0.000995124690234661,0.004983418621122837,,,1757037715.5797734
"(None, None)",40.958886,29.1357976,-0.016,0.0012416790705174208,0.0009896681876853108,0.005105584394186735,,,1757037715.715884
"(None, None)",40.958886,29.1357976,-0.016,0.0012416790705174208,0.0009896681876853108,0.005105584394186735,,,1757037715.8485591
"(None, None)",40.958886,29.1357976,-0.016,0.0012477299897000194,0.0009827675530686975,0.005226820707321167,,,1757037715.9836636
"(None, None)",40.958886,29.1357976,-0.016,0.0012477299897000194,0.0009827675530686975,0.005226820707321167,,,1757037716.1169631
"(None, None)",40.958886,29.1357976,-0.016,0.0012523751938715577,0.0009889239445328712,0.005346129182726145,,,1757037716.2477915
"(None, None)",40.958886,29.1357976,-0.016,0.0012523751938715577,0.0009889239445328712,0.005346129182726145,,,1757037716.383713
"(None, None)",40.958886,29.1357976,-0.016,0.0012566527584567666,0.0009900841396301985,0.00546298548579216,,,1757037716.5158463
"(None, None)",40.958886,29.1357976,-0.016,0.0012566527584567666,0.0009900841396301985,0.00546298548579216,,,1757037716.6516793
"(None, None)",40.958886,29.1357976,-0.016,0.0012565474025905132,0.0009876883123070002,0.005581737961620092,,,1757037716.7838557
"(None, None)",40.958886,29.1357976,-0.016,0.0012565474025905132,0.0009876883123070002,0.005581737961620092,,,1757037716.9156744
"(None, None)",40.958886,29.1357976,-0.016,0.0012520134914666414,0.000988523941487074,0.005700460635125637,,,1757037717.0515995
"(None, None)",40.958886,29.1357976,-0.016,0.0012491386150941253,0.000990440254099667,0.005816594697535038,,,1757037717.183705
"(None, None)",40.958886,29.1357976,-0.016,0.0012491386150941253,0.000990440254099667,0.005816594697535038,,,1757037717.3157017
"(None, None)",40.958886,29.1357976,-0.016,0.001254266477189958,0.000998721458017826,0.005929241888225079,,,1757037717.4515688
"(None, None)",40.958886,29.1357976,-0.016,0.001254266477189958,0.000998721458017826,0.005929241888225079,,,1757037717.583573
"(None, None)",40.958886,29.1357976,-0.016,0.001254267175681889,0.001000601565465331,0.006048029288649559,,,1757037717.7198522
"(None, None)",40.958886,29.1357976,-0.016,0.001254267175681889,0.001000601565465331,0.006048029288649559,,,1757037717.8516676
"(None, None)",40.958886,29.1357976,-0.016,0.0012524378253147006,0.0010029217228293419,0.006159042473882437,,,1757037717.9838681
"(None, None)",40.958886,29.1357976,-0.016,0.0012524378253147006,0.0010029217228293419,0.006159042473882437,,,1757037718.1198018
"(None, None)",40.958886,29.1357976,-0.016,0.001252621179446578,0.0010078932391479611,0.006280208937823772,,,1757037718.2516072
"(None, None)",40.958886,29.1357976,-0.016,0.001252621179446578,0.0010078932391479611,0.006280208937823772,,,1757037718.3837001
"(None, None)",40.958886,29.1357976,-0.016,0.0012512608664110303,0.0010139371734112501,0.006398622412234545,,,1757037718.5195975
"(None, None)",40.958886,29.1357976,-0.016,0.0012512608664110303,0.0010139371734112501,0.006398622412234545,,,1757037718.6516309
"(None, None)",40.958886,29.1357976,-0.016,0.0012444579042494297,0.0010097704362124205,0.006516846362501383,,,1757037718.7877414
"(None, None)",40.958886,29.1357976,-0.016,0.0012444579042494297,0.0010097704362124205,0.006516846362501383,,,1757037718.9195955
"(None, None)",40.958886,29.1357976,-0.016,0.001245577004738152,0.0010096888290718198,0.0066281454637646675,,,1757037719.051716
"(None, None)",40.958886,29.1357976,-0.016,0.001242057653144002,0.0010073070880025625,0.006738083902746439,,,1757037719.1876144
"(None, None)",40.958886,29.1357976,-0.016,0.001242057653144002,0.0010073070880025625,0.006738083902746439,,,1757037719.3195987
"(None, None)",40.958886,29.1357976,-0.016,0.0012485089246183634,0.0010120227234438062,0.006850564852356911,,,1757037719.451995
"(None, None)",40.958886,29.1357976,-0.016,0.0012485089246183634,0.0010120227234438062,0.006850564852356911,,,1757037719.5876198
"(None, None)",40.958886,29.1357976,-0.016,0.0012523370096459985,0.0010074804304167628,0.006967891938984394,,,1757037719.7199242
"(None, None)",40.958886,29.1357976,-0.016,0.0012523370096459985,0.0010074804304167628,0.006967891938984394,,,1757037719.8559654
"(None, None)",40.958886,29.1357976,-0.016,0.0012442744337022305,0.00100422790274024,0.0070834774523973465,,,1757037719.9878142
"(None, None)",40.958886,29.1357976,-0.016,0.0012442744337022305,0.00100422790274024,0.0070834774523973465,,,1757037720.1200585
"(None, None)",40.958886,29.1357976,-0.016,0.0012471101945266128,0.0010150100570172071,0.00720235425978899,,,1757037720.2558036
"(None, None)",40.958886,29.1357976,-0.016,0.0012471101945266128,0.0010150100570172071,0.00720235425978899,,,1757037720.3876536
"(None, None)",40.958886,29.1357976,-0.016,0.0012463369639590383,0.0010196076473221183,0.007317231968045235,,,1757037720.5197537
"(None, None)",40.958886,29.1357976,-0.016,0.0012463369639590383,0.0010196076473221183,0.007317231968045235,,,1757037720.655532
"(None, None)",40.958886,29.1357976,-0.016,0.0012452356750145555,0.0010183978592976928,0.007430477067828178,,,1757037720.7877111
"(None, None)",40.958886,29.1357976,-0.016,0.0012452356750145555,0.0010183978592976928,0.007430477067828178,,,1757037720.9236505
"(None, None)",40.958886,29.1357976,-0.016,0.0012431469513103366,0.001012837397865951,0.00754109350964427,,,1757037721.0556252
"(None, None)",40.958886,29.1357976,-0.016,0.0012466454645618796,0.0010188415180891752,0.007650349289178848,,,1757037721.1878793
"(None, None)",40.958886,29.1357976,-0.016,0.0012466454645618796,0.0010188415180891752,0.007650349289178848,,,1757037721.3237283
"(None, None)",40.958886,29.1357976,-0.016,0.0012468129862099886,0.0010141904931515455,0.007764026522636414,,,1757037721.455728
"(None, None)",40.958886,29.1357976,-0.016,0.0012468129862099886,0.0010141904931515455,0.007764026522636414,,,1757037721.587842
"(None, None)",40.958886,29.1357976,-0.016,0.0012507665669545531,0.001025278470478952,0.007869543507695198,,,1757037721.723732
"(None, None)",40.958886,29.1357976,-0.016,0.0012507665669545531,0.001025278470478952,0.007869543507695198,,,1757037721.8558338
"(None, None)",40.958886,29.1357976,-0.016,0.001245250110514462,0.0010214386275038123,0.007974390871822834,,,1757037721.9918098
"(None, None)",40.958886,29.1357976,-0.016,0.001245250110514462,0.0010214386275038123,0.007974390871822834,,,1757037722.1239765
"(None, None)",40.958886,29.1357976,-0.016,0.0012377601815387607,0.001023639808408916,0.008084775879979134,,,1757037722.2555976
"(None, None)",40.958886,29.1357976,-0.016,0.0012377601815387607,0.001023639808408916,0.008084775879979134,,,1757037722.3916023
"(None, None)",40.958886,29.1357976,-0.016,0.0012401390122249722,0.0010215283837169409,0.00819267239421606,,,1757037722.5236957
"(None, None)",40.958886,29.1357976,-0.016,0.0012401390122249722,0.0010215283837169409,0.00819267239421606,,,1757037722.6595793
"(None, None)",40.958886,29.1357976,-0.016,0.0012347374577075243,0.0010207988088950515,0.008296717889606953,,,1757037722.7919838
"(None, None)",40.958886,29.1357976,-0.016,0.0012347374577075243,0.0010207988088950515,0.008296717889606953,,,1757037722.9236906
"(None, None)",40.958886,29.1357976,-0.016,0.0012311089085415006,0.0010150008602067828,0.008408562280237675,,,1757037723.0597026
"(None, None)",40.958886,29.1357976,-0.016,0.0012265683617442846,0.0010188922751694918,0.008519865572452545,,,1757037723.1920195
"(None, None)",40.958886,29.1357976,-0.016,0.0012265683617442846,0.0010188922751694918,0.008519865572452545,,,1757037723.3236942
"(None, None)",40.958886,29.1357976,-0.016,0.0012216945178806782,0.0010201483964920044,0.0086209150031209,,,1757037723.4596436
"(None, None)",40.958886,29.1357976,-0.016,0.0012216945178806782,0.0010201483964920044,0.0086209150031209,,,1757037723.592046
"(None, None)",40.958886,29.1357976,-0.016,0.0012199116172268987,0.00102013919968158,0.008734478615224361,,,1757037723.7275746
"(None, None)",40.958886,29.1357976,-0.016,0.0012199116172268987,0.00102013919968158,0.008734478615224361,,,1757037723.8599029
"(None, None)",40.958886,29.1357976,-0.016,0.0012145692016929388,0.0010183007689192891,0.008839091286063194,,,1757037723.9915414
"(None, None)",40.958886,29.1357976,-0.016,0.0012145692016929388,0.0010183007689192891,0.008839091286063194,,,1757037724.1275911
"(None, None)",40.958886,29.1357976,-0.016,0.0012160396436229348,0.001015066052787006,0.00894684623926878,,,1757037724.2596724
"(None, None)",40.958886,29.1357976,-0.016,0.0012160396436229348,0.001015066052787006,0.00894684623926878,,,1757037724.3921144
"(None, None)",40.958886,29.1357976,-0.016,0.0012215410824865103,0.0010141456732526422,0.00905193667858839,,,1757037724.5278022
"(None, None)",40.958886,29.1357976,-0.016,0.0012215410824865103,0.0010141456732526422,0.00905193667858839,,,1757037724.6600935
"(None, None)",40.958886,29.1357976,-0.016,0.001220670179463923,0.001011518994346261,0.009158916771411896,,,1757037724.7958224
"(None, None)",40.958886,29.1357976,-0.016,0.001220670179463923,0.001011518994346261,0.009158916771411896,,,1757037724.9277296
"(None, None)",40.958886,29.1357976,-0.016,0.001216891803778708,0.001013019704259932,0.009263850748538971,,,1757037725.0596244
"(None, None)",40.958886,29.1357976,-0.016,0.0012150988914072514,0.0010178668890148401,0.009371256455779076,,,1757037725.195772
"(None, None)",40.958886,29.1357976,-0.016,0.0012150988914072514,0.0010178668890148401,0.009371256455779076,,,1757037725.3275561
"(None, None)",40.958886,29.1357976,-0.016,0.001213190029375255,0.0010180266108363867,0.009475849568843842,,,1757037725.4597988
"(None, None)",40.958886,29.1357976,-0.016,0.001213190029375255,0.0010180266108363867,0.009475849568843842,,,1757037725.595603
"(None, None)",40.958886,29.1357976,-0.016,0.001217824756167829,0.001013931934721768,0.009580299258232117,,,1757037725.7281148
"(None, None)",40.958886,29.1357976,-0.016,0.001217824756167829,0.001013931934721768,0.009580299258232117,,,1757037725.8635805
"(None, None)",40.958886,29.1357976,-0.016,0.0012202091747894883,0.0010123377433046699,0.009687289595603943,,,1757037725.995618
"(None, None)",40.958886,29.1357976,-0.016,0.0012202091747894883,0.0010123377433046699,0.009687289595603943,,,1757037726.1276286
"(None, None)",40.958886,29.1357976,-0.016,0.0012227912666276097,0.0010188232408836484,0.009788025170564651,,,1757037726.2636242
"(None, None)",40.958886,29.1357976,-0.016,0.0012227912666276097,0.0010188232408836484,0.009788025170564651,,,1757037726.3956854
"(None, None)",40.958886,29.1357976,-0.016,0.0012235466856509447,0.0010230143088847399,0.009886558167636395,,,1757037726.5277548
"(None, None)",40.958886,29.1357976,-0.016,0.0012235466856509447,0.0010230143088847399,0.009886558167636395,,,1757037726.6636972
"(None, None)",40.958886,29.1357976,-0.016,0.001224081264808774,0.0010243533179163933,0.009992781095206738,,,1757037726.7956781
"(None, None)",40.958886,29.1357976,-0.016,0.001224081264808774,0.0010243533179163933,0.009992781095206738,,,1757037726.9316478
"(None, None)",40.958886,29.1357976,-0.016,0.0012267191195860505,0.001029154402203858,0.010093597695231438,,,1757037727.063627
"(None, None)",40.958886,29.1357976,-0.016,0.0012289539445191622,0.001034116605296731,0.010194605216383934,,,1757037727.1955965
"(None, None)",40.958886,29.1357976,-0.016,0.0012289539445191622,0.001034116605296731,0.010194605216383934,,,1757037727.3315852
"(None, None)",40.958886,29.1357976,-0.016,0.0012332769110798836,0.0010353701654821634,0.010295448824763298,,,1757037727.4635456
"(None, None)",40.958886,29.1357976,-0.016,0.0012332769110798836,0.0010353701654821634,0.010295448824763298,,,1757037727.595532
"(None, None)",40.958886,29.1357976,-0.016,0.0012252246960997581,0.0010255149099975824,0.010399055667221546,,,1757037727.7316678
"(None, None)",40.958886,29.1357976,-0.016,0.0012252246960997581,0.0010255149099975824,0.010399055667221546,,,1757037727.8636105
"(None, None)",40.958886,29.1357976,-0.016,0.001231456408277154,0.001034009037539363,0.01049728225916624,,,1757037727.9995925
"(None, None)",40.958886,29.1357976,-0.016,0.001231456408277154,0.001034009037539363,0.01049728225916624,,,1757037728.1318614
"(None, None)",40.958886,29.1357976,-0.016,0.0012399310944601893,0.0010401417966932058,0.010598452761769295,,,1757037728.2640133
"(None, None)",40.958886,29.1357976,-0.016,0.0012399310944601893,0.0010401417966932058,0.010598452761769295,,,1757037728.3998842
"(None, None)",40.958886,29.1357976,-0.016,0.0012354592327028513,0.0010420350590720773,0.010690892115235329,,,1757037728.5319612
"(None, None)",40.958886,29.1357976,-0.016,0.0012354592327028513,0.0010420350590720773,0.010690892115235329,,,1757037728.6677604
"(None, None)",40.958886,29.1357976,-0.016,0.0012280947994440794,0.0010407993104308844,0.010786550119519234,,,1757037728.7998698
"(None, None)",40.958886,29.1357976,-0.016,0.0012280947994440794,0.0010407993104308844,0.010786550119519234,,,1757037728.9319298
"(None, None)",40.958886,29.1357976,-0.016,0.0012252185260877013,0.0010437986347824335,0.010886949487030506,,,1757037729.0677595
"(None, None)",40.958886,29.1357976,-0.016,0.0012226345716044307,0.0010482121724635363,0.01098543219268322,,,1757037729.1996543
"(None, None)",40.958886,29.1357976,-0.016,0.0012226345716044307,0.0010482121724635363,0.01098543219268322,,,1757037729.3316011
"(None, None)",40.958886,29.1357976,-0.016,0.001226215623319149,0.00104836979880929,0.011083625257015228,,,1757037729.4679048
"(None, None)",40.958886,29.1357976,-0.016,0.001226215623319149,0.00104836979880929,0.011083625257015228,,,1757037729.5999503
"(None, None)",40.958886,29.1357976,-0.016,0.0012209792621433735,0.0010435960721224546,0.01118191797286272,,,1757037729.7358623
"(None, None)",40.958886,29.1357976,-0.016,0.0012209792621433735,0.0010435960721224546,0.01118191797286272,,,1757037729.8677275
"(None, None)",40.958886,29.1357976,-0.016,0.001226455089636147,0.001042278716340661,0.011275287717580795,,,1757037730.0001147
"(None, None)",40.958886,29.1357976,-0.016,0.001226455089636147,0.001042278716340661,0.011275287717580795,,,1757037730.135704
"(None, None)",40.958886,29.1357976,-0.016,0.0012335274368524551,0.001040112809278071,0.011372780427336693,,,1757037730.2678792
"(None, None)",40.958886,29.1357976,-0.016,0.0012335274368524551,0.001040112809278071,0.011372780427336693,,,1757037730.3997328
"(None, None)",40.958886,29.1357976,-0.016,0.001241773134097457,0.0010378779843449593,0.011465675197541714,,,1757037730.5360131
"(None, None)",40.958886,29.1357976,-0.016,0.001241773134097457,0.0010378779843449593,0.011465675197541714,,,1757037730.6678147
"(None, None)",40.958886,29.1357976,-0.016,0.0012399900006130338,0.0010357031133025885,0.011560832150280476,,,1757037730.8039157
"(None, None)",40.958886,29.1357976,-0.016,0.0012399900006130338,0.0010357031133025885,0.011560832150280476,,,1757037730.9358776
"(None, None)",40.958886,29.1357976,-0.016,0.0012405934976413846,0.0010364595800638199,0.01165431272238493,,,1757037731.0677798
"(None, None)",40.958886,29.1357976,-0.016,0.0012442523147910833,0.0010394873097538948,0.011748163029551506,,,1757037731.2038724
"(None, None)",40.958886,29.1357976,-0.016,0.0012442523147910833,0.0010394873097538948,0.011748163029551506,,,1757037731.3356037
"(None, None)",40.958886,29.1357976,-0.016,0.001243757433257997,0.0010459524346515536,0.01183776743710041,,,1757037731.4679246
"(None, None)",40.958886,29.1357976,-0.016,0.001243757433257997,0.0010459524346515536,0.01183776743710041,,,1757037731.6035633
"(None, None)",40.958886,29.1357976,-0.016,0.001237450516782701,0.0010382443433627486,0.011932273395359516,,,1757037731.735464
"(None, None)",40.958886,29.1357976,-0.016,0.001237450516782701,0.0010382443433627486,0.011932273395359516,,,1757037731.8722153
"(None, None)",40.958886,29.1357976,-0.016,0.0012371069751679897,0.0010430230759084225,0.012027516029775143,,,1757037732.0040064
"(None, None)",40.958886,29.1357976,-0.016,0.0012371069751679897,0.0010430230759084225,0.012027516029775143,,,1757037732.1360645
"(None, None)",40.958886,29.1357976,-0.016,0.0012480897130444646,0.0010541280498728156,0.01211694534868002,,,1757037732.272853
"(None, None)",40.958886,29.1357976,-0.016,0.0012480897130444646,0.0010541280498728156,0.01211694534868002,,,1757037732.4037058
"(None, None)",40.958886,29.1357976,-0.016,0.0012480897130444646,0.0010541280498728156,0.01211694534868002,,,1757037732.535985
"(None, None)",40.958886,29.1357976,-0.016,0.0012480897130444646,0.0010541280498728156,0.01211694534868002,,,1757037732.6717758
"(None, None)",40.958886,29.1357976,-0.016,0.0012480897130444646,0.0010541280498728156,0.01211694534868002,,,1757037732.8038642
"(None, None)",40.958886,29.1357976,-0.016,0.0012480897130444646,0.0010541280498728156,0.01211694534868002,,,1757037732.9396815
"(None, None)",40.958886,29.1357976,-0.016,0.0012480897130444646,0.0010541280498728156,0.01211694534868002,,,1757037733.0718024
"(None, None)",40.958886,29.1357976,-0.016,0.0012480897130444646,0.0010541280498728156,0.01211694534868002,,,1757037733.2036119
"(None, None)",40.958886,29.1357976,-0.016,0.0012480897130444646,0.0010541280498728156,0.01211694534868002,,,1757037733.3395755
"(None, None)",40.958886,29.1357976,-0.016,0.0012480897130444646,0.0010541280498728156,0.01211694534868002,,,1757037733.4718564
"(None, None)",40.958886,29.1357976,-0.016,0.0012480897130444646,0.0010541280498728156,0.01211694534868002,,,1757037733.603615
"(None, None)",40.958886,29.1357976,-0.016,0.0012480897130444646,0.0010541280498728156,0.01211694534868002,,,1757037733.7396455
"(None, None)",40.958886,29.1357976,-0.016,0.0012480897130444646,0.0010541280498728156,0.01211694534868002,,,1757037733.8716378
"(None, None)",40.958886,29.1357976,-0.016,0.0012480897130444646,0.0010541280498728156,0.01211694534868002,,,1757037734.0077949
"(None, None)",40.958886,29.1357976,-0.016,0.0012480897130444646,0.0010541280498728156,0.01211694534868002,,,1757037734.1397758
"(None, None)",40.958886,29.1357976,-0.016,0.0012480897130444646,0.0010541280498728156,0.01211694534868002,,,1757037734.2718227
"(None, None)",40.958886,29.1357976,-0.016,0.0012480897130444646,0.0010541280498728156,0.01211694534868002,,,1757037734.4079638
"(None, None)",40.958886,29.1357976,-0.016,0.0012480897130444646,0.0010541280498728156,0.01211694534868002,,,1757037734.540144
"(None, None)",40.958886,29.1357976,-0.016,0.0012480897130444646,0.0010541280498728156,0.01211694534868002,,,1757037734.6759348
"(None, None)",40.958886,29.1357976,-0.016,0.0012480897130444646,0.0010541280498728156,0.01211694534868002,,,1757037734.8078249
"(None, None)",40.958886,29.1357976,-0.016,0.0012480897130444646,0.0010541280498728156,0.01211694534868002,,,1757037734.940069
"(None, None)",40.958886,29.1357976,-0.016,0.0012480897130444646,0.0010541280498728156,0.01211694534868002,,,1757037735.075922
"(None, None)",40.958886,29.1357976,-0.016,0.0012480897130444646,0.0010541280498728156,0.01211694534868002,,,1757037735.2081566
"(None, None)",40.958886,29.1357976,-0.016,0.0012480897130444646,0.0010541280498728156,0.01211694534868002,,,1757037735.339753
"(None, None)",40.958886,29.1357976,-0.016,0.0012480897130444646,0.0010541280498728156,0.01211694534868002,,,1757037735.475648
"(None, None)",40.958886,29.1357976,-0.016,0.0012480897130444646,0.0010541280498728156,0.01211694534868002,,,1757037735.6078382
"(None, None)",40.958886,29.1357976,-0.016,0.0012480897130444646,0.0010541280498728156,0.01211694534868002,,,1757037735.7438629
"(None, None)",40.958886,29.1357976,-0.016,0.0012480897130444646,0.0010541280498728156,0.01211694534868002,,,1757037735.8758714
"(None, None)",40.958886,29.1357976,-0.016,0.0012480897130444646,0.0010541280498728156,0.01211694534868002,,,1757037736.007952
"(None, None)",40.958886,29.1357976,-0.016,0.0012480897130444646,0.0010541280498728156,0.01211694534868002,,,1757037736.1440318
"(None, None)",40.958886,29.1357976,-0.016,0.0012480897130444646,0.0010541280498728156,0.01211694534868002,,,1757037736.2758553
"(None, None)",40.958886,29.1357976,-0.016,0.0012480897130444646,0.0010541280498728156,0.01211694534868002,,,1757037736.4078603
"(None, None)",40.958886,29.1357976,-0.016,0.0012480897130444646,0.0010541280498728156,0.01211694534868002,,,1757037736.5440135
"(None, None)",40.958886,29.1357976,-0.016,0.0012480897130444646,0.0010541280498728156,0.01211694534868002,,,1757037736.6757631
"(None, None)",40.958886,29.1357976,-0.016,0.0012480897130444646,0.0010541280498728156,0.01211694534868002,,,1757037736.8118181
"(None, None)",40.958886,29.1357976,-0.016,0.0012480897130444646,0.0010541280498728156,0.01211694534868002,,,1757037736.9437556
"(None, None)",40.958886,29.1357976,-0.016,0.0012480897130444646,0.0010541280498728156,0.01211694534868002,,,1757037737.0757363
"(None, None)",40.958886,29.1357976,-0.016,0.0012480897130444646,0.0010541280498728156,0.01211694534868002,,,1757037737.2117748
"(None, None)",40.958886,29.1357976,-0.016,0.0012480897130444646,0.0010541280498728156,0.01211694534868002,,,1757037737.343762
"(None, None)",40.958886,29.1357976,-0.016,0.0012480897130444646,0.0010541280498728156,0.01211694534868002,,,1757037737.476004
"(None, None)",40.958886,29.1357976,-0.016,0.0012480897130444646,0.0010541280498728156,0.01211694534868002,,,1757037737.612197
"(None, None)",40.958886,29.1357976,-0.016,0.0012480897130444646,0.0010541280498728156,0.01211694534868002,,,1757037737.7439127
"(None, None)",40.958886,29.1357976,-0.016,0.0012480897130444646,0.0010541280498728156,0.01211694534868002,,,1757037737.879717
"(None, None)",40.958886,29.1357976,-0.016,0.0012480897130444646,0.0010541280498728156,0.01211694534868002,,,1757037738.0118577
"(None, None)",40.958886,29.1357976,-0.016,0.0012480897130444646,0.0010541280498728156,0.01211694534868002,,,1757037738.143873
"(None, None)",40.958886,29.1357976,-0.016,0.0012480897130444646,0.0010541280498728156,0.01211694534868002,,,1757037738.2798553
"(None, None)",40.958886,29.1357976,-0.016,0.0012480897130444646,0.0010541280498728156,0.01211694534868002,,,1757037738.4118183
"(None, None)",40.958886,29.1357976,-0.016,0.0012480897130444646,0.0010541280498728156,0.01211694534868002,,,1757037738.5440946
"(None, None)",40.958886,29.1357976,-0.016,0.0012480897130444646,0.0010541280498728156,0.01211694534868002,,,1757037738.6799097
"(None, None)",40.958886,29.1357976,-0.016,0.0012480897130444646,0.0010541280498728156,0.01211694534868002,,,1757037738.8118258
"(None, None)",40.958886,29.1357976,-0.016,0.0012480897130444646,0.0010541280498728156,0.01211694534868002,,,1757037738.947839
"(None, None)",40.958886,29.1357976,-0.016,0.0012480897130444646,0.0010541280498728156,0.01211694534868002,,,1757037739.0797117
"(None, None)",40.958886,29.1357976,-0.016,0.0012480897130444646,0.0010541280498728156,0.01211694534868002,,,1757037739.2118402
"(None, None)",40.958886,29.1357976,-0.016,0.0012480897130444646,0.0010541280498728156,0.01211694534868002,,,1757037739.3479989
"(None, None)",40.958886,29.1357976,-0.016,0.0012480897130444646,0.0010541280498728156,0.01211694534868002,,,1757037739.4798348
"(None, None)",40.958886,29.1357976,-0.016,0.0012480897130444646,0.0010541280498728156,0.01211694534868002,,,1757037739.6120048
"(None, None)",40.958886,29.1357976,-0.016,0.0012480897130444646,0.0010541280498728156,0.01211694534868002,,,1757037739.7478073
"(None, None)",40.958886,29.1357976,-0.016,0.0012480897130444646,0.0010541280498728156,0.01211694534868002,,,1757037739.8796186
"(None, None)",40.958886,29.1357976,-0.016,0.0012480897130444646,0.0010541280498728156,0.01211694534868002,,,1757037740.0162792
"(None, None)",40.958886,29.1357976,-0.016,0.0012480897130444646,0.0010541280498728156,0.01211694534868002,,,1757037740.1477594
"(None, None)",40.958886,29.1357976,-0.016,0.0012480897130444646,0.0010541280498728156,0.01211694534868002,,,1757037740.279909
"(None, None)",40.958886,29.1357976,-0.016,0.0012480897130444646,0.0010541280498728156,0.01211694534868002,,,1757037740.415954
"(None, None)",40.958886,29.1357976,-0.016,0.0012480897130444646,0.0010541280498728156,0.01211694534868002,,,1757037740.5479538
"(None, None)",40.958886,29.1357976,-0.016,0.0012480897130444646,0.0010541280498728156,0.01211694534868002,,,1757037740.6840334
"(None, None)",40.958886,29.1357976,-0.016,0.0012480897130444646,0.0010541280498728156,0.01211694534868002,,,1757037740.8158462
"(None, None)",40.958886,29.1357976,-0.016,0.0012480897130444646,0.0010541280498728156,0.01211694534868002,,,1757037740.947811
"(None, None)",40.958886,29.1357976,-0.016,0.0012480897130444646,0.0010541280498728156,0.01211694534868002,,,1757037741.0838516
"(None, None)",40.958886,29.1357976,-0.016,0.0012480897130444646,0.0010541280498728156,0.01211694534868002,,,1757037741.215845
"(None, None)",40.958886,29.1357976,-0.016,0.0012480897130444646,0.0010541280498728156,0.01211694534868002,,,1757037741.3479805
"(None, None)",40.958886,29.1357976,-0.016,0.0012480897130444646,0.0010541280498728156,0.01211694534868002,,,1757037741.483909
"(None, None)",40.958886,29.1357976,-0.016,0.0012480897130444646,0.0010541280498728156,0.01211694534868002,,,1757037741.6158767
"(None, None)",40.958886,29.1357976,-0.016,0.0012480897130444646,0.0010541280498728156,0.01211694534868002,,,1757037741.7518368
"(None, None)",40.958886,29.1357976,-0.016,0.0012480897130444646,0.0010541280498728156,0.01211694534868002,,,1757037741.8840504
"(None, None)",40.958886,29.1357976,-0.016,0.0012480897130444646,0.0010541280498728156,0.01211694534868002,,,1757037742.0159802
"(None, None)",40.958886,29.1357976,-0.016,0.0012480897130444646,0.0010541280498728156,0.01211694534868002,,,1757037742.151916
"(None, None)",40.958886,29.1357976,-0.016,0.0012480897130444646,0.0010541280498728156,0.01211694534868002,,,1757037742.2837095
"(None, None)",40.958886,29.1357976,-0.016,0.0012480897130444646,0.0010541280498728156,0.01211694534868002,,,1757037742.4158342
"(None, None)",40.958886,29.1357976,-0.016,0.0012480897130444646,0.0010541280498728156,0.01211694534868002,,,1757037742.5519392
"(None, None)",40.958886,29.1357976,-0.016,0.0012480897130444646,0.0010541280498728156,0.01211694534868002,,,1757037742.6838303
"(None, None)",40.958886,29.1357976,-0.016,0.0012480897130444646,0.0010541280498728156,0.01211694534868002,,,1757037742.8197339
"(None, None)",40.958886,29.1357976,-0.016,0.0012480897130444646,0.0010541280498728156,0.01211694534868002,,,1757037742.9517062
"(None, None)",40.958886,29.1357976,-0.016,0.0012480897130444646,0.0010541280498728156,0.01211694534868002,,,1757037743.083737
"(None, None)",40.958886,29.1357976,-0.016,0.0012480897130444646,0.0010541280498728156,0.01211694534868002,,,1757037743.2198136
"(None, None)",40.958886,29.1357976,-0.016,0.0012480897130444646,0.0010541280498728156,0.01211694534868002,,,1757037743.35169
"(None, None)",40.958886,29.1357976,-0.016,0.0012480897130444646,0.0010541280498728156,0.01211694534868002,,,1757037743.4838233
"(None, None)",40.958886,29.1357976,-0.016,0.0012480897130444646,0.0010541280498728156,0.01211694534868002,,,1757037743.619814
"(None, None)",40.958886,29.1357976,-0.016,0.0012480897130444646,0.0010541280498728156,0.01211694534868002,,,1757037743.7520316
"(None, None)",40.958886,29.1357976,-0.016,0.0012480897130444646,0.0010541280498728156,0.01211694534868002,,,1757037743.8876863
"(None, None)",40.958886,29.1357976,-0.016,0.0012480897130444646,0.0010541280498728156,0.01211694534868002,,,1757037744.0199678
"(None, None)",40.958886,29.1357976,-0.016,0.0012480897130444646,0.0010541280498728156,0.01211694534868002,,,1757037744.151855
"(None, None)",40.958886,29.1357976,-0.016,0.0012480897130444646,0.0010541280498728156,0.01211694534868002,,,1757037744.2877157
"(None, None)",40.958886,29.1357976,-0.016,0.0012480897130444646,0.0010541280498728156,0.01211694534868002,,,1757037744.4199066
"(None, None)",40.958886,29.1357976,-0.016,0.0012480897130444646,0.0010541280498728156,0.01211694534868002,,,1757037744.5521367
"(None, None)",40.958886,29.1357976,-0.016,0.0012480897130444646,0.0010541280498728156,0.01211694534868002,,,1757037744.6880596
"(None, None)",40.958886,29.1357976,-0.016,0.0012480897130444646,0.0010541280498728156,0.01211694534868002,,,1757037744.8199959
"(None, None)",40.958886,29.1357976,-0.016,0.0012480897130444646,0.0010541280498728156,0.01211694534868002,,,1757037744.9560297
"(None, None)",40.958886,29.1357976,-0.016,0.0012480897130444646,0.0010541280498728156,0.01211694534868002,,,1757037745.0878043
"(None, None)",40.958886,29.1357976,-0.016,0.0012480897130444646,0.0010541280498728156,0.01211694534868002,,,1757037745.2199419
"(None, None)",40.958886,29.1357976,-0.016,0.0012480897130444646,0.0010541280498728156,0.01211694534868002,,,1757037745.3560493
"(None, None)",40.958886,29.1357976,-0.016,0.0012480897130444646,0.0010541280498728156,0.01211694534868002,,,1757037745.4877284
"(None, None)",40.958886,29.1357976,-0.016,0.0012480897130444646,0.0010541280498728156,0.01211694534868002,,,1757037745.6199079
"(None, None)",40.958886,29.1357976,-0.016,0.0012480897130444646,0.0010541280498728156,0.01211694534868002,,,1757037745.7561114
"(None, None)",40.958886,29.1357976,-0.016,0.0012480897130444646,0.0010541280498728156,0.01211694534868002,,,1757037745.8876812
"(None, None)",40.958886,29.1357976,-0.016,0.0012480897130444646,0.0010541280498728156,0.01211694534868002,,,1757037746.0238657
"(None, None)",40.958886,29.1357976,-0.016,0.0012480897130444646,0.0010541280498728156,0.01211694534868002,,,1757037746.287956
"(None, None)",40.958886,29.1357976,-0.016,0.0012480897130444646,0.0010541280498728156,0.01211694534868002,,,1757037746.424024
"(None, None)",40.958886,29.1357976,-0.016,0.0012480897130444646,0.0010541280498728156,0.01211694534868002,,,1757037746.5559943
"(None, None)",40.958886,29.1357976,-0.016,0.0012480897130444646,0.0010541280498728156,0.01211694534868002,,,1757037746.6878042
"(None, None)",40.958886,29.1357976,-0.016,0.0012480897130444646,0.0010541280498728156,0.01211694534868002,,,1757037746.8236542
"(None, None)",40.958886,29.1357976,-0.016,0.0012480897130444646,0.0010541280498728156,0.01211694534868002,,,1757037746.9558754
"(None, None)",40.958886,29.1357976,-0.016,0.0012480897130444646,0.0010541280498728156,0.01211694534868002,,,1757037747.0919445
"(None, None)",40.958886,29.1357976,-0.016,0.0012480897130444646,0.0010541280498728156,0.01211694534868002,,,1757037747.223871
"(None, None)",40.958886,29.1357976,-0.016,0.0012480897130444646,0.0010541280498728156,0.01211694534868002,,,1757037747.3558383
"(None, None)",40.958886,29.1357976,-0.016,0.0012480897130444646,0.0010541280498728156,0.01211694534868002,,,1757037747.4916878
"(None, None)",40.958886,29.1357976,-0.016,0.0012480897130444646,0.0010541280498728156,0.01211694534868002,,,1757037747.623961
"(None, None)",40.958886,29.1357976,-0.016,0.0012480897130444646,0.0010541280498728156,0.01211694534868002,,,1757037747.7600894
"(None, None)",40.958886,29.1357976,-0.016,0.0012480897130444646,0.0010541280498728156,0.01211694534868002,,,1757037747.891798
"(None, None)",40.958886,29.1357976,-0.016,0.0012480897130444646,0.0010541280498728156,0.01211694534868002,,,1757037748.023892
"(None, None)",40.958886,29.1357976,-0.016,0.0012480897130444646,0.0010541280498728156,0.01211694534868002,,,1757037748.16009
"(None, None)",40.958886,29.1357976,-0.016,0.0012480897130444646,0.0010541280498728156,0.01211694534868002,,,1757037748.291946
"(None, None)",40.958886,29.1357976,-0.016,0.0012480897130444646,0.0010541280498728156,0.01211694534868002,,,1757037748.423975
"(None, None)",40.958886,29.1357976,-0.016,0.0012480897130444646,0.0010541280498728156,0.01211694534868002,,,1757037748.5600538
"(None, None)",40.958886,29.1357976,-0.016,0.0012480897130444646,0.0010541280498728156,0.01211694534868002,,,1757037748.692348
"(None, None)",40.958886,29.1357976,-0.016,0.0012480897130444646,0.0010541280498728156,0.01211694534868002,,,1757037748.8279316
"(None, None)",40.958886,29.1357976,-0.016,0.0012480897130444646,0.0010541280498728156,0.01211694534868002,,,1757037748.959829
"(None, None)",40.958886,29.1357976,-0.016,0.0012480897130444646,0.0010541280498728156,0.01211694534868002,,,1757037749.0919528
"(None, None)",40.958886,29.1357976,-0.016,0.0012480897130444646,0.0010541280498728156,0.01211694534868002,,,1757037749.2279775
"(None, None)",40.958886,29.1357976,-0.016,0.0012480897130444646,0.0010541280498728156,0.01211694534868002,,,1757037749.3598354
"(None, None)",40.958886,29.1357976,-0.016,0.0012480897130444646,0.0010541280498728156,0.01211694534868002,,,1757037749.4920177
"(None, None)",40.958886,29.1357976,-0.016,0.0012480897130444646,0.0010541280498728156,0.01211694534868002,,,1757037749.6285434
"(None, None)",40.958886,29.1357976,-0.016,0.0012480897130444646,0.0010541280498728156,0.01211694534868002,,,1757037749.759845
"(None, None)",40.958886,29.1357976,-0.016,0.0012480897130444646,0.0010541280498728156,0.01211694534868002,,,1757037749.8958907
"(None, None)",40.958886,29.1357976,-0.016,0.0012480897130444646,0.0010541280498728156,0.01211694534868002,,,1757037750.0278966
"(None, None)",40.958886,29.1357976,-0.016,0.0012480897130444646,0.0010541280498728156,0.01211694534868002,,,1757037750.1599643
"(None, None)",40.958886,29.1357976,-0.016,0.0012480897130444646,0.0010541280498728156,0.01211694534868002,,,1757037750.2959945
"(None, None)",40.958886,29.1357976,-0.016,0.0012480897130444646,0.0010541280498728156,0.01211694534868002,,,1757037750.4279575
"(None, None)",40.958886,29.1357976,-0.016,0.0012480897130444646,0.0010541280498728156,0.01211694534868002,,,1757037750.5601723
"(None, None)",40.958886,29.1357976,-0.016,0.0012480897130444646,0.0010541280498728156,0.01211694534868002,,,1757037750.6963692
"(None, None)",40.958886,29.1357976,-0.016,0.0012480897130444646,0.0010541280498728156,0.01211694534868002,,,1757037750.8276606
"(None, None)",40.958886,29.1357976,-0.016,0.0012480897130444646,0.0010541280498728156,0.01211694534868002,,,1757037750.9638534
"(None, None)",40.958886,29.1357976,-0.016,0.0012480897130444646,0.0010541280498728156,0.01211694534868002,,,1757037751.095771
"(None, None)",40.958886,29.1357976,-0.016,0.0012480897130444646,0.0010541280498728156,0.01211694534868002,,,1757037751.2279022
"(None, None)",40.958886,29.1357976,-0.016,0.0012480897130444646,0.0010541280498728156,0.01211694534868002,,,1757037751.3637388
"(None, None)",40.958886,29.1357976,-0.016,0.0012480897130444646,0.0010541280498728156,0.01211694534868002,,,1757037751.4959676
"(None, None)",40.958886,29.1357976,-0.016,0.0012480897130444646,0.0010541280498728156,0.01211694534868002,,,1757037751.6279783
"(None, None)",40.958886,29.1357976,-0.016,0.0012480897130444646,0.0010541280498728156,0.01211694534868002,,,1757037751.7641375
"(None, None)",40.958886,29.1357976,-0.016,0.0012480897130444646,0.0010541280498728156,0.01211694534868002,,,1757037751.8958738
"(None, None)",40.958886,29.1357976,-0.016,0.0012480897130444646,0.0010541280498728156,0.01211694534868002,,,1757037752.032385
"(None, None)",40.958886,29.1357976,-0.016,0.0012480897130444646,0.0010541280498728156,0.01211694534868002,,,1757037752.1640253
"(None, None)",40.958886,29.1357976,-0.016,0.0012480897130444646,0.0010541280498728156,0.01211694534868002,,,1757037752.2959418
"(None, None)",40.958886,29.1357976,-0.016,0.0012480897130444646,0.0010541280498728156,0.01211694534868002,,,1757037752.43241
"(None, None)",40.958886,29.1357976,-0.016,0.0012480897130444646,0.0010541280498728156,0.01211694534868002,,,1757037752.5638738
"(None, None)",40.958886,29.1357976,-0.016,0.0012480897130444646,0.0010541280498728156,0.01211694534868002,,,1757037752.69614
"(None, None)",40.958886,29.1357976,-0.016,0.0012480897130444646,0.0010541280498728156,0.01211694534868002,,,1757037752.8319457
"(None, None)",40.958886,29.1357976,-0.016,0.0012480897130444646,0.0010541280498728156,0.01211694534868002,,,1757037752.9640965
"(None, None)",40.958886,29.1357976,-0.016,0.0012480897130444646,0.0010541280498728156,0.01211694534868002,,,1757037753.100849
"(None, None)",40.958886,29.1357976,-0.016,0.0012480897130444646,0.0010541280498728156,0.01211694534868002,,,1757037753.232559
"(None, None)",40.958886,29.1357976,-0.016,0.0012480897130444646,0.0010541280498728156,0.01211694534868002,,,1757037753.3640497
"(None, None)",40.958886,29.1357976,-0.016,0.0012480897130444646,0.0010541280498728156,0.01211694534868002,,,1757037753.5000093
"(None, None)",40.958886,29.1357976,-0.016,0.0012480897130444646,0.0010541280498728156,0.01211694534868002,,,1757037753.6319718
"(None, None)",40.958886,29.1357976,-0.016,0.0012480897130444646,0.0010541280498728156,0.01211694534868002,,,1757037753.7680573
"(None, None)",40.958886,29.1357976,-0.016,0.0012480897130444646,0.0010541280498728156,0.01211694534868002,,,1757037753.9002805
"(None, None)",40.958886,29.1357976,-0.016,0.0012480897130444646,0.0010541280498728156,0.01211694534868002,,,1757037754.032122
"(None, None)",40.958886,29.1357976,-0.016,0.0012480897130444646,0.0010541280498728156,0.01211694534868002,,,1757037754.167809
"(None, None)",40.958886,29.1357976,-0.016,0.0012480897130444646,0.0010541280498728156,0.01211694534868002,,,1757037754.300462
"(None, None)",40.958886,29.1357976,-0.016,0.0012480897130444646,0.0010541280498728156,0.01211694534868002,,,1757037754.432263
"(None, None)",40.958886,29.1357976,-0.016,0.0012480897130444646,0.0010541280498728156,0.01211694534868002,,,1757037754.5684729
"(None, None)",40.958886,29.1357976,-0.016,0.0012480897130444646,0.0010541280498728156,0.01211694534868002,,,1757037754.6996999
"(None, None)",40.958886,29.1357976,-0.016,0.0012480897130444646,0.0010541280498728156,0.01211694534868002,,,1757037754.8358297
"(None, None)",40.958886,29.1357976,-0.016,0.0012480897130444646,0.0010541280498728156,0.01211694534868002,,,1757037754.9678473
"(None, None)",40.958886,29.1357976,-0.016,0.0012480897130444646,0.0010541280498728156,0.01211694534868002,,,1757037755.1000848
"(None, None)",40.958886,29.1357976,-0.016,0.0012480897130444646,0.0010541280498728156,0.01211694534868002,,,1757037755.2365043
"(None, None)",40.958886,29.1357976,-0.016,0.0012480897130444646,0.0010541280498728156,0.01211694534868002,,,1757037755.367928
"(None, None)",40.958886,29.1357976,-0.016,0.0012480897130444646,0.0010541280498728156,0.01211694534868002,,,1757037755.4998605
"(None, None)",40.958886,29.1357976,-0.016,0.0012480897130444646,0.0010541280498728156,0.01211694534868002,,,1757037755.6360605
"(None, None)",40.958886,29.1357976,-0.016,0.0012480897130444646,0.0010541280498728156,0.01211694534868002,,,1757037755.767773
"(None, None)",40.958886,29.1357976,-0.016,0.0012480897130444646,0.0010541280498728156,0.01211694534868002,,,1757037755.9036875
"(None, None)",40.958886,29.1357976,-0.016,0.0012480897130444646,0.0010541280498728156,0.01211694534868002,,,1757037756.0359366
"(None, None)",40.958886,29.1357976,-0.016,0.0012480897130444646,0.0010541280498728156,0.01211694534868002,,,1757037756.1680732
"(None, None)",40.958886,29.1357976,-0.016,0.0012480897130444646,0.0010541280498728156,0.01211694534868002,,,1757037756.3039248
"(None, None)",40.958886,29.1357976,-0.016,0.0012480897130444646,0.0010541280498728156,0.01211694534868002,,,1757037756.435884
"(None, None)",40.958886,29.1357976,-0.016,0.0012480897130444646,0.0010541280498728156,0.01211694534868002,,,1757037756.5681107
"(None, None)",40.958886,29.1357976,-0.016,0.0012480897130444646,0.0010541280498728156,0.01211694534868002,,,1757037756.7041216
"(None, None)",40.958886,29.1357976,-0.016,0.0012480897130444646,0.0010541280498728156,0.01211694534868002,,,1757037756.8358722
"(None, None)",40.958886,29.1357976,-0.016,0.0012480897130444646,0.0010541280498728156,0.01211694534868002,,,1757037756.97184
"(None, None)",40.958886,29.1357976,-0.016,0.0012480897130444646,0.0010541280498728156,0.01211694534868002,,,1757037757.1038144
"(None, None)",40.958886,29.1357976,-0.016,0.0012480897130444646,0.0010541280498728156,0.01211694534868002,,,1757037757.2358656
"(None, None)",40.958886,29.1357976,-0.016,0.0012480897130444646,0.0010541280498728156,0.01211694534868002,,,1757037757.3717456
"(None, None)",40.958886,29.1357976,-0.016,0.0012480897130444646,0.0010541280498728156,0.01211694534868002,,,1757037757.5040333
"(None, None)",40.958886,29.1357976,-0.016,0.0012480897130444646,0.0010541280498728156,0.01211694534868002,,,1757037757.63594
"(None, None)",40.958886,29.1357976,-0.016,0.0012480897130444646,0.0010541280498728156,0.01211694534868002,,,1757037757.771714
"(None, None)",40.958886,29.1357976,-0.016,0.0012480897130444646,0.0010541280498728156,0.01211694534868002,,,1757037757.9038405
"(None, None)",40.958886,29.1357976,-0.016,0.0012480897130444646,0.0010541280498728156,0.01211694534868002,,,1757037758.0399287
"(None, None)",40.958886,29.1357976,-0.016,0.0012480897130444646,0.0010541280498728156,0.01211694534868002,,,1757037758.1719315
"(None, None)",40.958886,29.1357976,-0.016,0.0012480897130444646,0.0010541280498728156,0.01211694534868002,,,1757037758.3037512
"(None, None)",40.958886,29.1357976,-0.016,0.0012480897130444646,0.0010541280498728156,0.01211694534868002,,,1757037758.4398386
"(None, None)",40.958886,29.1357976,-0.016,0.0012480897130444646,0.0010541280498728156,0.01211694534868002,,,1757037758.5719254
"(None, None)",40.958886,29.1357976,-0.016,0.0012480897130444646,0.0010541280498728156,0.01211694534868002,,,1757037758.7037697
"(None, None)",40.958886,29.1357976,-0.016,0.0012480897130444646,0.0010541280498728156,0.01211694534868002,,,1757037758.8398068
"(None, None)",40.958886,29.1357976,-0.016,0.0012480897130444646,0.0010541280498728156,0.01211694534868002,,,1757037758.9716372
"(None, None)",40.958886,29.1357976,-0.016,0.0012480897130444646,0.0010541280498728156,0.01211694534868002,,,1757037759.1077158
"(None, None)",40.958886,29.1357976,-0.016,0.0012480897130444646,0.0010541280498728156,0.01211694534868002,,,1757037759.239722
"(None, None)",40.958886,29.1357976,-0.016,0.0012480897130444646,0.0010541280498728156,0.01211694534868002,,,1757037759.3717175
"(None, None)",40.958886,29.1357976,-0.016,0.0012480897130444646,0.0010541280498728156,0.01211694534868002,,,1757037759.5077102
"(None, None)",40.958886,29.1357976,-0.016,0.0012480897130444646,0.0010541280498728156,0.01211694534868002,,,1757037759.6398766
"(None, None)",40.958886,29.1357976,-0.016,0.0012480897130444646,0.0010541280498728156,0.01211694534868002,,,1757037759.7757723
"(None, None)",40.958886,29.1357976,-0.016,0.0012480897130444646,0.0010541280498728156,0.01211694534868002,,,1757037759.9077406
"(None, None)",40.958886,29.1357976,-0.016,0.0012480897130444646,0.0010541280498728156,0.01211694534868002,,,1757037760.0397937
"(None, None)",40.958886,29.1357976,-0.016,0.0012480897130444646,0.0010541280498728156,0.01211694534868002,,,1757037760.1757596
"(None, None)",40.958886,29.1357976,-0.016,0.0012480897130444646,0.0010541280498728156,0.01211694534868002,,,1757037760.307777
"(None, None)",40.958886,29.1357976,-0.016,0.0012480897130444646,0.0010541280498728156,0.01211694534868002,,,1757037760.4396977
"(None, None)",40.958886,29.1357976,-0.016,0.0012480897130444646,0.0010541280498728156,0.01211694534868002,,,1757037760.5758653
"(None, None)",40.958886,29.1357976,-0.016,0.0012480897130444646,0.0010541280498728156,0.01211694534868002,,,1757037760.7076404
"(None, None)",40.958886,29.1357976,-0.016,0.0012480897130444646,0.0010541280498728156,0.01211694534868002,,,1757037760.8438
"(None, None)",40.958886,29.1357976,-0.016,0.0012480897130444646,0.0010541280498728156,0.01211694534868002,,,1757037760.9756787
"(None, None)",40.958886,29.1357976,-0.016,0.0012480897130444646,0.0010541280498728156,0.01211694534868002,,,1757037761.1077933
"(None, None)",40.958886,29.1357976,-0.016,0.0012480897130444646,0.0010541280498728156,0.01211694534868002,,,1757037761.2439096
"(None, None)",40.958886,29.1357976,-0.016,0.0012480897130444646,0.0010541280498728156,0.01211694534868002,,,1757037761.3758469
"(None, None)",40.958886,29.1357976,-0.016,0.0012480897130444646,0.0010541280498728156,0.01211694534868002,,,1757037761.507829
"(None, None)",40.958886,29.1357976,-0.016,0.0012480897130444646,0.0010541280498728156,0.01211694534868002,,,1757037761.643926
"(None, None)",40.958886,29.1357976,-0.016,0.0012480897130444646,0.0010541280498728156,0.01211694534868002,,,1757037761.7809134
"(None, None)",40.958886,29.1357976,-0.016,0.0012480897130444646,0.0010541280498728156,0.01211694534868002,,,1757037761.9123673
"(None, None)",40.958886,29.1357976,-0.016,0.0012480897130444646,0.0010541280498728156,0.01211694534868002,,,1757037762.0439246
"(None, None)",40.958886,29.1357976,-0.016,0.0012480897130444646,0.0010541280498728156,0.01211694534868002,,,1757037762.1758986
"(None, None)",40.958886,29.1357976,-0.016,0.0012480897130444646,0.0010541280498728156,0.01211694534868002,,,1757037762.3120081
"(None, None)",40.958886,29.1357976,-0.016,0.0012480897130444646,0.0010541280498728156,0.01211694534868002,,,1757037762.443812
"(None, None)",40.958886,29.1357976,-0.016,0.0012480897130444646,0.0010541280498728156,0.01211694534868002,,,1757037762.5760787
"(None, None)",40.958886,29.1357976,-0.016,0.0012480897130444646,0.0010541280498728156,0.01211694534868002,,,1757037762.7119887
"(None, None)",40.958886,29.1357976,-0.016,0.0012480897130444646,0.0010541280498728156,0.01211694534868002,,,1757037762.8438485
"(None, None)",40.958886,29.1357976,-0.016,0.0012480897130444646,0.0010541280498728156,0.01211694534868002,,,1757037762.979921
"(None, None)",40.958886,29.1357976,-0.016,0.0012480897130444646,0.0010541280498728156,0.01211694534868002,,,1757037763.1119335
"(None, None)",40.958886,29.1357976,-0.016,0.0012480897130444646,0.0010541280498728156,0.01211694534868002,,,1757037763.2439086
"(None, None)",40.958886,29.1357976,-0.016,0.0012480897130444646,0.0010541280498728156,0.01211694534868002,,,1757037763.3799322
"(None, None)",40.958886,29.1357976,-0.016,0.0012480897130444646,0.0010541280498728156,0.01211694534868002,,,1757037763.5120738
"(None, None)",40.958886,29.1357976,-0.016,0.0012480897130444646,0.0010541280498728156,0.01211694534868002,,,1757037763.6440759
"(None, None)",40.958886,29.1357976,-0.016,0.0012480897130444646,0.0010541280498728156,0.01211694534868002,,,1757037763.780067
"(None, None)",40.958886,29.1357976,-0.016,0.0012480897130444646,0.0010541280498728156,0.01211694534868002,,,1757037763.911844
"(None, None)",40.958886,29.1357976,-0.016,0.0012480897130444646,0.0010541280498728156,0.01211694534868002,,,1757037764.0477467
"(None, None)",40.958886,29.1357976,-0.016,0.0012480897130444646,0.0010541280498728156,0.01211694534868002,,,1757037764.1800723
"(None, None)",40.958886,29.1357976,-0.016,0.0012480897130444646,0.0010541280498728156,0.01211694534868002,,,1757037764.3118107
"(None, None)",40.958886,29.1357976,-0.016,0.0012480897130444646,0.0010541280498728156,0.01211694534868002,,,1757037764.4478712
"(None, None)",40.958886,29.1357976,-0.016,0.0012480897130444646,0.0010541280498728156,0.01211694534868002,,,1757037764.5798044
"(None, None)",40.958886,29.1357976,-0.016,0.0012480897130444646,0.0010541280498728156,0.01211694534868002,,,1757037764.7120543
"(None, None)",40.958886,29.1357976,-0.016,0.0012480897130444646,0.0010541280498728156,0.01211694534868002,,,1757037764.847939
"(None, None)",40.958886,29.1357976,-0.016,0.0012480897130444646,0.0010541280498728156,0.01211694534868002,,,1757037764.9797657
"(None, None)",40.958886,29.1357976,-0.016,0.0012480897130444646,0.0010541280498728156,0.01211694534868002,,,1757037765.115965
"(None, None)",40.958886,29.1357976,-0.016,0.0012480897130444646,0.0010541280498728156,0.01211694534868002,,,1757037765.2481585
"(None, None)",40.958886,29.1357976,-0.016,0.0012480897130444646,0.0010541280498728156,0.01211694534868002,,,1757037765.3802662
"(None, None)",40.958886,29.1357976,-0.016,0.0012480897130444646,0.0010541280498728156,0.01211694534868002,,,1757037765.5159764
"(None, None)",40.958886,29.1357976,-0.016,0.0012480897130444646,0.0010541280498728156,0.01211694534868002,,,1757037765.6479897
"(None, None)",40.958886,29.1357976,-0.016,0.0012480897130444646,0.0010541280498728156,0.01211694534868002,,,1757037765.7840946
"(None, None)",40.958886,29.1357976,-0.016,0.0012480897130444646,0.0010541280498728156,0.01211694534868002,,,1757037765.9160995
"(None, None)",40.958886,29.1357976,-0.016,0.0012480897130444646,0.0010541280498728156,0.01211694534868002,,,1757037766.0478344
"(None, None)",40.958886,29.1357976,-0.016,0.0012480897130444646,0.0010541280498728156,0.01211694534868002,,,1757037766.1839428
"(None, None)",40.958886,29.1357976,-0.016,0.0012480897130444646,0.0010541280498728156,0.01211694534868002,,,1757037766.315883
"(None, None)",40.958886,29.1357976,-0.016,0.0012480897130444646,0.0010541280498728156,0.01211694534868002,,,1757037766.447747
"(None, None)",40.958886,29.1357976,-0.016,0.0012480897130444646,0.0010541280498728156,0.01211694534868002,,,1757037766.583824
"(None, None)",40.958886,29.1357976,-0.016,0.0012480897130444646,0.0010541280498728156,0.01211694534868002,,,1757037766.7159345
"(None, None)",40.958886,29.1357976,-0.016,0.0012480897130444646,0.0010541280498728156,0.01211694534868002,,,1757037766.8566482
"(None, None)",40.958886,29.1357976,-0.016,0.0012480897130444646,0.0010541280498728156,0.01211694534868002,,,1757037766.9839394
"(None, None)",40.958886,29.1357976,-0.016,0.0012480897130444646,0.0010541280498728156,0.01211694534868002,,,1757037767.1159554
"(None, None)",40.958886,29.1357976,-0.016,0.0012480897130444646,0.0010541280498728156,0.01211694534868002,,,1757037767.2518182
"(None, None)",40.958886,29.1357976,-0.016,0.0012480897130444646,0.0010541280498728156,0.01211694534868002,,,1757037767.38392
"(None, None)",40.958886,29.1357976,-0.016,0.0012480897130444646,0.0010541280498728156,0.01211694534868002,,,1757037767.5160007
"(None, None)",40.958886,29.1357976,-0.016,0.0012480897130444646,0.0010541280498728156,0.01211694534868002,,,1757037767.6519496
"(None, None)",40.958886,29.1357976,-0.016,0.0012480897130444646,0.0010541280498728156,0.01211694534868002,,,1757037767.7838845
"(None, None)",40.958886,29.1357976,-0.016,0.0012480897130444646,0.0010541280498728156,0.01211694534868002,,,1757037767.9197917
"(None, None)",40.958886,29.1357976,-0.016,0.0012480897130444646,0.0010541280498728156,0.01211694534868002,,,1757037768.0519044
"(None, None)",40.958886,29.1357976,-0.016,0.0012480897130444646,0.0010541280498728156,0.01211694534868002,,,1757037768.1840615
