pixel,true_gps_lat,true_gps_lon,true_attitude_roll,true_attitude_pitch,true_attitude_yaw,estimated_gps_lat,estimated_gps_lon,timestamp
"(None, None)",40.9588849,29.1357974,2.15,-0.1962392589411206,-0.24241064403931922,90.15312168529151,,,1756989217.342466
"(None, None)",40.9588849,29.1357974,3.318,-0.17155731649843495,-0.21449404673567718,91.28607931386738,,,1756989217.8525245
"(None, None)",40.9588849,29.1357974,3.955,-0.17115309469757448,-0.21262498948168698,91.28527335154531,,,1756989217.9564106
"(255, 278)",40.9588849,29.1357974,3.955,-0.17115309469757448,-0.21262498948168698,91.28527335154531,40.95889133123291,29.13581267846295,1756989218.055338
"(314, 285)",40.9588849,29.1357974,4.591,-0.1724838209871766,-0.21055873719583912,91.28630471010999,40.95889403082697,29.135799468628,1756989218.363664
"(313, 310)",40.958885,29.1357974,5.203,-0.20320235665547093,-0.21293374871672593,91.28949440845238,40.958901066805126,29.135800220916437,1756989218.4617004
"(309, 286)",40.958885,29.1357974,5.203,-0.20320235665547093,-0.21293374871672593,91.28949440845238,40.95889557731191,29.13580126297682,1756989218.5679076
"(308, 278)",40.958885,29.1357974,5.203,-0.20320235665547093,-0.21293374871672593,91.28949440845238,40.95889374997083,29.13580150967667,1756989218.6716485
"(307, 273)",40.958885,29.1357974,5.78,-0.22133785626339028,-0.2075321629807301,91.28872942726534,40.958893466729684,29.135802256338362,1756989218.7795632
"(317, 275)",40.958885,29.1357974,5.78,-0.22133785626339028,-0.2075321629807301,91.28872942726534,40.95889402806933,29.13579892290885,1756989218.8829362
"(315, 268)",40.958885,29.1357974,5.78,-0.22133785626339028,-0.2075321629807301,91.28872942726534,40.958892246257676,29.135799539577697,1756989218.9879503
"(319, 269)",40.958885,29.1357974,6.317,-0.21656859663414954,-0.21183379477566297,91.28822399326677,40.958893215293955,29.13579828853884,1756989219.0906754
"(319, 266)",40.958885,29.1357974,6.816,-0.1991915415087925,-0.224479316394773,91.28868844613032,40.95889295036931,29.135798349462775,1756989219.1983235
"(318, 263)",40.958885,29.1357974,6.816,-0.1991915415087925,-0.224479316394773,91.28868844613032,40.958892049260825,29.13579871748743,1756989219.3013244
"(317, 260)",40.958885,29.1357974,6.816,-0.1991915415087925,-0.224479316394773,91.28868844613032,40.95889114820948,29.135799085488753,1756989219.4064155
"(318, 260)",40.958885,29.1357974,7.276,-0.19858342788903657,-0.22292728930801983,91.28609980443488,40.95889156955693,29.13579877515744,1756989219.5116582
"(318, 259)",40.958885,29.1357974,7.276,-0.19858342788903657,-0.22292728930801983,91.28609980443488,40.95889125130228,29.135798765681947,1756989219.6186297
"(317, 259)",40.958885,29.1357974,7.276,-0.19858342788903657,-0.22292728930801983,91.28609980443488,40.958891244278114,29.135799186997044,1756989219.730048
"(317, 258)",40.958885,29.1357974,7.701,-0.1940109364048304,-0.21589612982580741,91.28635252143418,40.958891266779524,29.135799269959747,1756989219.83255
"(319, 259)",40.958885,29.1357974,7.701,-0.1940109364048304,-0.21589612982580741,91.28635252143418,40.95889161849247,29.135798388175136,1756989219.9349186
"(319, 257)",40.958885,29.1357974,8.09,-0.18569189939788708,-0.21723860884325868,91.28786199324075,40.95889123446863,29.135798419183562,1756989220.0368743
"(319, 256)",40.958885,29.1357974,8.09,-0.18569189939788708,-0.21723860884325868,91.28786199324075,40.958890880665614,29.135798408643684,1756989220.1386828
"(318, 255)",40.958885,29.1357974,8.445,-0.1905848895047682,-0.21944358600640923,91.28896165369713,40.958890767636184,29.13579893505848,1756989220.2518263
"(319, 255)",40.958885,29.1357974,8.445,-0.1905848895047682,-0.21944358600640923,91.28896165369713,40.95889077583628,29.13579844611155,1756989220.3570828
"(320, 255)",40.958885,29.1357974,8.445,-0.1905848895047682,-0.21944358600640923,91.28896165369713,40.95889078403607,29.135797957182852,1756989220.4619958
"(320, 257)",40.958885,29.1357974,8.767,-0.20017544893503136,-0.2245150681662098,91.28654376673094,40.95889178452366,29.135798010519697,1756989220.571604
"(320, 256)",40.958885,29.1357974,8.767,-0.20017544893503136,-0.2245150681662098,91.28654376673094,40.95889140110347,29.135797999117216,1756989220.6736379
"(320, 256)",40.958885,29.1357974,8.767,-0.20017544893503136,-0.2245150681662098,91.28654376673094,40.95889140110347,29.135797999117216,1756989220.775355
"(319, 254)",40.958885,29.1357974,9.054,-0.20846837914469787,-0.21319803168088047,91.28702187997284,40.95889082214371,29.13579849851776,1756989221.0037348
"(318, 254)",40.958885,29.1357974,9.308,-0.2073145440824285,-0.19672976524110536,91.28908459710219,40.95889097522321,29.135799036660607,1756989221.1114547
"(319, 253)",40.958885,29.1357974,9.308,-0.2073145440824285,-0.19672976524110536,91.28908459710219,40.9588905772293,29.135798485611925,1756989221.2156022
"(319, 253)",40.958885,29.1357974,9.308,-0.2073145440824285,-0.19672976524110536,91.28908459710219,40.9588905772293,29.135798485611925,1756989221.322693
"(319, 252)",40.958885,29.1357974,9.526,-0.20770381150426634,-0.1872039058449722,91.28799859702416,40.95889029219347,29.135798479663737,1756989221.4260292
"(319, 252)",40.958885,29.1357974,9.526,-0.20770381150426634,-0.1872039058449722,91.28799859702416,40.95889029219347,29.135798479663737,1756989221.534129
"(320, 252)",40.958885,29.1357974,9.526,-0.20770381150426634,-0.1872039058449722,91.28799859702416,40.9588903014729,29.135797928171066,1756989221.636375
"(320, 252)",40.958885,29.1357974,9.709,-0.20891847793883114,-0.1785570197578683,91.28627055916414,40.958890405478066,29.135797920731356,1756989221.7457173
"(320, 252)",40.958885,29.1357974,9.856,-0.20531304519156354,-0.16735285481661608,91.28803957815917,40.95889048210237,29.1357979057525,1756989221.879552
"(320, 252)",40.958885,29.1357974,9.856,-0.20531304519156354,-0.16735285481661608,91.28803957815917,40.95889048210237,29.1357979057525,1756989222.065391
"(320, 253)",40.958885,29.1357974,9.856,-0.20531304519156354,-0.16735285481661608,91.28803957815917,40.958890913094,29.135797918584608,1756989222.166509
"(320, 253)",40.958885,29.1357975,9.965,-0.19544659681164211,-0.1615086541461049,91.28928950277728,40.95889096320355,29.13579801194316,1756989222.271303
"(320, 253)",40.958885,29.1357975,10.032,-0.17335464342592677,-0.16530354460156102,91.28976761601919,40.95889096826806,29.1357980223133,1756989222.3807757
"(320, 252)",40.958885,29.1357975,10.032,-0.17335464342592677,-0.16530354460156102,91.28976761601919,40.958890529611885,29.13579800923546,1756989222.4825895
"(320, 252)",40.958885,29.1357975,10.032,-0.17335464342592677,-0.16530354460156102,91.28976761601919,40.958890529611885,29.13579800923546,1756989222.5878415
"(320, 252)",40.958885,29.1357975,10.056,-0.16353589964848966,-0.16531021470817236,91.29154346520339,40.95889052729346,29.135798010231355,1756989222.6940455
"(320, 251)",40.958885,29.1357975,10.056,-0.16353589964848966,-0.16531021470817236,91.29154346520339,40.95889008761,29.135797997104838,1756989222.7930057
"(320, 251)",40.958885,29.1357975,10.056,-0.16353589964848966,-0.16531021470817236,91.29154346520339,40.95889008761,29.135797997104838,1756989222.8971374
"(320, 251)",40.958885,29.1357975,10.051,-0.17266099235898702,-0.16373129375156226,91.28909825748052,40.95889009957402,29.13579799370607,1756989223.0124424
"(320, 250)",40.958885,29.1357975,10.051,-0.17266099235898702,-0.16373129375156226,91.28909825748052,40.958889660113435,29.135797980611056,1756989223.11746
"(320, 251)",40.958885,29.1357975,10.051,-0.17266099235898702,-0.16373129375156226,91.28909825748052,40.95889009957402,29.13579799370607,1756989223.2232206
"(None, None)",40.9588851,29.1357975,10.033,-0.15471412336603638,-0.16133206974367628,91.29091508779975,,,1756989223.334622
"(321, 251)",40.9588851,29.1357975,10.013,-0.11574614658318147,-0.1650585515857265,91.29407746538546,40.95889010042389,29.135797412898693,1756989223.4429784
"(None, None)",40.9588851,29.1357975,10.013,-0.11574614658318147,-0.1650585515857265,91.29407746538546,,,1756989223.545414
"(None, None)",40.9588851,29.1357975,10.013,-0.11574614658318147,-0.1650585515857265,91.29407746538546,,,1756989223.6505961
"(321, 251)",40.9588851,29.1357975,9.997,-0.1151460637717856,-0.16790634026322512,91.29070335193548,40.95889009138548,29.135797418529886,1756989223.7550635
"(None, None)",40.9588851,29.1357975,9.997,-0.1151460637717856,-0.16790634026322512,91.29070335193548,,,1756989223.8622298
"(None, None)",40.9588851,29.1357975,9.987,-0.13854601172377162,-0.17697617781055414,91.29208305014782,,,1756989223.9690185
"(None, None)",40.9588851,29.1357975,9.987,-0.13854601172377162,-0.17697617781055414,91.29208305014782,,,1756989224.1772904
"(320, 250)",40.9588851,29.1357975,9.981,-0.14146735833698013,-0.1897330501894339,91.28999984245097,40.95888967781182,29.135798029768846,1756989224.2799287
"(320, 250)",40.9588851,29.1357975,9.981,-0.14146735833698013,-0.1897330501894339,91.28999984245097,40.95888967781182,29.135798029768846,1756989224.385833
"(320, 250)",40.9588851,29.1357975,9.979,-0.13844774771317334,-0.1955506371345658,91.28934414429064,40.9588896719603,29.13579804150206,1756989224.5000618
"(320, 250)",40.9588851,29.1357975,9.979,-0.13844774771317334,-0.1955506371345658,91.28934414429064,40.9588896719603,29.13579804150206,1756989224.6138635
"(320, 250)",40.9588851,29.1357975,9.979,-0.13844774771317334,-0.1955506371345658,91.28934414429064,40.9588896719603,29.13579804150206,1756989224.7239506
"(320, 250)",40.9588851,29.1357975,9.978,-0.20646077043617692,-0.1990947849422884,91.29230844639044,40.9588897780147,29.135798052287274,1756989224.837858
"(320, 249)",40.9588851,29.1357975,9.978,-0.20646077043617692,-0.1990947849422884,91.29230844639044,40.95888934173289,29.135798039254592,1756989224.9404857
"(321, 249)",40.9588851,29.1357975,9.978,-0.20646077043617692,-0.1990947849422884,91.29230844639044,40.958889351501156,29.135797461644884,1756989225.0486426
"(321, 249)",40.9588851,29.1357975,9.978,-0.23047475506258971,-0.20267230996349414,91.29273874830814,40.958889389017784,29.135797470209685,1756989225.1595366
"(321, 249)",40.9588851,29.1357975,9.978,-0.23047475506258971,-0.20267230996349414,91.29273874830814,40.958889389017784,29.135797470209685,1756989225.2676346
"(321, 249)",40.9588851,29.1357975,9.978,-0.23047475506258971,-0.20267230996349414,91.29273874830814,40.958889389017784,29.135797470209685,1756989225.3742106
"(321, 249)",40.9588851,29.1357975,9.979,-0.15217998978182942,-0.20247132631108122,91.29138637085248,40.95888926671665,29.135797466029757,1756989225.4767401
"(321, 249)",40.9588851,29.1357975,9.978,-0.06452197563401386,-0.20437386750026035,91.29150931425754,40.95888912884846,29.13579746592424,1756989225.687601
"(321, 249)",40.9588851,29.1357975,9.978,-0.06452197563401386,-0.20437386750026035,91.29150931425754,40.95888912884846,29.13579746592424,1756989225.8045936
"(320, 249)",40.9588851,29.1357975,9.975,-0.3120203568829455,-0.2001900031076573,91.28993837074843,40.95888950586943,29.135798046060565,1756989225.9146388
"(321, 249)",40.9588851,29.1357975,9.975,-0.3120203568829455,-0.2001900031076573,91.28993837074843,40.95888951561438,29.135797468572445,1756989226.1167638
"(321, 249)",40.9588851,29.1357975,9.971,-0.39308869923504663,-0.1954651130275952,91.29023206888274,40.95888964102912,29.135797462583803,1756989226.2221808
"(321, 249)",40.9588851,29.1357975,9.971,-0.39308869923504663,-0.1954651130275952,91.29023206888274,40.95888964102912,29.135797462583803,1756989226.3418338
"(320, 249)",40.9588851,29.1357975,9.969,-0.09098023416836563,-0.19218455449293956,91.28907776691301,40.95888915733157,29.135798018764515,1756989226.5527995
"(320, 249)",40.9588851,29.1357975,9.969,-0.09098023416836563,-0.19218455449293956,91.28907776691301,40.95888915733157,29.135798018764515,1756989226.660201
"(320, 249)",40.9588851,29.1357975,9.969,-0.2995723904814502,-0.1958026604427687,91.2885586725361,40.95888948388395,29.135798035932613,1756989226.8777165
"(321, 249)",40.9588851,29.1357975,9.971,-0.4288820921370869,-0.191764511199197,91.28987006885673,40.958889697246725,29.135797456540963,1756989227.0892725
"(None, None)",40.9588851,29.1357975,9.971,-0.4288820921370869,-0.191764511199197,91.28987006885673,,,1756989227.1944625
"(None, None)",40.958885,29.1357975,9.973,-0.13598334342348134,-0.1887112432174294,91.28631837048833,,,1756989227.2972958
"(None, None)",40.958885,29.1357975,9.973,-0.13598334342348134,-0.1887112432174294,91.28631837048833,,,1756989227.3972805
"(321, 249)",40.958885,29.1357975,9.975,-0.21965194679673428,-0.19011644791745375,91.28950123864155,40.958889271209856,29.13579744340156,1756989227.5053048
"(321, 249)",40.958885,29.1357975,9.975,-0.21965194679673428,-0.19011644791745375,91.28950123864155,40.958889271209856,29.13579744340156,1756989227.616386
"(321, 250)",40.958885,29.1357975,9.977,-0.46078483853315866,-0.19276237248846678,91.28715848375624,40.95889008643387,29.135797472727322,1756989227.7344203
"(None, None)",40.958885,29.1357975,9.977,-0.46078483853315866,-0.19276237248846678,91.28715848375624,,,1756989227.8588555
"(None, None)",40.958885,29.1357975,9.977,-0.46078483853315866,-0.19276237248846678,91.28715848375624,,,1756989227.9634595
"(320, 249)",40.958885,29.1357975,9.978,-0.1467195203446687,-0.20631228052279527,91.28487720057346,40.958889147892215,29.135798050692895,1756989228.076598
"(320, 249)",40.958885,29.1357975,9.978,-0.1467195203446687,-0.20631228052279527,91.28487720057346,40.958889147892215,29.135798050692895,1756989228.1784635
"(321, 249)",40.958885,29.1357975,9.978,-0.1467195203446687,-0.20631228052279527,91.28487720057346,40.958889157602464,29.135797473109562,1756989228.2957046
"(320, 249)",40.958885,29.1357975,9.98,-0.14176673940212353,-0.2110877166707581,91.28982908772171,40.958889140756284,29.135798060938864,1756989228.4983728
"(320, 249)",40.958885,29.1357975,9.981,-0.4100862919952845,-0.21764213695303158,91.28918704993973,40.95888956172423,29.135798087051587,1756989228.6021516
"(None, None)",40.958885,29.1357975,9.981,-0.4100862919952845,-0.21764213695303158,91.28918704993973,,,1756989228.7058837
"(320, 249)",40.958885,29.1357975,9.981,-0.4100862919952845,-0.21764213695303158,91.28918704993973,40.95888956172423,29.135798087051587,1756989228.8132775
"(320, 249)",40.958885,29.1357975,9.982,-0.22957439739176452,-0.21220154443357264,91.29476731449164,40.95888927920243,29.13579806795268,1756989228.9208636
"(None, None)",40.958885,29.1357975,9.982,-0.22957439739176452,-0.21220154443357264,91.29476731449164,,,1756989229.1384091
"(None, None)",40.958885,29.1357975,9.983,-0.08131384896614476,-0.201544968564685,91.29531372962524,,,1756989229.2400134
"(320, 249)",40.958885,29.1357975,9.983,-0.37818781446744404,-0.1977747708439041,91.30036806961104,40.958889513208725,29.1357980456767,1756989229.349915
"(320, 249)",40.958885,29.1357975,9.983,-0.37818781446744404,-0.1977747708439041,91.30036806961104,40.958889513208725,29.1357980456767,1756989229.456008
"(320, 249)",40.958885,29.1357975,9.983,-0.37818781446744404,-0.1977747708439041,91.30036806961104,40.958889513208725,29.1357980456767,1756989229.6695375
"(320, 249)",40.958885,29.1357975,9.983,-0.30883663495607333,-0.1894155664549473,91.29183033314852,40.95888940477274,29.135798024216363,1756989229.7724729
"(321, 249)",40.958885,29.1357975,9.984,-0.06329576991501146,-0.18383899714210958,91.2940228238721,40.958889030077465,29.13579742352685,1756989229.8805
"(321, 249)",40.958885,29.1357975,9.984,-0.06329576991501146,-0.18383899714210958,91.2940228238721,40.958889030077465,29.13579742352685,1756989229.990799
"(None, None)",40.958885,29.1357975,9.984,-0.06329576991501146,-0.18383899714210958,91.2940228238721,,,1756989230.0921566
"(320, 249)",40.958885,29.1357975,9.984,-0.06329576991501146,-0.18383899714210958,91.2940228238721,40.958889020282385,29.135798001416294,1756989230.2003875
"(320, 249)",40.958885,29.1357975,9.984,-0.3071302349219073,-0.17722281167261505,91.29295048417241,40.958889402956984,29.1357979990357,1756989230.305238
"(320, 249)",40.958885,29.1357975,9.984,-0.37471685106946107,-0.17576340568626697,91.29441897484396,40.95888950903058,29.135797999333366,1756989230.4145572
"(320, 249)",40.958885,29.1357975,9.984,-0.37471685106946107,-0.17576340568626697,91.29441897484396,40.95888950903058,29.135797999333366,1756989230.5143623
"(320, 249)",40.958885,29.1357975,9.984,-0.37471685106946107,-0.17576340568626697,91.29441897484396,40.95888950903058,29.135797999333366,1756989230.6169724
"(None, None)",40.958885,29.1357975,9.985,-0.0998003029035264,-0.17170464581326622,91.29524542773353,,,1756989230.7284698
"(320, 249)",40.958885,29.1357975,9.985,-0.0998003029035264,-0.17170464581326622,91.29524542773353,40.95888907835426,29.135797978145554,1756989230.8333054
"(321, 249)",40.958885,29.1357975,9.985,-0.20885363116235567,-0.1689687415040662,91.28921437069641,40.958889259300506,29.135797398988288,1756989230.9505465
"(320, 249)",40.958885,29.1357975,9.985,-0.20885363116235567,-0.1689687415040662,91.28921437069641,40.958889249538124,29.135797977004263,1756989231.210553
"(320, 249)",40.958885,29.1357975,9.985,-0.4558812429567655,-0.17116301981621215,91.29234259733627,40.95888963701994,29.13579799343729,1756989231.3143818
"(320, 249)",40.958885,29.1357975,9.985,-0.4558812429567655,-0.17116301981621215,91.29234259733627,40.95888963701994,29.13579799343729,1756989231.4217834
"(321, 249)",40.958885,29.1357975,9.986,-0.15409553767890066,-0.16818457709041057,91.2916527482301,40.95888917385855,29.135797395054148,1756989231.540675
"(None, None)",40.958885,29.1357975,9.986,-0.15409553767890066,-0.16818457709041057,91.2916527482301,,,1756989231.647125
"(320, 248)",40.958885,29.1357975,9.986,-0.15409553767890066,-0.16818457709041057,91.2916527482301,40.958888727495435,29.135797960066483,1756989231.7529223
"(321, 249)",40.958885,29.1357975,9.986,-0.08877744480018364,-0.16107604437150658,91.29208988033699,40.958889071656,29.13579737733266,1756989231.8656092
"(320, 249)",40.958885,29.1357975,9.986,-0.08877744480018364,-0.16107604437150658,91.29208988033699,40.95888906186625,29.135797955349428,1756989231.971947
"(320, 249)",40.958885,29.1357975,9.986,-0.3902710060785784,-0.14629450115139406,91.29073750288133,40.95888953539934,29.13579793869697,1756989232.0838492
"(320, 249)",40.958885,29.1357975,9.986,-0.3902710060785784,-0.14629450115139406,91.29073750288133,40.95888953539934,29.13579793869697,1756989232.19555
"(321, 249)",40.958885,29.1357975,9.986,-0.3902710060785784,-0.14629450115139406,91.29073750288133,40.958889545180476,29.135797360533964,1756989232.3053157
"(320, 249)",40.958885,29.1357975,9.987,-0.16430029386614928,-0.14023904486428854,91.29297097473992,40.95888918147566,29.135797915825083,1756989232.4142218
"(None, None)",40.958885,29.1357975,9.987,-0.16430029386614928,-0.14023904486428854,91.29297097473992,,,1756989232.5169406
"(None, None)",40.958885,29.1357975,9.987,-0.16430029386614928,-0.14023904486428854,91.29297097473992,,,1756989232.6240678
"(321, 249)",40.958885,29.1357975,9.987,-0.0319406559469973,-0.13882112694106297,91.29468535222159,40.95888898370683,29.135797328789817,1756989232.7297513
"(321, 249)",40.958885,29.1357975,9.987,-0.0319406559469973,-0.13882112694106297,91.29468535222159,40.95888898370683,29.135797328789817,1756989232.8342206
"(320, 249)",40.958885,29.1357975,9.988,-0.32365214235905077,-0.12997395089263372,91.28456301187164,40.958889432354475,29.135797901198035,1756989232.9402707
"(321, 249)",40.958885,29.1357975,9.988,-0.32365214235905077,-0.12997395089263372,91.28456301187164,40.9588894420974,29.135797322951706,1756989233.0468504
"(321, 249)",40.958885,29.1357975,9.988,-0.32365214235905077,-0.12997395089263372,91.28456301187164,40.9588894420974,29.135797322951706,1756989233.1479158
"(321, 249)",40.958885,29.1357976,9.989,-0.2525887731609754,-0.1267279301700116,91.291447842555,40.95888933114202,29.135797413616373,1756989233.2551699
"(321, 249)",40.958885,29.1357976,9.989,-0.2525887731609754,-0.1267279301700116,91.291447842555,40.95888933114202,29.135797413616373,1756989233.3687334
"(321, 248)",40.958885,29.1357976,9.989,-0.2525887731609754,-0.1267279301700116,91.291447842555,40.95888889436856,29.135797400590114,1756989233.4737537
"(320, 248)",40.958885,29.1357976,9.99,0.019006280358503203,-0.13099426376075726,91.28899580464298,40.95888845881285,29.13579797481632,1756989233.58391
"(321, 249)",40.958885,29.1357976,9.991,-0.20962306798061348,-0.13234239902861497,91.28964467261413,40.95888926436556,29.13579742305186,1756989233.6997778
"(321, 249)",40.958885,29.1357976,9.991,-0.20962306798061348,-0.13234239902861497,91.28964467261413,40.95888926436556,29.13579742305186,1756989233.80824
"(321, 249)",40.958885,29.1357976,9.991,-0.20962306798061348,-0.13234239902861497,91.28964467261413,40.95888926436556,29.13579742305186,1756989234.0247133
"(321, 249)",40.958885,29.1357976,9.991,-0.26854839061078284,-0.13851726356427674,91.2902184085044,40.958889356639965,29.135797438643426,1756989234.1353319
"(321, 248)",40.958885,29.1357976,9.992,0.03652460000425516,-0.14933500254910756,91.28949440845238,40.958888441168035,29.135797433840207,1756989234.2405412
"(321, 248)",40.958885,29.1357976,9.992,0.03652460000425516,-0.14933500254910756,91.28949440845238,40.958888441168035,29.135797433840207,1756989234.3415613
"(321, 248)",40.958885,29.1357976,9.992,0.03652460000425516,-0.14933500254910756,91.28949440845238,40.958888441168035,29.135797433840207,1756989234.4544485
"(321, 248)",40.958885,29.1357976,9.993,-0.14310189464251558,-0.14939976928430368,91.2890572763455,40.9588887233153,29.13579744224779,1756989234.5626905
"(321, 248)",40.958885,29.1357976,9.993,-0.14310189464251558,-0.14939976928430368,91.2890572763455,40.9588887233153,29.13579744224779,1756989234.6698747
"(321, 249)",40.958885,29.1357976,9.993,-0.14310189464251558,-0.14939976928430368,91.2890572763455,40.9588891601887,29.135797455258263,1756989234.7767365
"(321, 249)",40.958885,29.1357976,9.993,-0.3071353042029319,-0.12840763643751904,91.29140003123082,40.958889418458504,29.135797419550613,1756989234.893556
"(321, 248)",40.958885,29.1357976,9.993,-0.3071353042029319,-0.12840763643751904,91.29140003123082,40.95888898147163,29.135797406521153,1756989234.9996417
"(321, 248)",40.958885,29.1357976,9.994,-0.015458624074703047,-0.1265868974358214,91.2894670876957,40.958888524216874,29.13579738902725,1756989235.1144624
"(321, 247)",40.958885,29.1357976,9.994,-0.015458624074703047,-0.1265868974358214,91.2894670876957,40.95888808738388,29.135797376007567,1756989235.2163692
"(321, 246)",40.958885,29.1357976,9.994,-0.015458624074703047,-0.1265868974358214,91.2894670876957,40.95888765055203,29.135797362987915,1756989235.3224232
"(321, 247)",40.9588851,29.1357976,9.994,-0.043220269799183704,-0.12958977943224695,91.28885920085958,40.95888823081677,29.135797383480785,1756989235.4285917
"(321, 248)",40.9588851,29.1357976,9.994,-0.043220269799183704,-0.12958977943224695,91.28885920085958,40.9588886676655,29.135797396493434,1756989235.5390031
"(321, 248)",40.9588851,29.1357976,9.995,-0.3071848764352674,-0.13130686497720434,91.28995886131594,40.95888908223982,29.13579741236677,1756989235.7533152
"(321, 248)",40.9588851,29.1357976,9.995,-0.0859421892530077,-0.13302029530373874,91.28793712532162,40.95888873493719,29.13579740549244,1756989235.8694563
"(321, 247)",40.9588851,29.1357976,9.995,-0.0859421892530077,-0.13302029530373874,91.28793712532162,40.9588882980201,29.13579739248917,1756989235.9763362
"(321, 246)",40.9588851,29.1357976,9.995,-0.0859421892530077,-0.13302029530373874,91.28793712532162,40.95888786110939,29.135797379486092,1756989236.1817567
"(321, 246)",40.9588851,29.1357976,9.995,0.05506566543951715,-0.14449003720982811,91.28777320078154,40.95888763959928,29.13579739673085,1756989236.2913
"(321, 247)",40.9588851,29.1357976,9.995,-0.26288707092334146,-0.14528085838988186,91.28918704993973,40.95888857518547,29.135797426223075,1756989236.402462
"(321, 248)",40.9588851,29.1357976,9.995,-0.26288707092334146,-0.14528085838988186,91.28918704993973,40.958889012209006,29.13579743923344,1756989236.506749
"(321, 247)",40.9588851,29.1357976,9.995,-0.26288707092334146,-0.14528085838988186,91.28918704993973,40.95888857518547,29.135797426223075,1756989236.7272773
"(321, 246)",40.9588851,29.1357976,9.996,-0.14394108743571477,-0.1468323918887458,91.28691259694612,40.9588879518575,29.135797410743454,1756989236.8328567
"(321, 245)",40.9588851,29.1357976,9.996,0.03441950101750285,-0.14429222852816218,91.2863935025692,40.95888723533366,29.135797384182844,1756989236.9443843
"(321, 245)",40.9588851,29.1357976,9.996,0.03441950101750285,-0.14429222852816218,91.2863935025692,40.95888723533366,29.135797384182844,1756989237.0697846
"(321, 245)",40.9588851,29.1357976,9.996,0.03441950101750285,-0.14429222852816218,91.2863935025692,40.95888723533366,29.135797384182844,1756989237.1737082
"(321, 246)",40.9588851,29.1357976,9.996,-0.253598787384491,-0.14618455111401274,91.28649595540675,40.95888812387723,29.13579741445049,1756989237.2802827
"(321, 247)",40.9588851,29.1357976,9.996,-0.253598787384491,-0.14618455111401274,91.28649595540675,40.95888856092028,29.135797427434696,1756989237.3949182
"(321, 247)",40.9588851,29.1357976,9.996,-0.23741497431126313,-0.14532106579253504,91.28341554009107,40.95888853554914,29.135797424649656,1756989237.5110245
"(321, 246)",40.9588851,29.1357976,9.996,-0.23741497431126313,-0.14532106579253504,91.28341554009107,40.95888809851443,29.135797411696032,1756989237.618132
"(321, 246)",40.9588851,29.1357976,9.996,-0.23741497431126313,-0.14532106579253504,91.28341554009107,40.95888809851443,29.135797411696032,1756989237.7257674
"(321, 245)",40.9588851,29.1357976,9.997,0.015022845999464332,-0.13803179986489014,91.29456240881653,40.9588872662042,29.135797372479455,1756989237.8517451
"(321, 245)",40.9588851,29.1357976,9.997,0.015022845999464332,-0.13803179986489014,91.29456240881653,40.9588872662042,29.135797372479455,1756989238.0496402
"(321, 246)",40.9588851,29.1357976,9.997,-0.1955642308118397,-0.13926548944351047,91.28633203086667,40.95888803338474,29.135797397375914,1756989238.1536148
"(321, 246)",40.9588851,29.1357976,9.997,-0.1955642308118397,-0.13926548944351047,91.28633203086667,40.95888803338474,29.135797397375914,1756989238.269178
"(321, 247)",40.9588851,29.1357976,9.998,-0.3286463179832259,-0.1416280278650341,91.29024572926109,40.95888867957289,29.13579742172779,1756989238.3771663
"(321, 246)",40.9588851,29.1357976,9.998,-0.3286463179832259,-0.1416280278650341,91.29024572926109,40.95888824240083,29.13579740870554,1756989238.4911444
"(321, 246)",40.9588851,29.1357976,9.998,-0.03473094830550618,-0.1470424869067898,91.28813520080755,40.958887781114456,29.135797406155277,1756989238.5953853
"(321, 245)",40.9588851,29.1357976,9.998,-0.03473094830550618,-0.1470424869067898,91.28813520080755,40.95888734410106,29.13579739314462,1756989238.7040906
"(321, 245)",40.9588851,29.1357976,9.998,-0.03473094830550618,-0.1470424869067898,91.28813520080755,40.95888734410106,29.13579739314462,1756989238.8174047
"(321, 245)",40.9588851,29.1357976,9.998,-0.1192312105865408,-0.137329797824473,91.28284863438996,40.958887476939495,29.135797376622065,1756989238.9257774
"(321, 246)",40.9588851,29.1357976,9.998,-0.1192312105865408,-0.137329797824473,91.28284863438996,40.95888791399028,29.13579738957625,1756989239.028188
"(321, 246)",40.9588851,29.1357976,9.998,-0.1192312105865408,-0.137329797824473,91.28284863438996,40.95888791399028,29.13579738957625,1756989239.1460245
"(321, 247)",40.9588851,29.1357976,9.998,-0.3692343702804829,-0.13254653097134844,91.28687844600027,40.95888874359588,29.13579740448193,1756989239.2644546
"(321, 246)",40.9588851,29.1357976,9.998,-0.3692343702804829,-0.13254653097134844,91.28687844600027,40.95888830639967,29.135797391494997,1756989239.3733227
"(321, 245)",40.9588851,29.1357976,9.998,-0.13934617105308125,-0.12988699938284828,91.28930999334479,40.958887508766985,29.13579736246642,1756989239.5832553
"(321, 245)",40.9588851,29.1357976,9.998,-0.13934617105308125,-0.12988699938284828,91.28930999334479,40.958887508766985,29.13579736246642,1756989239.6873639
"(321, 245)",40.9588851,29.1357976,9.998,-0.11267944500669863,-0.14226667723285671,91.29498588054507,40.95888746652516,29.135797387228013,1756989239.8011599
"(321, 246)",40.9588851,29.1357976,9.998,-0.11267944500669863,-0.14226667723285671,91.29498588054507,40.95888790357089,29.135797400305027,1756989239.9066
"(321, 247)",40.9588851,29.1357976,9.998,-0.4183487931785901,-0.1217519505966722,91.29216501241785,40.95888882109105,29.135797384808683,1756989240.0152867
"(321, 247)",40.9588851,29.1357976,9.998,-0.4183487931785901,-0.1217519505966722,91.29216501241785,40.95888882109105,29.135797384808683,1756989240.1305943
"(321, 246)",40.9588851,29.1357976,9.999,-0.20893920863017917,-0.11585534956862234,91.29246554074135,40.95888805580391,29.13579734978817,1756989240.2393866
"(321, 246)",40.9588851,29.1357976,9.999,-0.20893920863017917,-0.11585534956862234,91.29246554074135,40.95888805580391,29.13579734978817,1756989240.3508048
"(321, 245)",40.9588851,29.1357976,9.999,-0.20893920863017917,-0.11585534956862234,91.29246554074135,40.95888761866998,29.135797336738726,1756989240.461735
"(321, 245)",40.9588851,29.1357976,9.999,-0.037626571652568046,-0.11261167672352741,91.29100388025896,40.95888735009409,29.13579732194942,1756989240.6650658
"(321, 246)",40.9588851,29.1357976,9.999,-0.037626571652568046,-0.11261167672352741,91.29100388025896,40.95888778715259,29.135797334990265,1756989240.7661526
"(321, 247)",40.9588851,29.1357977,9.999,-0.32145999848102047,-0.11152631030562346,91.29247237093051,40.95888866972469,29.135797459086675,1756989240.8922613
"(321, 247)",40.9588851,29.1357977,9.999,-0.32145999848102047,-0.11152631030562346,91.29247237093051,40.95888866972469,29.135797459086675,1756989241.1024666
"(321, 245)",40.9588851,29.1357977,9.999,-0.21121045997261997,-0.11453597580047273,91.29178252182435,40.95888762227692,29.135797434066458,1756989241.3196688
"(321, 245)",40.9588851,29.1357977,9.999,0.05713646673807395,-0.11618183794703424,91.2967344089726,40.95888720138013,29.135797425225665,1756989241.4275045
"(321, 245)",40.9588851,29.1357977,9.999,0.05713646673807395,-0.11618183794703424,91.2967344089726,40.95888720138013,29.135797425225665,1756989241.5350783
"(321, 246)",40.9588851,29.1357977,9.999,0.05713646673807395,-0.11618183794703424,91.2967344089726,40.95888763839905,29.1357974383279,1756989241.644496
"(321, 247)",40.9588851,29.1357977,9.999,-0.20856524243290775,-0.13269998344404893,91.29215818222869,40.958888491767254,29.135797497756105,1756989241.761815
"(321, 247)",40.9588851,29.1357977,10.0,-0.2284135853979797,-0.1219188766847276,91.29756086186217,40.95888852366121,29.13579747670891,1756989241.9717104
"(321, 246)",40.9588851,29.1357977,10.0,-0.2284135853979797,-0.1219188766847276,91.29756086186217,40.9588880864585,29.135797463606856,1756989242.0767267
"(321, 245)",40.9588851,29.1357977,10.0,0.08450675562982077,-0.12623841104580533,91.29081946515137,40.95888715828823,29.135797444510146,1756989242.2877045
"(321, 245)",40.9588851,29.1357977,10.0,0.08450675562982077,-0.12623841104580533,91.29081946515137,40.95888715828823,29.135797444510146,1756989242.397621
"(321, 246)",40.9588851,29.1357977,10.0,-0.0727716235218794,-0.1311147392263713,91.29361984271107,40.95888784191134,29.135797475169575,1756989242.5084748
"(321, 246)",40.9588851,29.1357977,10.0,-0.0727716235218794,-0.1311147392263713,91.29361984271107,40.95888784191134,29.135797475169575,1756989242.6158645
"(321, 247)",40.9588852,29.1357977,10.001,-0.18362313915195336,-0.13342663819850162,91.2936608238461,40.95888855326948,29.135797498180477,1756989242.732542
"(321, 246)",40.9588852,29.1357977,10.001,-0.18362313915195336,-0.13342663819850162,91.2936608238461,40.95888811604674,29.135797485115052,1756989242.8350077
"(321, 246)",40.9588852,29.1357977,10.001,-0.18362313915195336,-0.13342663819850162,91.2936608238461,40.95888811604674,29.135797485115052,1756989242.940054
"(321, 245)",40.9588852,29.1357977,10.001,0.12886512570977768,-0.1379059616335606,91.29237674828212,40.958887188514126,29.135797466710194,1756989243.0468395
"(321, 245)",40.9588852,29.1357977,10.001,0.12886512570977768,-0.1379059616335606,91.29237674828212,40.958887188514126,29.135797466710194,1756989243.1617205
"(321, 245)",40.9588852,29.1357977,10.001,0.12886512570977768,-0.1379059616335606,91.29237674828212,40.958887188514126,29.135797466710194,1756989243.2642128
"(321, 246)",40.9588852,29.1357977,10.001,0.012772871463350379,-0.13583564058267983,91.29198059731027,40.958887807794646,29.135797480860287,1756989243.3818586
"(321, 246)",40.9588852,29.1357977,10.002,-0.2152007445311487,-0.13271892654682516,91.29051893682788,40.95888816591361,29.13579748488052,1756989243.5131235
"(321, 246)",40.9588852,29.1357977,10.002,-0.2152007445311487,-0.13271892654682516,91.29051893682788,40.95888816591361,29.13579748488052,1756989243.615577
"(321, 246)",40.9588852,29.1357977,10.002,-0.2152007445311487,-0.13271892654682516,91.29051893682788,40.95888816591361,29.13579748488052,1756989243.7217891
"(321, 245)",40.9588852,29.1357977,10.002,0.053219369924338164,-0.1292394921134458,91.28225440793217,40.958887307643,29.13579745172923,1756989243.8326852
"(321, 245)",40.9588852,29.1357977,10.002,0.053219369924338164,-0.1292394921134458,91.28225440793217,40.958887307643,29.13579745172923,1756989243.9436455
"(321, 244)",40.9588853,29.1357977,10.002,0.06272565589262034,-0.12368752215379067,91.28706286110786,40.95888695578911,29.135797426987157,1756989244.1451252
"(321, 245)",40.9588853,29.1357977,10.002,0.06272565589262034,-0.12368752215379067,91.28706286110786,40.95888739294311,29.135797439995955,1756989244.2587678
"(321, 245)",40.9588853,29.1357977,10.001,-0.248072524015716,-0.12530354224337303,91.28419418165646,40.95888788020689,29.135797457628648,1756989244.3725905
"(321, 245)",40.9588853,29.1357977,10.001,-0.248072524015716,-0.12530354224337303,91.28419418165646,40.95888788020689,29.135797457628648,1756989244.4751823
"(321, 245)",40.9588853,29.1357977,10.001,-0.248072524015716,-0.12530354224337303,91.28419418165646,40.95888788020689,29.135797457628648,1756989244.581081
"(321, 244)",40.9588853,29.1357977,10.002,-0.053162303827224845,-0.12296623016505352,91.28594954027315,40.95888713756398,29.135797430827058,1756989244.6937947
"(321, 243)",40.9588853,29.1357977,10.002,-0.053162303827224845,-0.12296623016505352,91.28594954027315,40.95888670037504,29.13579741783418,1756989244.8016286
"(321, 243)",40.9588853,29.1357977,10.002,-0.053162303827224845,-0.12296623016505352,91.28594954027315,40.95888670037504,29.13579741783418,1756989244.9090564
"(321, 244)",40.9588853,29.1357977,10.002,0.07694174749486307,-0.12788559387347587,91.28545776665291,40.958886933340416,29.135797434981257,1756989245.024022
"(321, 244)",40.9588853,29.1357977,10.002,-0.21279332963234399,-0.12282130208860231,91.2781699548085,40.9588873879252,29.135797437558278,1756989245.130877
"(321, 245)",40.9588853,29.1357977,10.002,-0.21279332963234399,-0.12282130208860231,91.2781699548085,40.95888782517856,29.135797450466562,1756989245.2405536
"(321, 245)",40.9588853,29.1357977,10.002,-0.21279332963234399,-0.12282130208860231,91.2781699548085,40.95888782517856,29.135797450466562,1756989245.3476775
"(321, 245)",40.9588853,29.1357977,10.001,-0.11389788672160545,-0.12482149363857147,91.28629104973164,40.95888766973808,29.135797450531754,1756989245.4573057
"(321, 244)",40.9588853,29.1357977,10.001,-0.11389788672160545,-0.12482149363857147,91.28629104973164,40.95888723256731,29.135797437538947,1756989245.58412
"(321, 243)",40.9588853,29.1357977,10.001,0.12740417225869574,-0.11939630906538472,91.28685795543277,40.958886417251726,29.13579740208519,1756989245.7829623
"(321, 243)",40.9588853,29.1357977,10.001,0.12740417225869574,-0.11939630906538472,91.28685795543277,40.958886417251726,29.13579740208519,1756989245.8937922
"(321, 244)",40.9588853,29.1357977,10.002,-0.16871607786562864,-0.13033209559702305,91.28622957802912,40.95888731854925,29.13579745149445,1756989246.0055013
"(321, 245)",40.9588853,29.1357977,10.002,-0.16871607786562864,-0.13033209559702305,91.28622957802912,40.958887755784076,29.13579746448584,1756989246.1150372
"(321, 245)",40.9588853,29.1357977,10.002,-0.16871607786562864,-0.13033209559702305,91.28622957802912,40.958887755784076,29.13579746448584,1756989246.2179813
"(321, 245)",40.9588853,29.1357977,10.002,-0.1622193940261829,-0.12990997123001774,91.2857309742197,40.9588877456046,29.13579746328005,1756989246.3306441
"(321, 244)",40.9588853,29.1357977,10.002,-0.1622193940261829,-0.12990997123001774,91.2857309742197,40.95888730837215,29.135797450293452,1756989246.441612
"(321, 243)",40.9588853,29.1357977,10.002,0.1368487497356631,-0.122001692728414,91.28653693654176,40.958886402461204,29.135797407016764,1756989246.5517278
"(321, 243)",40.9588853,29.1357977,10.002,0.1368487497356631,-0.122001692728414,91.28653693654176,40.958886402461204,29.135797407016764,1756989246.6553435
"(321, 243)",40.9588853,29.1357977,10.002,-0.08461538498609306,-0.1198954198028981,91.28441957789906,40.958886749800875,29.135797412868904,1756989246.7649567
"(321, 244)",40.9588853,29.1357977,10.002,-0.08461538498609306,-0.1198954198028981,91.28441957789906,40.958887186998915,29.13579742584504,1756989246.8728142
"(321, 245)",40.9588853,29.1357977,10.002,-0.08461538498609306,-0.1198954198028981,91.28441957789906,40.95888762420324,29.13579743882136,1756989247.076691
"(321, 245)",40.9588853,29.1357977,10.003,-0.23907374978422422,-0.12753243840883183,91.28469278546586,40.95888786652491,29.13579746182092,1756989247.191988
"(321, 244)",40.9588853,29.1357977,10.003,0.085529356344512,-0.1120167432344355,91.28373655898206,40.958886920587425,29.13579740154396,1756989247.3044538
"(321, 243)",40.9588853,29.1357977,10.003,0.085529356344512,-0.1120167432344355,91.28373655898206,40.95888648338974,29.13579738856637,1756989247.4159193
"(321, 243)",40.9588853,29.1357977,10.003,0.085529356344512,-0.1120167432344355,91.28373655898206,40.95888648338974,29.13579738856637,1756989247.5362978
"(321, 243)",40.9588853,29.1357977,10.003,-0.07663170759935474,-0.10120660817114162,91.28445372884491,40.95888673808336,29.1357973736682,1756989247.6548693
"(321, 244)",40.9588853,29.1357977,10.003,-0.07663170759935474,-0.10120660817114162,91.28445372884491,40.95888717532327,29.135797386646317,1756989247.7526634
"(321, 245)",40.9588853,29.1357977,10.003,-0.26619344277058293,-0.1059038506592997,91.28817618194257,40.95888790985789,29.13579741838059,1756989247.8628001
"(321, 245)",40.9588853,29.1357977,10.003,-0.26619344277058293,-0.1059038506592997,91.28817618194257,40.95888790985789,29.13579741838059,1756989247.974951
"(321, 244)",40.9588853,29.1357977,10.003,-0.26619344277058293,-0.1059038506592997,91.28817618194257,40.95888747254085,29.135797405371875,1756989248.0908387
"(321, 243)",40.9588853,29.1357977,10.003,0.031862609029538004,-0.1028472142736934,91.28928950277728,40.95888656789737,29.135797372180843,1756989248.199143
"(321, 243)",40.9588853,29.1357977,10.003,0.031862609029538004,-0.1028472142736934,91.28928950277728,40.95888656789737,29.135797372180843,1756989248.3053825
"(321, 242)",40.9588853,29.1357977,10.003,0.031862609029538004,-0.1028472142736934,91.28928950277728,40.9588861306849,29.135797359149315,1756989248.4098206
"(321, 244)",40.9588853,29.1357977,10.003,-0.015472541252147608,-0.10824882002000905,91.28853135177941,40.958887079158856,29.135797398599642,1756989248.625326
"(321, 245)",40.9588853,29.1357977,10.003,-0.27477784329895183,-0.11260251199704344,91.28856550272526,40.95888792309323,29.13579743271087,1756989248.7322369
"(321, 245)",40.9588853,29.1357977,10.003,-0.27477784329895183,-0.11260251199704344,91.28856550272526,40.95888792309323,29.13579743271087,1756989248.8413222
"(321, 244)",40.9588853,29.1357977,10.003,-0.054672556036271185,-0.11224060535252532,91.29012278585603,40.95888714051114,29.135797408778703,1756989248.9503527
"(321, 243)",40.9588853,29.1357977,10.003,-0.054672556036271185,-0.11224060535252532,91.29012278585603,40.958886703278566,29.13579739574241,1756989249.0611458
"(321, 243)",40.9588853,29.1357977,10.003,-0.054672556036271185,-0.11224060535252532,91.29012278585603,40.958886703278566,29.13579739574241,1756989249.1769328
"(321, 243)",40.9588853,29.1357977,10.003,0.04307690919778616,-0.10602609370316575,91.29295048417241,40.958886550213954,29.13579737836423,1756989249.2923157
"(321, 243)",40.9588853,29.1357977,10.003,0.04307690919778616,-0.10602609370316575,91.29295048417241,40.958886550213954,29.13579737836423,1756989249.3961895
"(321, 244)",40.9588853,29.1357977,10.003,-0.27549893518449065,-0.11677438353795928,91.29222648412039,40.9588874867697,29.135797428578915,1756989249.5177035
"(321, 245)",40.9588853,29.1357977,10.003,-0.27549893518449065,-0.11677438353795928,91.29222648412039,40.958887924089595,29.135797441628217,1756989249.6255012
"(321, 244)",40.9588853,29.1357977,10.003,-0.27549893518449065,-0.11677438353795928,91.29222648412039,40.9588874867697,29.135797428578915,1756989249.830664
"(321, 243)",40.9588853,29.1357977,10.002,-0.09698126905562925,-0.11879153049893446,91.28865429518447,40.95888676924776,29.135797411294696,1756989249.9428158
"(321, 243)",40.9588853,29.1357977,10.002,0.08365961873964746,-0.11790045761651226,91.28693308751363,40.958886486008794,29.135797400986725,1756989250.0540822
"(321, 243)",40.9588853,29.1357977,10.002,0.08365961873964746,-0.11790045761651226,91.28693308751363,40.958886486008794,29.135797400986725,1756989250.1660662
"(321, 243)",40.9588853,29.1357977,10.002,0.08365961873964746,-0.11790045761651226,91.28693308751363,40.958886486008794,29.135797400986725,1756989250.2664802
"(321, 244)",40.9588853,29.1357977,10.002,0.08365961873964746,-0.11790045761651226,91.28693308751363,40.95888692316254,29.13579741399523,1756989250.3740354
"(321, 245)",40.9588853,29.1357977,10.002,-0.23128191800384126,-0.12240796892211077,91.29133172933912,40.95888785424524,29.135797451237227,1756989250.4788396
"(321, 245)",40.9588853,29.1357977,10.002,-0.21024868396011756,-0.11643611575127176,91.29913863556044,40.958887821482634,29.135797438315315,1756989250.587598
"(321, 244)",40.9588853,29.1357977,10.002,-0.21024868396011756,-0.11643611575127176,91.29913863556044,40.958887384233726,29.135797425195033,1756989250.7047
"(321, 243)",40.9588853,29.1357977,10.002,-0.21024868396011756,-0.11643611575127176,91.29913863556044,40.958886947000444,29.13579741207522,1756989250.8152142
"(321, 243)",40.9588853,29.1357977,10.002,0.04947364148966094,-0.11486773356310759,91.29260214452474,40.9588865397437,29.135797396443092,1756989250.9173896
"(321, 243)",40.9588853,29.1357977,10.002,0.04947364148966094,-0.11486773356310759,91.29260214452474,40.9588865397437,29.135797396443092,1756989251.1166139
"(321, 244)",40.9588853,29.1357977,10.002,-0.19860111701176986,-0.11956630340248134,91.29280022001068,40.95888736582939,29.135797430844825,1756989251.2285001
"(321, 244)",40.9588853,29.1357977,10.002,-0.19860111701176986,-0.11956630340248134,91.29280022001068,40.95888736582939,29.135797430844825,1756989251.3339903
"(321, 244)",40.9588853,29.1357977,10.003,-0.31201560776703824,-0.11745381393760367,91.2929778049291,40.95888754403809,29.135797431730726,1756989251.446964
"(321, 244)",40.9588853,29.1357977,10.003,-0.31201560776703824,-0.11745381393760367,91.2929778049291,40.95888754403809,29.135797431730726,1756989251.555857
"(321, 242)",40.9588853,29.1357977,10.003,-0.008863967208059974,-0.12424140780679639,91.30254689995628,40.95888619384223,29.135797405742135,1756989251.7580452
"(321, 242)",40.9588853,29.1357977,10.003,-0.008863967208059974,-0.12424140780679639,91.30254689995628,40.95888619384223,29.135797405742135,1756989251.8657029
"(321, 243)",40.9588853,29.1357977,10.003,-0.16702483231368356,-0.12637170645632634,91.29392720122372,40.95888687899958,29.135797430456886,1756989251.9837081
"(321, 243)",40.9588853,29.1357977,10.003,-0.16702483231368356,-0.12637170645632634,91.29392720122372,40.95888687899958,29.135797430456886,1756989252.088553
"(321, 244)",40.9588853,29.1357977,10.003,-0.16702483231368356,-0.12637170645632634,91.29392720122372,40.95888731626383,29.135797443527064,1756989252.1959538
"(321, 244)",40.9588853,29.1357977,10.003,-0.35019716564020287,-0.12598265247790008,91.29454874843819,40.95888760364423,29.135797451302924,1756989252.3065648
"(321, 244)",40.9588853,29.1357977,10.003,-0.35019716564020287,-0.12598265247790008,91.29454874843819,40.95888760364423,29.135797451302924,1756989252.417638
"(321, 243)",40.9588852,29.1357977,10.003,-0.03346959445971531,-0.11930059303551198,91.29398184273708,40.958886569791176,29.135797409534508,1756989252.5255146
"(321, 243)",40.9588852,29.1357977,10.003,-0.03346959445971531,-0.11930059303551198,91.29398184273708,40.958886569791176,29.135797409534508,1756989252.7335722
"(321, 243)",40.9588853,29.1357977,10.003,-0.057803664162193125,-0.10972734920201185,91.29200791806694,40.95888670828569,29.13579739073157,1756989252.8422527
"(321, 244)",40.9588853,29.1357977,10.003,-0.057803664162193125,-0.10972734920201185,91.29200791806694,40.958887145518865,29.13579740378679,1756989252.948675
"(321, 245)",40.9588853,29.1357977,10.003,-0.30383226740899605,-0.1167326286705723,91.29517029565267,40.958887968563836,29.135797443042776,1756989253.0642586
"(321, 245)",40.9588853,29.1357977,10.003,-0.30383226740899605,-0.1167326286705723,91.29517029565267,40.958887968563836,29.135797443042776,1756989253.1741714
"(321, 244)",40.9588853,29.1357977,10.003,-0.30383226740899605,-0.1167326286705723,91.29517029565267,40.95888753123276,29.135797429964764,1756989253.281649
"(321, 244)",40.9588853,29.1357977,10.003,-0.08628913484839659,-0.11955068201279757,91.29455557862737,40.958887189861876,29.135797425622172,1756989253.3907392
"(321, 243)",40.9588853,29.1357977,10.003,-0.08628913484839659,-0.11955068201279757,91.29455557862737,40.95888675262139,29.13579741254238,1756989253.4952843
"(321, 243)",40.9588853,29.1357977,10.003,0.030780994546602932,-0.11754955664790284,91.29592844665054,40.95888656909982,29.135797402951674,1756989253.610211
"(321, 244)",40.9588853,29.1357977,10.003,0.030780994546602932,-0.11754955664790284,91.29592844665054,40.958887006308714,29.13579741605016,1756989253.714525
"(321, 244)",40.9588853,29.1357977,10.003,-0.26007017817966654,-0.11731119371803998,91.29686418256682,40.95888746256207,29.135797429206008,1756989253.8212686
"(321, 245)",40.9588853,29.1357977,10.003,-0.26007017817966654,-0.11731119371803998,91.29686418256682,40.95888789987488,29.135797442302753,1756989253.9365942
"(321, 245)",40.9588853,29.1357977,10.003,-0.26007017817966654,-0.11731119371803998,91.29686418256682,40.95888789987488,29.135797442302753,1756989254.0352702
"(321, 245)",40.9588853,29.1357977,10.003,-0.1562463535763671,-0.11720065671127684,91.28853135177941,40.95888773693539,29.135797436749527,1756989254.147314
"(321, 244)",40.9588853,29.1357977,10.003,-0.1562463535763671,-0.11720065671127684,91.28853135177941,40.9588872996617,29.135797423733095,1756989254.2666664
"(321, 243)",40.9588853,29.1357977,10.002,0.06499974203037097,-0.11397664734047215,91.29579867305631,40.95888651544246,29.135797393957667,1756989254.3724446
"(321, 243)",40.9588853,29.1357977,10.002,0.06499974203037097,-0.11397664734047215,91.29579867305631,40.95888651544246,29.135797393957667,1756989254.4763184
"(321, 243)",40.9588853,29.1357977,10.002,0.06499974203037097,-0.11397664734047215,91.29579867305631,40.95888651544246,29.135797393957667,1756989254.5849671
"(321, 244)",40.9588853,29.1357977,10.002,-0.21900565348673504,-0.12425921699144868,91.29322369173921,40.958887397670864,29.135797441559706,1756989254.6905816
"(321, 245)",40.9588853,29.1357977,10.002,-0.21900565348673504,-0.12425921699144868,91.29322369173921,40.95888783492406,29.13579745461988,1756989254.8003418
"(321, 244)",40.9588853,29.1357977,10.003,-0.1930075922879261,-0.11834863541994145,91.29536154094943,40.958887357313536,29.1357974281506,1756989255.0022564
"(321, 244)",40.9588853,29.1357977,10.003,-0.1930075922879261,-0.11834863541994145,91.29536154094943,40.958887357313536,29.1357974281506,1756989255.1079695
"(321, 243)",40.9588853,29.1357977,10.002,0.08960756624839142,-0.1177688564130705,91.29317588041502,40.9588864767115,29.13579740060663,1756989255.219114
"(321, 243)",40.9588853,29.1357977,10.002,0.08960756624839142,-0.1177688564130705,91.29317588041502,40.9588864767115,29.13579740060663,1756989255.3247511
"(321, 243)",40.9588853,29.1357977,10.002,-0.1442185371903201,-0.11021195245764559,91.2901979179369,40.95888684363472,29.135797395736837,1756989255.4400418
"(321, 244)",40.9588853,29.1357977,10.002,-0.1442185371903201,-0.11021195245764559,91.2901979179369,40.958887280849346,29.13579740876895,1756989255.5447867
"(321, 244)",40.9588853,29.1357977,10.002,-0.1442185371903201,-0.11021195245764559,91.2901979179369,40.958887280849346,29.13579740876895,1756989255.6517327
"(321, 245)",40.9588853,29.1357977,10.001,-0.2437863935485479,-0.11990245009526646,91.28982225753255,40.95888787369167,29.135797446553276,1756989255.7622862
"(321, 244)",40.9588853,29.1357977,10.001,-0.2437863935485479,-0.11990245009526646,91.28982225753255,40.95888743647169,29.135797433529703,1756989255.8721602
"(321, 243)",40.9588853,29.1357977,10.001,0.04474723729539807,-0.11755067722581355,91.29168689917596,40.95888654693163,29.13579740223716,1756989255.9768326
"(321, 243)",40.9588853,29.1357977,10.001,0.04474723729539807,-0.11755067722581355,91.29168689917596,40.95888654693163,29.13579740223716,1756989256.0917535
"(321, 243)",40.9588853,29.1357977,10.001,0.04474723729539807,-0.11755067722581355,91.29168689917596,40.95888654693163,29.13579740223716,1756989256.2852793
"(321, 244)",40.9588853,29.1357977,10.001,-0.05816054154632629,-0.1124359861153847,91.29045063493619,40.95888714560756,29.1357974094189,1756989256.3896937
"(321, 244)",40.9588853,29.1357977,10.001,-0.3068331750538646,-0.11281200670549242,91.29319637098253,40.958887535625934,29.135797421918408,1756989256.500337
"(321, 244)",40.9588853,29.1357977,10.001,-0.3068331750538646,-0.11281200670549242,91.29319637098253,40.958887535625934,29.135797421918408,1756989256.608496
"(321, 244)",40.9588853,29.1357977,10.001,-0.3068331750538646,-0.11281200670549242,91.29319637098253,40.958887535625934,29.135797421918408,1756989256.722746
"(321, 243)",40.9588853,29.1357977,10.0,0.006613686680805226,-0.11643982433054767,91.29193278598608,40.958886606631566,29.13579740174822,1756989256.8287694
"(321, 242)",40.9588853,29.1357977,10.0,0.006613686680805226,-0.11643982433054767,91.29193278598608,40.9588861695464,29.135797388695014,1756989256.9269798
"(321, 243)",40.9588853,29.1357977,10.0,0.008621068605701396,-0.12123433698341894,91.2908126349622,40.95888660331039,29.13579741157238,1756989257.036651
"(321, 243)",40.9588853,29.1357977,10.0,0.008621068605701396,-0.12123433698341894,91.2908126349622,40.95888660331039,29.13579741157238,1756989257.1432269
"(321, 243)",40.9588853,29.1357977,10.0,0.008621068605701396,-0.12123433698341894,91.2908126349622,40.95888660331039,29.13579741157238,1756989257.2504816
"(321, 244)",40.9588853,29.1357977,10.0,-0.25975521574547905,-0.11570388478769202,91.29163908785176,40.95888746145785,29.135797425675314,1756989257.358855
"(321, 244)",40.9588853,29.1357977,10.0,-0.25975521574547905,-0.11570388478769202,91.29163908785176,40.95888746145785,29.135797425675314,1756989257.483549
"(321, 243)",40.9588853,29.1357977,10.0,-0.01389194276372476,-0.13537014718248758,91.28597686102982,40.95888663808935,29.135797441813214,1756989257.6895435
"(321, 242)",40.9588853,29.1357977,10.0,-0.01389194276372476,-0.13537014718248758,91.28597686102982,40.95888620099971,29.13579742882108,1756989257.7981772
"(321, 243)",40.9588853,29.1357977,9.999,0.08540012302891728,-0.13734704672016992,91.2918371633377,40.95888648225566,29.13579744148925,1756989257.9076195
"(321, 243)",40.9588853,29.1357977,9.999,0.08540012302891728,-0.13734704672016992,91.2918371633377,40.95888648225566,29.13579744148925,1756989258.0158591
"(321, 243)",40.9588853,29.1357977,9.999,0.08540012302891728,-0.13734704672016992,91.2918371633377,40.95888648225566,29.13579744148925,1756989258.131151
"(321, 244)",40.9588853,29.1357977,10.0,-0.21539146955959337,-0.13968906789375704,91.28975395564085,40.95888739102551,29.135797473301576,1756989258.23678
"(321, 244)",40.9588853,29.1357977,10.0,-0.21539146955959337,-0.13968906789375704,91.28975395564085,40.95888739102551,29.135797473301576,1756989258.3520253
"(321, 244)",40.9588853,29.1357977,9.999,-0.00987857129868754,-0.13102581336502891,91.28649595540675,40.95888706886487,29.13579744564857,1756989258.4745765
"(321, 242)",40.9588853,29.1357977,9.999,-0.00987857129868754,-0.13102581336502891,91.28649595540675,40.958886194773804,29.135797419656033,1756989258.6800072
"(321, 242)",40.9588853,29.1357977,9.999,0.1297831458229097,-0.1278090343897909,91.28460399300666,40.958885975972464,29.135797406452763,1756989258.7923157
"(321, 242)",40.9588853,29.1357977,9.999,0.1297831458229097,-0.1278090343897909,91.28460399300666,40.958885975972464,29.135797406452763,1756989258.8977313
"(321, 243)",40.9588853,29.1357977,9.999,-0.17849822943819593,-0.12246562532365919,91.28452203073661,40.95888689646009,29.135797422646892,1756989259.0165792
"(321, 244)",40.9588853,29.1357977,9.999,-0.17849822943819593,-0.12246562532365919,91.28452203073661,40.9588873335547,29.13579743561637,1756989259.118413
"(321, 244)",40.9588853,29.1357977,9.999,-0.08941247230011631,-0.1256964782238471,91.28312184195676,40.958887193745845,29.135797438132396,1756989259.2307985
"(321, 243)",40.9588853,29.1357977,9.999,-0.08941247230011631,-0.1256964782238471,91.28312184195676,40.95888675667747,29.13579742517346,1756989259.34149
"(321, 243)",40.9588853,29.1357977,9.999,-0.08941247230011631,-0.1256964782238471,91.28312184195676,40.95888675667747,29.13579742517346,1756989259.542967
"(321, 243)",40.9588853,29.1357977,9.999,0.15901464792327177,-0.11583423201109083,91.2831355023351,40.9588863675887,29.13579739319006,1756989259.6503465
"(321, 242)",40.9588853,29.1357977,9.999,-0.15737573602779928,-0.11588493816155025,91.28633203086667,40.95888642650717,29.13579739508682,1756989259.7568357
"(321, 242)",40.9588853,29.1357977,9.999,-0.15737573602779928,-0.11588493816155025,91.28633203086667,40.95888642650717,29.13579739508682,1756989259.8691807
"(321, 243)",40.9588853,29.1357977,9.999,-0.15737573602779928,-0.11588493816155025,91.28633203086667,40.958886863583466,29.13579740807509,1756989259.971394
"(321, 243)",40.9588853,29.1357977,9.999,-0.1847909547576801,-0.11045160938819105,91.27989799266851,40.958886906730534,29.135797397832853,1756989260.0868518
"(321, 242)",40.9588853,29.1357977,9.999,-0.1847909547576801,-0.11045160938819105,91.27989799266851,40.95888646964666,29.135797384910735,1756989260.1921017
"(321, 242)",40.9588853,29.1357977,9.999,0.09694407654116442,-0.10827370618777596,91.27941987942661,40.95888602810857,29.135797367347323,1756989260.3027692
"(321, 242)",40.9588853,29.1357977,9.999,0.09694407654116442,-0.10827370618777596,91.27941987942661,40.95888602810857,29.135797367347323,1756989260.4074667
"(321, 242)",40.9588853,29.1357977,9.999,0.09694407654116442,-0.10827370618777596,91.27941987942661,40.95888602810857,29.135797367347323,1756989260.5136
"(321, 243)",40.9588853,29.1357977,9.999,-0.12153869394809441,-0.09515475374160619,91.27898274731973,40.95888680809855,29.135797363130685,1756989260.6243887
"(321, 242)",40.9588853,29.1357977,9.999,-0.12153869394809441,-0.09515475374160619,91.27898274731973,40.958886371028534,29.135797350215114,1756989260.7370248
"(321, 242)",40.9588853,29.1357977,9.999,-0.22546862660736705,-0.08585094219456457,91.28362044576618,40.958886534293,29.13579733584104,1756989260.8528616
"(321, 242)",40.9588853,29.1357977,9.999,-0.22546862660736705,-0.08585094219456457,91.28362044576618,40.958886534293,29.13579733584104,1756989261.0603092
"(321, 242)",40.9588853,29.1357977,9.999,0.08682068898446754,-0.08324912703857233,91.28185142677114,40.958886044865295,29.135797315920854,1756989261.169691
"(321, 242)",40.9588853,29.1357977,9.999,0.08682068898446754,-0.08324912703857233,91.28185142677114,40.958886044865295,29.135797315920854,1756989261.2824936
"(321, 242)",40.9588853,29.1357978,9.999,-0.07466979579122808,-0.09180733405827848,91.2818582569603,40.958886297692196,29.13579744116751,1756989261.3957202
"(321, 243)",40.9588853,29.1357978,9.999,-0.07466979579122808,-0.09180733405827848,91.2818582569603,40.95888673475184,29.135797454114144,1756989261.4953976
"(321, 242)",40.9588853,29.1357978,9.999,-0.07466979579122808,-0.09180733405827848,91.2818582569603,40.958886297692196,29.13579744116751,1756989261.6017017
"(321, 242)",40.9588853,29.1357978,9.999,-0.25339929783595905,-0.09191625022913506,91.28733606867466,40.95888657788087,29.135797449834083,1756989261.7192483
"(321, 242)",40.9588853,29.1357978,9.999,-0.25339929783595905,-0.09191625022913506,91.28733606867466,40.95888657788087,29.135797449834083,1756989261.8233461
"(321, 242)",40.9588853,29.1357978,9.999,0.04575643109580051,-0.10071470781887508,91.29448044654649,40.95888610867423,29.13579745430903,1756989261.9386468
"(321, 243)",40.9588853,29.1357978,9.999,0.04575643109580051,-0.10071470781887508,91.29448044654649,40.95888654570857,29.135797467388393,1756989262.045839
"(321, 242)",40.9588853,29.1357978,9.999,0.04575643109580051,-0.10071470781887508,91.29448044654649,40.95888610867423,29.13579745430903,1756989262.1509418
"(321, 242)",40.9588853,29.1357978,10.0,-0.04674399374046237,-0.10329842697563074,91.291085842529,40.95888625365168,29.135797463892203,1756989262.263005
"(321, 243)",40.9588853,29.1357978,10.0,-0.04674399374046237,-0.10329842697563074,91.291085842529,40.95888669074752,29.135797476934545,1756989262.3731792
"(321, 242)",40.9588853,29.1357978,10.0,-0.04674399374046237,-0.10329842697563074,91.291085842529,40.95888625365168,29.135797463892203,1756989262.478925
"(321, 242)",40.9588853,29.1357978,10.0,-0.28737148482883884,-0.09656420062943535,91.29020474812607,40.95888663111833,29.135797461114674,1756989262.6026702
"(321, 242)",40.9588853,29.1357978,10.0,-0.28737148482883884,-0.09656420062943535,91.29020474812607,40.95888663111833,29.135797461114674,1756989262.7127464
"(321, 242)",40.9588853,29.1357978,10.0,-0.0007004108031086825,-0.09039221757982968,91.28821716307759,40.958886181916064,29.13579743489589,1756989262.8263414
"(321, 242)",40.9588853,29.1357978,10.0,-0.0007004108031086825,-0.09039221757982968,91.28821716307759,40.958886181916064,29.13579743489589,1756989262.9288747
"(321, 242)",40.9588853,29.1357978,10.001,-0.011352403891872637,-0.08563308984253157,91.28850403102273,40.95888619887345,29.135797425482373,1756989263.0358837
"(321, 242)",40.9588853,29.1357978,10.001,-0.011352403891872637,-0.08563308984253157,91.28850403102273,40.95888619887345,29.135797425482373,1756989263.162559
"(321, 242)",40.9588853,29.1357978,10.001,-0.011352403891872637,-0.08563308984253157,91.28850403102273,40.95888619887345,29.135797425482373,1756989263.3646922
"(321, 242)",40.9588853,29.1357978,10.001,-0.2915030022247561,-0.09659349573767236,91.29168689917596,40.958886637735034,29.13579746138,1756989263.473168
"(321, 242)",40.9588853,29.1357978,10.002,-0.08822313226035479,-0.09805777757195334,91.29106535196149,40.958886319064945,29.135797454881082,1756989263.5813675
"(321, 242)",40.9588853,29.1357978,10.002,-0.08822313226035479,-0.09805777757195334,91.29106535196149,40.958886319064945,29.135797454881082,1756989263.6938992
"(321, 242)",40.9588853,29.1357978,10.002,-0.08822313226035479,-0.09805777757195334,91.29106535196149,40.958886319064945,29.135797454881082,1756989263.7966647
"(321, 242)",40.9588853,29.1357978,10.002,0.021101816079901504,-0.10613280873884058,91.2884425593202,40.95888614735388,29.135797466489645,1756989263.908109
"(321, 242)",40.9588853,29.1357978,10.002,0.021101816079901504,-0.10613280873884058,91.2884425593202,40.95888614735388,29.135797466489645,1756989264.0120518
"(321, 242)",40.9588853,29.1357978,10.002,0.021101816079901504,-0.10613280873884058,91.2884425593202,40.95888614735388,29.135797466489645,1756989264.1150389
"(321, 242)",40.9588853,29.1357978,10.002,-0.27051954051656624,-0.10910983073193395,91.29208305014782,40.95888660452296,29.135797486363156,1756989264.2379942
"(321, 242)",40.9588853,29.1357978,10.002,-0.27051954051656624,-0.10910983073193395,91.29208305014782,40.95888660452296,29.135797486363156,1756989264.339846
"(321, 242)",40.9588853,29.1357978,10.002,-0.12112790876232839,-0.11392053840365755,91.29622897497401,40.958886370118485,29.135797489476406,1756989264.4523568
"(321, 242)",40.9588853,29.1357978,10.002,-0.12112790876232839,-0.11392053840365755,91.29622897497401,40.958886370118485,29.135797489476406,1756989264.558067
"(321, 242)",40.9588853,29.1357978,10.002,0.031881885637644776,-0.11518760519576103,91.29827120153585,40.958886130172985,29.135797484973974,1756989264.66971
"(321, 242)",40.9588853,29.1357978,10.002,0.031881885637644776,-0.11518760519576103,91.29827120153585,40.958886130172985,29.135797484973974,1756989264.7854507
"(321, 242)",40.9588853,29.1357978,10.002,0.031881885637644776,-0.11518760519576103,91.29827120153585,40.958886130172985,29.135797484973974,1756989265.000608
"(321, 243)",40.9588853,29.1357978,10.002,-0.26009643171928876,-0.11188536214451193,91.29664561651339,40.95888702532947,29.135797504866527,1756989265.1426618
"(321, 243)",40.9588853,29.1357978,10.002,-0.19899207864068696,-0.1107703604429338,91.28621591765078,40.95888692949772,29.13579749929819,1756989265.2486289
"(321, 243)",40.9588853,29.1357978,10.002,-0.19899207864068696,-0.1107703604429338,91.28621591765078,40.95888692949772,29.13579749929819,1756989265.4690497
"(321, 243)",40.9588853,29.1357978,10.002,0.052300846218156984,-0.11962517376343303,91.28334723819937,40.958886535106046,29.135797505923453,1756989265.675402
"(321, 242)",40.9588853,29.1357978,10.002,0.052300846218156984,-0.11962517376343303,91.28334723819937,40.95888609794022,29.135797492952378,1756989265.7807224
"(321, 242)",40.9588853,29.1357978,10.002,-0.17314588242920503,-0.1163292739835713,91.29357203138689,40.95888645158624,29.135797496843725,1756989265.883512
"(321, 243)",40.9588853,29.1357978,10.002,-0.17314588242920503,-0.1163292739835713,91.29357203138689,40.95888688879605,29.135797509908382,1756989265.9923134
"(321, 243)",40.9588853,29.1357978,10.002,-0.24164062025167962,-0.12665115724291506,91.29271142755147,40.958886995845816,29.135797534502593,1756989266.2107916
"(321, 243)",40.9588853,29.1357978,10.002,-0.24164062025167962,-0.12665115724291506,91.29271142755147,40.958886995845816,29.135797534502593,1756989266.3224254
"(321, 243)",40.9588853,29.1357978,10.002,0.08387378252272439,-0.13972844820319041,91.29295731436159,40.95888648492315,29.135797546457496,1756989266.4312568
"(321, 242)",40.9588853,29.1357978,10.002,0.08387378252272439,-0.13972844820319041,91.29295731436159,40.95888604776469,29.135797533387944,1756989266.6461601
"(321, 242)",40.9588853,29.1357978,10.002,-0.10755412174633132,-0.13730387779018133,91.2909697293131,40.95888634798627,29.13579753725749,1756989266.7512739
"(321, 243)",40.9588853,29.1357978,10.002,-0.24877459275719926,-0.1426083334337028,91.2905394273954,40.95888700646179,29.135797567877514,1756989266.8680365
"(321, 243)",40.9588853,29.1357978,10.002,-0.24877459275719926,-0.1426083334337028,91.2905394273954,40.95888700646179,29.135797567877514,1756989267.106456
"(321, 242)",40.9588853,29.1357978,10.002,0.041467279070337454,-0.12978688108261205,91.29129074820409,40.958886114598656,29.135797514700975,1756989267.2325113
"(321, 242)",40.9588853,29.1357978,10.002,0.041467279070337454,-0.12978688108261205,91.29129074820409,40.958886114598656,29.135797514700975,1756989267.3373063
"(321, 242)",40.9588853,29.1357978,10.002,0.041467279070337454,-0.12978688108261205,91.29129074820409,40.958886114598656,29.135797514700975,1756989267.4399338
"(321, 242)",40.9588853,29.1357978,10.002,0.0010568487939688267,-0.1217153717320156,91.28713116299956,40.95888617822716,29.135797499747166,1756989267.5464337
"(321, 242)",40.9588853,29.1357978,10.002,0.0010568487939688267,-0.1217153717320156,91.28713116299956,40.95888617822716,29.135797499747166,1756989267.651667
"(321, 243)",40.9588853,29.1357978,10.002,-0.26950944625177126,-0.12615507473380322,91.28891384237293,40.95888703955765,29.135797534620707,1756989267.7614834
"(321, 243)",40.9588853,29.1357978,10.002,-0.26950944625177126,-0.12615507473380322,91.28891384237293,40.95888703955765,29.135797534620707,1756989267.8773046
"(321, 242)",40.9588853,29.1357978,10.002,-0.03999221167366593,-0.11279236991162864,91.28620225727244,40.958886242899744,29.13579748311314,1756989268.0872028
"(321, 242)",40.9588853,29.1357978,10.002,-0.03999221167366593,-0.11279236991162864,91.28620225727244,40.958886242899744,29.13579748311314,1756989268.2021585
"(321, 243)",40.9588853,29.1357978,10.002,0.0531601026920431,-0.11498766207997949,91.29239723884965,40.95888653395806,29.135797496514016,1756989268.313021
"(321, 242)",40.9588853,29.1357978,10.002,0.0531601026920431,-0.11498766207997949,91.29239723884965,40.95888609679383,29.135797483451462,1756989268.418945
"(321, 243)",40.9588853,29.1357978,10.002,0.0531601026920431,-0.11498766207997949,91.29239723884965,40.95888653395806,29.135797496514016,1756989268.52259
"(321, 243)",40.9588853,29.1357978,10.002,-0.2570544895785472,-0.11601085643415913,91.29297097473992,40.958887020398045,29.135797513142677,1756989268.6365712
"(321, 243)",40.9588853,29.1357978,10.002,-0.2570544895785472,-0.11601085643415913,91.29297097473992,40.958887020398045,29.135797513142677,1756989268.7437153
"(321, 242)",40.9588853,29.1357978,10.002,-0.09878045027275904,-0.10891862545581325,91.28035561534291,40.958886335188616,29.13579747766521,1756989268.8567755
"(321, 243)",40.9588853,29.1357978,10.002,-0.09878045027275904,-0.10891862545581325,91.28035561534291,40.9588867723843,29.135797490599497,1756989268.9725044
"(321, 242)",40.9588853,29.1357978,10.001,0.082239639753479,-0.11817259796625494,91.28308086082174,40.95888605097468,29.135797488573388,1756989269.0834422
"(321, 243)",40.9588853,29.1357978,10.001,0.082239639753479,-0.11817259796625494,91.28308086082174,40.958886488091814,29.1357975015418,1756989269.3106515
"(321, 243)",40.9588853,29.1357978,10.001,-0.21181028931996462,-0.1179894768593472,91.28604516292152,40.95888694918006,29.13579751490269,1756989269.4216146
"(321, 243)",40.9588853,29.1357978,10.001,-0.21181028931996462,-0.1179894768593472,91.28604516292152,40.95888694918006,29.13579751490269,1756989269.5336792
"(321, 243)",40.9588853,29.1357978,10.001,-0.16770174141302885,-0.11125340289362047,91.28618859689409,40.9588868802511,29.13579749887679,1756989269.6586242
"(321, 243)",40.9588853,29.1357978,10.001,-0.16770174141302885,-0.11125340289362047,91.28618859689409,40.9588868802511,29.13579749887679,1756989269.8795047
"(321, 242)",40.9588853,29.1357978,10.001,0.09487739736849343,-0.11226180295133616,91.28534165343702,40.958886031379706,29.135797475755187,1756989269.9821382
"(321, 242)",40.9588853,29.1357978,10.001,0.09487739736849343,-0.11226180295133616,91.28534165343702,40.958886031379706,29.135797475755187,1756989270.0871356
"(321, 243)",40.9588853,29.1357978,10.001,0.09487739736849343,-0.11226180295133616,91.28534165343702,40.958886468494526,29.135797488747,1756989270.1893008
"(321, 242)",40.9588853,29.1357978,10.0,-0.14071383639309698,-0.11645024303707459,91.2832721061185,40.95888640046694,29.135797495377265,1756989270.3007488
"(321, 243)",40.9588853,29.1357978,10.0,-0.14071383639309698,-0.11645024303707459,91.2832721061185,40.95888683758369,29.13579750833663,1756989270.5103736
"(321, 242)",40.9588853,29.1357978,10.0,-0.2144172471281542,-0.12167735212433096,91.28834010648265,40.95888651584813,29.135797509787107,1756989270.623141
"(321, 242)",40.9588853,29.1357978,10.0,0.10716206621992994,-0.11808880808700328,91.28708335167536,40.958886011851774,29.135797487339808,1756989270.7373235
"(321, 242)",40.9588853,29.1357978,10.0,0.10716206621992994,-0.11808880808700328,91.28708335167536,40.958886011851774,29.135797487339808,1756989270.8505597
"(321, 242)",40.9588853,29.1357978,10.0,0.10716206621992994,-0.11808880808700328,91.28708335167536,40.958886011851774,29.135797487339808,1756989270.9573908
"(321, 242)",40.9588853,29.1357978,10.0,0.10716206621992994,-0.11808880808700328,91.28708335167536,40.958886011851774,29.135797487339808,1756989271.0678144
"(321, 242)",40.9588853,29.1357978,10.001,-0.05928346066445209,-0.11581854392034097,91.2826573890932,40.958886272928844,29.135797490244084,1756989271.169745
"(321, 243)",40.9588853,29.1357978,10.001,-0.20696884579697594,-0.12249918930012746,91.28970614431665,40.958886941442294,29.135797524178187,1756989271.2806835
"(321, 242)",40.9588853,29.1357978,10.001,-0.20696884579697594,-0.12249918930012746,91.28970614431665,40.95888650426764,29.135797511155328,1756989271.3861964
"(321, 242)",40.9588853,29.1357978,10.001,-0.20696884579697594,-0.12249918930012746,91.28970614431665,40.95888650426764,29.135797511155328,1756989271.512444
"(321, 242)",40.9588853,29.1357978,10.001,0.07716623660297435,-0.11734449089024379,91.28107278520577,40.95888605894916,29.135797487054617,1756989271.6138885
"(321, 242)",40.9588853,29.1357978,10.001,0.07716623660297435,-0.11734449089024379,91.28107278520577,40.95888605894916,29.135797487054617,1756989271.821342
"(321, 242)",40.9588853,29.1357978,10.001,0.031891854111975426,-0.11591603419857231,91.28701504978368,40.95888613000192,29.13579748630117,1756989271.9370284
"(321, 242)",40.9588853,29.1357978,10.001,0.031891854111975426,-0.11591603419857231,91.28701504978368,40.95888613000192,29.13579748630117,1756989272.0509377
"(321, 242)",40.9588853,29.1357978,10.001,-0.24661531916454965,-0.10634180985940034,91.28424199298064,40.958886566977476,29.135797479302997,1756989272.1701632
"(321, 242)",40.9588853,29.1357978,10.001,-0.24661531916454965,-0.10634180985940034,91.28424199298064,40.958886566977476,29.135797479302997,1756989272.3752475
"(321, 242)",40.9588853,29.1357978,10.001,0.06680899510848387,-0.11392464718933014,91.28548508740958,40.95888607532505,29.135797480514572,1756989272.4877155
"(321, 242)",40.9588853,29.1357978,10.001,0.06680899510848387,-0.11392464718933014,91.28548508740958,40.95888607532505,29.135797480514572,1756989272.5959241
"(321, 242)",40.9588853,29.1357978,10.001,0.05228237669295018,-0.11378389459961763,91.28246614379644,40.958886098091064,29.13579748084214,1756989272.702024
"(321, 242)",40.9588853,29.1357978,10.001,0.05228237669295018,-0.11378389459961763,91.28246614379644,40.958886098091064,29.13579748084214,1756989272.904067
"(321, 242)",40.9588853,29.1357978,10.001,-0.22372299300611312,-0.10779311166621565,91.28208365320292,40.9588865310242,29.13579748119195,1756989273.0170023
"(321, 242)",40.9588853,29.1357978,10.001,-0.22372299300611312,-0.10779311166621565,91.28208365320292,40.9588865310242,29.13579748119195,1756989273.1153805
"(321, 242)",40.9588853,29.1357978,10.001,-0.02372129701325387,-0.1094945157905298,91.28979493677586,40.95888621742795,29.135797475618478,1756989273.3851602
"(321, 242)",40.9588853,29.1357978,10.001,-0.02372129701325387,-0.1094945157905298,91.28979493677586,40.95888621742795,29.135797475618478,1756989273.4907784
"(321, 242)",40.9588854,29.1357978,10.001,0.10899653230103372,-0.10825601039493607,91.28678282335188,40.95888610939241,29.13579746680693,1756989273.6043475
"(321, 242)",40.9588854,29.1357978,10.001,0.10899653230103372,-0.10825601039493607,91.28678282335188,40.95888610939241,29.13579746680693,1756989273.7201126
"(321, 243)",40.9588854,29.1357978,10.001,-0.1974578740787993,-0.11223322821461318,91.27436553944081,40.958887026830844,29.135797501848117,1756989273.824685
"(321, 243)",40.9588854,29.1357978,10.001,-0.1974578740787993,-0.11223322821461318,91.27436553944081,40.958887026830844,29.135797501848117,1756989273.9393663
"(321, 242)",40.9588854,29.1357978,10.001,-0.07918327017213712,-0.11491653206307616,91.28377070992791,40.95888640416398,29.135797489320307,1756989274.0466807
"(321, 242)",40.9588854,29.1357978,10.001,-0.07918327017213712,-0.11491653206307616,91.28377070992791,40.95888640416398,29.135797489320307,1756989274.2702725
"(321, 242)",40.9588854,29.1357978,10.0,0.16858204874338037,-0.11328319637673075,91.27519882251954,40.95888601569228,29.135797474336183,1756989274.3878424
"(321, 242)",40.9588854,29.1357978,10.0,0.16858204874338037,-0.11328319637673075,91.27519882251954,40.95888601569228,29.135797474336183,1756989274.4999642
"(321, 242)",40.9588854,29.1357978,10.0,-0.11613010460015669,-0.11402750023327701,91.28294425703834,40.958886462011435,29.135797489200275,1756989274.6146688
"(321, 243)",40.9588854,29.1357978,10.0,-0.11613010460015669,-0.11402750023327701,91.28294425703834,40.958886899122874,29.135797502157377,1756989274.727337
"(321, 242)",40.9588854,29.1357978,10.0,-0.11613010460015669,-0.11402750023327701,91.28294425703834,40.958886462011435,29.135797489200275,1756989274.8361459
"(321, 242)",40.9588854,29.1357978,10.0,-0.15757869403176916,-0.10092558990949922,91.27877784164464,40.95888652743194,29.135797463818868,1756989274.940902
"(321, 242)",40.9588854,29.1357978,10.0,-0.15757869403176916,-0.10092558990949922,91.27877784164464,40.95888652743194,29.135797463818868,1756989275.1476436
"(321, 241)",40.9588854,29.1357978,10.0,0.13382905907057702,-0.10435982770048015,91.28172848336608,40.9588856334342,29.135797444562918,1756989275.2497115
"(321, 242)",40.9588854,29.1357978,10.0,0.13382905907057702,-0.10435982770048015,91.28172848336608,40.958886070509976,29.135797457518972,1756989275.3549478
"(321, 242)",40.9588854,29.1357978,10.0,-0.048349191582067845,-0.11282614733150846,91.283613615577,40.95888635579981,29.13579748357804,1756989275.4735014
"(321, 243)",40.9588854,29.1357978,10.0,-0.048349191582067845,-0.11282614733150846,91.283613615577,40.95888679289703,29.13579749654482,1756989275.5799189
"(321, 243)",40.9588854,29.1357978,9.999,-0.22198393612997794,-0.11472349917774395,91.28419418165646,40.95888706490883,29.13579750858249,1756989275.6946952
"(321, 243)",40.9588854,29.1357978,9.999,-0.22198393612997794,-0.11472349917774395,91.28419418165646,40.95888706490883,29.13579750858249,1756989275.8059795
"(321, 242)",40.9588854,29.1357978,9.999,-0.22198393612997794,-0.11472349917774395,91.28419418165646,40.95888662781683,29.135797495618533,1756989275.9067094
"(321, 241)",40.9588854,29.1357978,9.999,0.0611307133399298,-0.11187459659244123,91.28356580425282,40.95888574709634,29.13579746358301,1756989276.0217984
"(321, 240)",40.9588854,29.1357978,9.999,0.0611307133399298,-0.11187459659244123,91.28356580425282,40.95888531005395,29.135797450612955,1756989276.1282008
"(321, 240)",40.9588854,29.1357978,9.999,0.0020294491388564632,-0.11698753346483129,91.28459716281749,40.958885402508045,29.13579746397316,1756989276.2445574
"(321, 241)",40.9588854,29.1357978,9.999,0.0020294491388564632,-0.11698753346483129,91.28459716281749,40.9588858395519,29.13579747695077,1756989276.3545618
"(321, 242)",40.9588854,29.1357978,9.999,0.0020294491388564632,-0.11698753346483129,91.28459716281749,40.95888627659559,29.135797489928382,1756989276.5622072
"(321, 242)",40.9588854,29.1357978,9.999,-0.2861021635407007,-0.11014762594948581,91.29058040853042,40.95888672851648,29.135797489292234,1756989276.6797278
"(321, 241)",40.9588854,29.1357978,9.999,-0.06496517753791099,-0.11480164614680242,91.2832721061185,40.958885944626466,29.135797475511744,1756989276.8912587
"(321, 240)",40.9588854,29.1357978,9.999,-0.06496517753791099,-0.11480164614680242,91.2832721061185,40.95888550757923,29.135797462550713,1756989277.000147
"(321, 240)",40.9588854,29.1357978,9.999,0.05574089033694308,-0.11019980619350633,91.2908126349622,40.95888531859388,29.135797447374106,1756989277.1066737
"(321, 242)",40.9588854,29.1357978,9.999,0.05574089033694308,-0.11019980619350633,91.2908126349622,40.95888619267236,29.13579747345997,1756989277.3095696
"(321, 242)",40.9588854,29.1357978,9.999,-0.23669052069199223,-0.1075919879415639,91.28251395512063,40.95888665111471,29.13579748145136,1756989277.4224432
"(321, 242)",40.9588854,29.1357978,9.999,-0.23669052069199223,-0.1075919879415639,91.28251395512063,40.95888665111471,29.13579748145136,1756989277.6364808
"(321, 242)",40.9588854,29.1357978,9.999,-0.12153984120643156,-0.10835420770446823,91.29043014436867,40.958886470616314,29.135797477892925,1756989277.7511673
"(321, 241)",40.9588854,29.1357978,9.999,0.053020173860497094,-0.10492757383502424,91.28364776652285,40.9588857600526,29.135797449542512,1756989277.8688636
"(321, 241)",40.9588854,29.1357978,9.999,0.053020173860497094,-0.10492757383502424,91.28364776652285,40.9588857600526,29.135797449542512,1756989277.9733534
"(321, 241)",40.9588854,29.1357978,9.999,0.053020173860497094,-0.10492757383502424,91.28364776652285,40.9588857600526,29.135797449542512,1756989278.0974598
"(321, 242)",40.9588854,29.1357978,9.999,-0.23577418144572626,-0.10884273965289604,91.2857104836522,40.9588866496476,29.13579748409706,1756989278.20376
"(321, 243)",40.9588854,29.1357978,9.999,-0.23577418144572626,-0.10884273965289604,91.2857104836522,40.958887086742884,29.13579749707576,1756989278.4143202
"(321, 242)",40.9588854,29.1357978,9.999,-0.23170197463779704,-0.10769924325587425,91.28335406838855,40.95888664329444,29.135797481466966,1756989278.5343163
"(321, 241)",40.9588854,29.1357978,9.999,-0.23170197463779704,-0.10769924325587425,91.28335406838855,40.95888620621695,29.13579746851241,1756989278.7443142
"(322, 241)",40.9588853,29.1357978,10.0,0.025563460397387133,-0.10592658905273777,91.28793029513245,40.95888571293395,29.135796874121766,1756989278.866779
"(321, 242)",40.9588853,29.1357978,10.0,-0.18012114641801444,-0.1083869512578233,91.29297097473992,40.95888646257017,29.13579748072901,1756989279.0757937
"(321, 242)",40.9588853,29.1357978,10.0,-0.18012114641801444,-0.1083869512578233,91.29297097473992,40.95888646257017,29.13579748072901,1756989279.2943397
"(321, 243)",40.9588853,29.1357978,10.0,-0.3071817815057997,-0.09576937738541479,91.2922469746879,40.95888709937083,29.13579747349558,1756989279.4057517
"(321, 241)",40.9588853,29.1357978,10.0,-0.013413178352665936,-0.09403735747175458,91.29148199350085,40.958885764642815,29.135797430074287,1756989279.6326883
"(321, 241)",40.9588853,29.1357978,10.0,-0.013413178352665936,-0.09403735747175458,91.29148199350085,40.958885764642815,29.135797430074287,1756989279.7370274
"(321, 243)",40.9588853,29.1357978,10.0,-0.0918275178008844,-0.0941054726004696,91.29421406916886,40.95888676177084,29.135797460061365,1756989280.0166216
"(321, 243)",40.9588853,29.1357978,10.0,-0.0918275178008844,-0.0941054726004696,91.29421406916886,40.95888676177084,29.135797460061365,1756989280.120414
"(321, 242)",40.9588853,29.1357978,10.001,-0.3509612396927452,-0.09669536827594737,91.2949585597884,40.958886730974946,29.135797464474063,1756989280.2387109
"(321, 242)",40.9588853,29.1357978,10.001,-0.3509612396927452,-0.09669536827594737,91.2949585597884,40.958886730974946,29.135797464474063,1756989280.4488173
"(321, 242)",40.9588853,29.1357978,10.001,-0.14695769651154644,-0.09012619371784959,91.29161859728426,40.95888641133184,29.135797441206282,1756989280.561906
"(321, 242)",40.9588853,29.1357978,10.001,-0.035030479448048345,-0.0954273676689183,91.29071701231382,40.95888623565965,29.13579744696478,1756989280.7784493
"(321, 243)",40.9588853,29.1357978,10.001,-0.035030479448048345,-0.0954273676689183,91.29071701231382,40.958886672797135,29.13579746000521,1756989280.882155
"(322, 243)",40.9588852,29.1357978,10.001,-0.3368689852898486,-0.10382445826342751,91.29785455999648,40.95888705573291,29.1357969129156,1756989281.1079895
"(322, 243)",40.9588852,29.1357978,10.001,-0.3368689852898486,-0.10382445826342751,91.29785455999648,40.95888705573291,29.1357969129156,1756989281.2187061
"(321, 242)",40.9588852,29.1357978,10.001,-0.2668394025752516,-0.10180092801042528,91.29797750340154,40.9588864989068,29.135797471227608,1756989281.4281564
"(321, 242)",40.9588852,29.1357978,10.001,-0.011373250476323055,-0.09845330155379262,91.29663878632422,40.95888609849074,29.135797452264946,1756989281.5323396
"(321, 243)",40.9588852,29.1357978,10.001,-0.011373250476323055,-0.09845330155379262,91.29663878632422,40.95888653562257,29.13579746536623,1756989281.6351328
"(322, 243)",40.9588852,29.1357978,10.001,-0.011373250476323055,-0.09845330155379262,91.29663878632422,40.958886545505536,29.135796886531352,1756989281.7369237
"(322, 243)",40.9588852,29.1357978,10.0,-0.30226924798654736,-0.10954392127019999,91.29480829562665,40.95888700105267,29.135796923135967,1756989281.8422034
"(321, 243)",40.9588852,29.1357978,10.0,-0.30226924798654736,-0.10954392127019999,91.29480829562665,40.95888699118931,29.135797501963268,1756989281.9600735
"(321, 242)",40.9588852,29.1357978,9.999,-0.3068438739048692,-0.11933014160780021,91.29333297476593,40.958886560717715,29.13579750940322,1756989282.0734863
"(322, 243)",40.9588852,29.1357978,9.999,-0.3068438739048692,-0.11933014160780021,91.29333297476593,40.958887007679415,29.13579694368629,1756989282.285673
"(321, 242)",40.9588852,29.1357978,9.999,-0.025242516545095912,-0.11662445288154957,91.30196633387683,40.958886119426616,29.135797490810504,1756989282.3966482
"(321, 242)",40.9588852,29.1357978,9.999,-0.025242516545095912,-0.11662445288154957,91.30196633387683,40.958886119426616,29.135797490810504,1756989282.49771
"(322, 242)",40.9588852,29.1357978,9.999,-0.025242516545095912,-0.11662445288154957,91.30196633387683,40.95888612935029,29.135796912093806,1756989282.6039798
"(321, 242)",40.9588852,29.1357978,9.999,-0.2588151842805296,-0.11152413585086816,91.29074433307049,40.9588864856928,29.13579749088184,1756989282.7183037
"(321, 243)",40.9588851,29.1357978,9.999,-0.3949757791171007,-0.12202094265609434,91.2935242200627,40.958887035922764,29.135797532161817,1756989282.9257965
"(322, 242)",40.9588851,29.1357978,9.999,-0.3949757791171007,-0.12202094265609434,91.2935242200627,40.958886608639745,29.13579694034244,1756989283.1295168
"(322, 242)",40.9588851,29.1357978,9.999,-0.09512325082808083,-0.13491248448745705,91.29461022014073,40.95888613814902,29.13579695315548,1756989283.2344441
"(322, 242)",40.9588851,29.1357978,9.999,-0.16392368630665977,-0.13806256239658166,91.2943438427631,40.95888624587853,29.135796962897036,1756989283.337974
"(322, 242)",40.9588851,29.1357978,9.999,-0.16392368630665977,-0.13806256239658166,91.2943438427631,40.95888624587853,29.135796962897036,1756989283.4414217
"(321, 243)",40.9588851,29.1357978,9.999,-0.16392368630665977,-0.13806256239658166,91.2943438427631,40.958886673092955,29.135797554698264,1756989283.5455754
"(321, 243)",40.9588851,29.1357978,9.999,-0.4040778866402154,-0.13486895537171145,91.29512248432847,40.95888704974429,29.13579755932349,1756989283.6522465
"(321, 243)",40.9588851,29.1357978,9.999,-0.4040778866402154,-0.13486895537171145,91.29512248432847,40.95888704974429,29.13579755932349,1756989283.764116
"(321, 243)",40.9588851,29.1357978,9.999,-0.15128799642469484,-0.1336174299280124,91.29496538997756,40.958886653443024,29.135797544904637,1756989283.9781184
"(321, 243)",40.9588851,29.1357978,9.999,-0.15128799642469484,-0.1336174299280124,91.29496538997756,40.958886653443024,29.135797544904637,1756989284.0828836
"(321, 243)",40.9588851,29.1357978,9.999,-0.04458750491732299,-0.12976448286461117,91.29182350295936,40.95888648629373,29.13579753181798,1756989284.316384
"(321, 244)",40.9588851,29.1357978,9.999,-0.04458750491732299,-0.12976448286461117,91.29182350295936,40.95888692334804,29.13579754486664,1756989284.5260105
"(321, 243)",40.9588851,29.1357978,9.999,-0.3584465667341238,-0.12235188666572261,91.28627055916414,40.95888697860774,29.135797530828928,1756989284.7345626
"(321, 242)",40.9588851,29.1357978,9.999,-0.14137993991973188,-0.10994795630807533,91.29485610695085,40.958886201678226,29.135797482238562,1756989284.8496158
"(321, 243)",40.9588851,29.1357978,9.998,0.005070063928382345,-0.11028138159736303,91.29248603130885,40.95888640901014,29.13579748911659,1756989284.9620624
"(321, 242)",40.9588851,29.1357978,9.998,0.005070063928382345,-0.11028138159736303,91.29248603130885,40.95888597201208,29.13579747606047,1756989285.0711944
"(321, 243)",40.9588851,29.1357978,9.998,0.005070063928382345,-0.11028138159736303,91.29248603130885,40.95888640901014,29.13579748911659,1756989285.1977105
"(321, 244)",40.9588851,29.1357978,9.999,-0.3032963643634145,-0.11132399263188829,91.28939878580401,40.95888732967097,29.135797518525166,1756989285.4004068
"(321, 244)",40.9588851,29.1357978,9.999,-0.3032963643634145,-0.11132399263188829,91.28939878580401,40.95888732967097,29.135797518525166,1756989285.5073912
"(321, 243)",40.9588851,29.1357978,9.999,-0.14089670403595347,-0.11609095107434811,91.28883188010289,40.95888663775069,29.135797507826176,1756989285.622679
"(321, 243)",40.9588851,29.1357978,9.999,-0.14089670403595347,-0.11609095107434811,91.28883188010289,40.95888663775069,29.135797507826176,1756989285.7314308
"(321, 243)",40.9588851,29.1357978,9.999,0.03320684562008139,-0.11303564203995745,91.2856421817605,40.95888636490834,29.135797493287942,1756989285.8607929
"(321, 243)",40.9588851,29.1357978,9.999,0.03320684562008139,-0.11303564203995745,91.2856421817605,40.95888636490834,29.135797493287942,1756989285.9733496
"(321, 242)",40.9588851,29.1357978,9.999,-0.22960313221104617,-0.10776986634467513,91.29228795582291,40.958886340039314,29.135797481772265,1756989286.0782747
"(321, 243)",40.9588851,29.1357978,9.999,-0.22960313221104617,-0.10776986634467513,91.29228795582291,40.95888677713196,29.135797494817663,1756989286.2828531
"(321, 243)",40.9588851,29.1357978,9.999,-0.16365505443299463,-0.11208134988707295,91.28461082319582,40.95888667355536,29.135797500410064,1756989286.4006996
"(321, 243)",40.9588851,29.1357978,9.999,-0.16365505443299463,-0.11208134988707295,91.28461082319582,40.95888667355536,29.135797500410064,1756989286.5156195
"(321, 243)",40.9588851,29.1357978,9.999,0.10797239746182187,-0.1138485679533212,91.29079897458385,40.95888624770004,29.13579749163902,1756989286.6131234
"(321, 242)",40.9588851,29.1357978,9.999,0.10797239746182187,-0.1138485679533212,91.29079897458385,40.95888581067569,29.135797478594103,1756989286.7237628
"(321, 242)",40.9588851,29.1357978,9.999,0.10797239746182187,-0.1138485679533212,91.29079897458385,40.95888581067569,29.135797478594103,1756989286.9347491
"(321, 243)",40.9588852,29.1357978,9.999,-0.15753050918160882,-0.11435805737672183,91.2735937280646,40.958886763830385,29.135797504452956,1756989287.0546553
"(321, 243)",40.9588852,29.1357978,9.999,-0.20672258546088526,-0.11440043923413029,91.28023267193785,40.958886840977804,29.135797507054324,1756989287.254251
"(321, 242)",40.9588852,29.1357978,9.999,-0.20672258546088526,-0.11440043923413029,91.28023267193785,40.95888640388884,29.13579749412975,1756989287.359563
"(321, 243)",40.9588852,29.1357978,9.999,0.09302655617565882,-0.1128671017861021,91.27925595488654,40.95888637111597,29.135797489986736,1756989287.480427
"(321, 242)",40.9588852,29.1357978,9.999,0.09302655617565882,-0.1128671017861021,91.27925595488654,40.958885934087235,29.135797477059068,1756989287.6823385
"(321, 243)",40.9588852,29.1357978,9.999,-0.07893748341361584,-0.12254359886994576,91.27778063402582,40.958886640346876,29.13579751796675,1756989287.7942433
"(321, 243)",40.9588852,29.1357978,9.999,-0.07893748341361584,-0.12254359886994576,91.27778063402582,40.958886640346876,29.13579751796675,1756989288.0148883
"(321, 243)",40.9588852,29.1357978,9.999,-0.2605938615899361,-0.11160054192210107,91.278832483158,40.95888692553251,29.135797503676816,1756989288.132296
"(321, 242)",40.9588852,29.1357978,9.999,0.027952437453991442,-0.11317119194651311,91.27578621878817,40.9588860360602,29.135797480633556,1756989288.3360157
"(321, 242)",40.9588852,29.1357978,9.999,0.027952437453991442,-0.11317119194651311,91.27578621878817,40.9588860360602,29.135797480633556,1756989288.4433525
"(321, 242)",40.9588852,29.1357978,10.0,0.02188488159349293,-0.11719310615059281,91.27312927520103,40.95888604550382,29.13579748917765,1756989288.5472286
"(321, 243)",40.9588852,29.1357978,10.0,0.02188488159349293,-0.11719310615059281,91.27312927520103,40.958886482589385,29.13579750204158,1756989288.6482005
"(321, 242)",40.9588853,29.1357978,9.999,-0.26056200516076033,-0.11659701206295052,91.27592965276074,40.95888658819334,29.135797501050543,1756989288.8700638
"(321, 243)",40.9588853,29.1357978,9.999,-0.26056200516076033,-0.11659701206295052,91.27592965276074,40.95888702529638,29.135797513929397,1756989288.9755902
"(321, 242)",40.9588853,29.1357978,9.999,-0.037638004215299885,-0.11439706416018496,91.27681074716367,40.958886238831425,29.13579748622536,1756989289.0908794
"(321, 242)",40.9588853,29.1357978,9.999,-0.037638004215299885,-0.11439706416018496,91.27681074716367,40.958886238831425,29.13579748622536,1756989289.3235984
"(321, 242)",40.9588853,29.1357978,10.0,0.04749967346383428,-0.10546327010730083,91.27344346390285,40.95888610576085,29.135797463657298,1756989289.436246
"(321, 242)",40.9588853,29.1357978,10.0,0.04749967346383428,-0.10546327010730083,91.27344346390285,40.95888610576085,29.135797463657298,1756989289.5475335
"(321, 243)",40.9588853,29.1357978,10.001,-0.2603673981302679,-0.11434673153569577,91.27511686024951,40.95888702541193,29.135797509159573,1756989289.6593285
"(321, 243)",40.9588853,29.1357978,10.001,-0.2603673981302679,-0.11434673153569577,91.27511686024951,40.95888702541193,29.135797509159573,1756989289.8660927
"(321, 242)",40.9588853,29.1357978,10.001,-0.1658542419436065,-0.11671579332148528,91.27418112433321,40.95888643994774,29.13579749682459,1756989289.9912343
"(321, 242)",40.9588853,29.1357978,10.001,-0.1658542419436065,-0.11671579332148528,91.27418112433321,40.95888643994774,29.13579749682459,1756989290.1095457
"(322, 241)",40.9588853,29.1357978,10.001,0.06353277881323222,-0.12193515174485928,91.27525346403291,40.9588856527394,29.13579690538978,1756989290.2161746
"(322, 241)",40.9588853,29.1357978,10.001,0.06353277881323222,-0.12193515174485928,91.27525346403291,40.9588856527394,29.13579690538978,1756989290.3236065
"(321, 242)",40.9588853,29.1357978,10.001,0.06353277881323222,-0.12193515174485928,91.27525346403291,40.95888608013832,29.13579749711091,1756989290.4275439
"(321, 243)",40.9588853,29.1357978,10.001,-0.22522866285191745,-0.11158374659365372,91.27597063389575,40.95888697040835,29.135797501839544,1756989290.5366235
"(321, 242)",40.9588853,29.1357978,10.001,-0.22522866285191745,-0.11158374659365372,91.27597063389575,40.95888653322666,29.13579748895622,1756989290.648256
"(321, 243)",40.9588853,29.1357978,10.001,-0.2399551109914203,-0.1092010911305903,91.28576512516555,40.95888699362421,29.135797497955245,1756989290.75088
"(321, 242)",40.9588853,29.1357978,10.001,-0.2399551109914203,-0.1092010911305903,91.28576512516555,40.958886556440476,29.135797484973576,1756989290.8627284
"(321, 242)",40.9588853,29.1357978,10.001,-0.2399551109914203,-0.1092010911305903,91.28576512516555,40.958886556440476,29.135797484973576,1756989290.9754887
"(322, 242)",40.9588853,29.1357978,10.001,0.033621469452202235,-0.11425166917627094,91.274092331874,40.95888613700895,29.135796903685364,1756989291.0813906
"(321, 242)",40.9588853,29.1357978,10.001,0.033621469452202235,-0.11425166917627094,91.274092331874,40.95888612729497,29.135797482518623,1756989291.1816747
"(321, 242)",40.9588853,29.1357978,10.001,-0.18383056612735282,-0.10949651015240658,91.28269837022822,40.958886468420054,29.135797482896272,1756989291.2928195
"(321, 243)",40.9588853,29.1357978,10.001,-0.18383056612735282,-0.10949651015240658,91.28269837022822,40.958886905590674,29.13579749584931,1756989291.3994184
"(321, 242)",40.9588853,29.1357978,10.001,-0.2975636745352317,-0.10138223874832482,91.28163286071769,40.95888664702473,29.13579747129045,1756989291.6140847
"(321, 243)",40.9588853,29.1357978,10.001,-0.2975636745352317,-0.10138223874832482,91.28163286071769,40.958887084224216,29.13579748422798,1756989291.7184403
"(321, 242)",40.9588853,29.1357978,10.002,-0.0017361191110545284,-0.10632561484054799,91.28037610591042,40.95888618311951,29.135797467789523,1756989291.8280203
"(321, 242)",40.9588853,29.1357978,10.002,-0.0017361191110545284,-0.10632561484054799,91.28037610591042,40.95888618311951,29.135797467789523,1756989291.9330196
"(321, 242)",40.9588853,29.1357978,10.002,-0.0017361191110545284,-0.10632561484054799,91.28037610591042,40.95888618311951,29.135797467789523,1756989292.0385797
"(321, 242)",40.9588853,29.1357978,10.001,-0.15447031762917868,-0.11944584127708052,91.28604516292152,40.95888642205057,29.13579750227515,1756989292.1495607
"(321, 243)",40.9588852,29.1357978,10.001,-0.3644099088489267,-0.10885117733775938,91.27927644545404,40.95888708878484,29.135797502721356,1756989292.2864144
"(321, 242)",40.9588852,29.1357978,10.001,-0.3644099088489267,-0.10885117733775938,91.27927644545404,40.95888665156676,29.13579748981039,1756989292.4773726
"(321, 242)",40.9588852,29.1357978,10.001,-0.05481837790700832,-0.11483151488420801,91.28483621943843,40.95888616597219,29.135797488036747,1756989292.6846597
"(321, 242)",40.9588852,29.1357978,10.001,-0.05481837790700832,-0.11483151488420801,91.28483621943843,40.95888616597219,29.135797488036747,1756989292.7873986
"(321, 242)",40.9588852,29.1357978,10.0,-0.055257764509923764,-0.10859477176951284,91.28642082332588,40.95888616679074,29.135797475178588,1756989292.8906896
"(321, 243)",40.9588852,29.1357978,10.0,-0.055257764509923764,-0.10859477176951284,91.28642082332588,40.95888660388896,29.135797488173434,1756989292.998712
"(321, 243)",40.9588853,29.1357978,10.0,-0.3253180681862992,-0.11435002656836178,91.28480889868176,40.95888712712312,29.135797512593726,1756989293.1077516
"(321, 243)",40.9588853,29.1357978,10.0,-0.3253180681862992,-0.11435002656836178,91.28480889868176,40.95888712712312,29.135797512593726,1756989293.218123
"(321, 243)",40.9588853,29.1357978,10.0,-0.3253180681862992,-0.11435002656836178,91.28480889868176,40.95888712712312,29.135797512593726,1756989293.329325
"(321, 243)",40.9588853,29.1357978,10.0,-0.07832605475087409,-0.11008624762844826,91.2879439555108,40.95888674000995,29.13579749239167,1756989293.541867
"(321, 242)",40.9588853,29.1357978,10.0,-0.07832605475087409,-0.11008624762844826,91.2879439555108,40.95888630290732,29.135797479382436,1756989293.6436253
"(321, 243)",40.9588853,29.1357978,10.0,0.03358595780460346,-0.1073941258990451,91.28435127600737,40.958886564633886,29.135797481492236,1756989293.7607253
"(321, 243)",40.9588853,29.1357978,10.0,0.03358595780460346,-0.1073941258990451,91.28435127600737,40.958886564633886,29.135797481492236,1756989293.9678235
"(321, 243)",40.9588853,29.1357978,10.0,-0.28453311434187545,-0.11294155351609787,91.29570305040792,40.9588870632608,29.13579750822307,1756989294.072186
"(321, 242)",40.9588853,29.1357978,10.0,-0.14068263363436911,-0.11356095295624019,91.28676916297356,40.95888640053395,29.135797489467667,1756989294.2930572
"(321, 243)",40.9588853,29.1357978,10.0,-0.14068263363436911,-0.11356095295624019,91.28676916297356,40.958886837650155,29.135797502462363,1756989294.4016273
"(321, 243)",40.9588853,29.1357978,10.0,0.06435188124531807,-0.10633251840089074,91.28549191759876,40.95888651644285,29.135797477893117,1756989294.6183321
"(321, 243)",40.9588853,29.1357978,10.0,0.06435188124531807,-0.10633251840089074,91.28549191759876,40.95888651644285,29.135797477893117,1756989294.7302706
"(321, 243)",40.9588853,29.1357978,10.0,-0.22937397402830695,-0.09996418075286043,91.28392780427882,40.958886977181635,29.135797478250726,1756989294.8346715
"(321, 243)",40.9588853,29.1357978,10.0,-0.22937397402830695,-0.09996418075286043,91.28392780427882,40.958886977181635,29.135797478250726,1756989294.93922
"(321, 243)",40.9588853,29.1357978,10.0,-0.185676798276519,-0.10644714418300662,91.29267044641644,40.958886908472984,29.135797490006563,1756989295.1524634
"(321, 242)",40.9588853,29.1357978,10.0,-0.185676798276519,-0.10644714418300662,91.29267044641644,40.95888647134728,29.13579747695415,1756989295.4111564
"(321, 242)",40.9588853,29.1357978,9.999,0.06120765968979823,-0.10776441686757367,91.28633203086667,40.958886084170196,29.13579746806913,1756989295.5174594
"(321, 243)",40.9588853,29.1357978,10.0,-0.15191194487754608,-0.10956944109809498,91.2862773893533,40.95888685539561,29.13579749468154,1756989295.623753
"(321, 243)",40.9588853,29.1357978,10.0,-0.15191194487754608,-0.10956944109809498,91.2862773893533,40.95888685539561,29.13579749468154,1756989295.7366507
"(321, 243)",40.9588853,29.1357978,10.0,-0.15191194487754608,-0.10956944109809498,91.2862773893533,40.95888685539561,29.13579749468154,1756989295.8412464
"(321, 242)",40.9588853,29.1357978,9.999,-0.2650743322833322,-0.1095646252811216,91.28456301187164,40.95888659554855,29.1357974869218,1756989295.950749
"(321, 242)",40.9588853,29.1357978,9.999,-0.2650743322833322,-0.1095646252811216,91.28456301187164,40.95888659554855,29.1357974869218,1756989296.1588519
"(321, 242)",40.9588853,29.1357978,10.0,0.034135161042768015,-0.10752243873992745,91.2847542571684,40.958886126688434,29.135797468762952,1756989296.266264
"(321, 242)",40.9588853,29.1357978,10.0,-0.05093079297997441,-0.10346958191127774,91.27929010583239,40.95888626015676,29.135797464181124,1756989296.3717544
"(321, 243)",40.9588853,29.1357978,10.0,-0.05093079297997441,-0.10346958191127774,91.27929010583239,40.95888669725545,29.135797477104123,1756989296.4721487
"(322, 242)",40.9588853,29.1357978,10.0,-0.05093079297997441,-0.10346958191127774,91.27929010583239,40.95888626990918,29.135796885397284,1756989296.5875869
"(322, 242)",40.9588853,29.1357978,10.0,-0.3081175441025179,-0.10892320114894864,91.28568316289552,40.95888667298574,29.13579690877643,1756989296.795136
"(321, 242)",40.9588853,29.1357978,10.0,-0.3081175441025179,-0.10892320114894864,91.28568316289552,40.958886663188174,29.13579748759178,1756989296.8981297
"(321, 242)",40.9588853,29.1357978,9.999,-0.01882932910021095,-0.1135070318143941,91.28563535157133,40.95888620941744,29.135797483695455,1756989297.1120803
"(321, 242)",40.9588853,29.1357978,9.999,-0.0061809701845011175,-0.11588201665485448,91.28469961565503,40.95888618950429,29.135797488017406,1756989297.2143555
"(321, 242)",40.9588853,29.1357978,9.999,-0.0061809701845011175,-0.11588201665485448,91.28469961565503,40.95888618950429,29.135797488017406,1756989297.3217883
"(322, 242)",40.9588853,29.1357978,9.999,-0.2880101341966615,-0.11622235217459152,91.28034878515373,40.958886641007666,29.135796922919088,1756989297.4328077
"(322, 242)",40.9588853,29.1357978,9.999,-0.2880101341966615,-0.11622235217459152,91.28034878515373,40.958886641007666,29.135796922919088,1756989297.639628
"(321, 243)",40.9588853,29.1357978,9.999,-0.07194677812800118,-0.11091170667213471,91.28440591752073,40.95888672982179,29.13579749372198,1756989297.7470877
"(321, 242)",40.9588853,29.1357978,9.999,-0.07194677812800118,-0.11091170667213471,91.28440591752073,40.958886292763594,29.13579748074951,1756989297.8636146
"(321, 242)",40.9588853,29.1357978,9.999,0.042033834590851415,-0.10734183226321217,91.28493184208682,40.95888611423233,29.135797468057632,1756989298.0709658
"(321, 242)",40.9588853,29.1357978,9.999,0.042033834590851415,-0.10734183226321217,91.28493184208682,40.95888611423233,29.135797468057632,1756989298.1829364
"(321, 242)",40.9588853,29.1357978,9.999,-0.27392972590310666,-0.1158538554647414,91.28741120075553,40.958886609220265,29.135797500471686,1756989298.2958083
"(321, 242)",40.9588853,29.1357978,9.999,-0.27392972590310666,-0.1158538554647414,91.28741120075553,40.958886609220265,29.135797500471686,1756989298.50644
"(321, 243)",40.9588853,29.1357978,9.999,-0.1413198956200166,-0.11113053285973297,91.28131867201589,40.95888683855947,29.13579749728377,1756989298.6142328
"(321, 242)",40.9588853,29.1357978,9.999,-0.1413198956200166,-0.11113053285973297,91.28131867201589,40.95888640148585,29.135797484345456,1756989298.725878
"(321, 242)",40.9588853,29.1357978,9.999,0.06053229805518678,-0.10432601025996065,91.28114791728663,40.958886085326746,29.135797460870307,1756989298.837957
"(321, 242)",40.9588853,29.1357978,9.999,0.06053229805518678,-0.10432601025996065,91.28114791728663,40.958886085326746,29.135797460870307,1756989298.9444034
"(321, 242)",40.9588853,29.1357978,9.999,-0.2329545672985539,-0.11478587801477322,91.28153723806932,40.95888654500145,29.135797496180526,1756989299.0628142
"(321, 243)",40.9588853,29.1357978,9.999,-0.2329545672985539,-0.11478587801477322,91.28153723806932,40.95888698209661,29.13579750911718,1756989299.1888306
"(321, 243)",40.9588853,29.1357978,9.999,-0.2329545672985539,-0.11478587801477322,91.28153723806932,40.95888698209661,29.13579750911718,1756989299.291671
"(321, 243)",40.9588853,29.1357978,9.999,-0.1500580020851372,-0.11571062159536948,91.28693308751363,40.95888685211946,29.135797507395022,1756989299.4087627
"(321, 243)",40.9588853,29.1357978,9.999,-0.1500580020851372,-0.11571062159536948,91.28693308751363,40.95888685211946,29.135797507395022,1756989299.5100448
"(321, 242)",40.9588853,29.1357978,9.999,0.09458708097823483,-0.10293301852514167,91.28033512477539,40.958886031994226,29.135797456387657,1756989299.621855
"(322, 242)",40.9588853,29.1357978,9.999,0.09458708097823483,-0.10293301852514167,91.28033512477539,40.95888604175544,29.135796877675677,1756989299.8235023
"(321, 242)",40.9588853,29.1357978,9.999,-0.19139998987288723,-0.08744924648098722,91.28294425703834,40.958886480828255,29.135797437559752,1756989299.9385695
"(321, 243)",40.9588853,29.1357978,9.999,-0.19139998987288723,-0.08744924648098722,91.28294425703834,40.95888691791373,29.135797450512385,1756989300.14786
"(321, 243)",40.9588853,29.1357978,9.999,-0.17330648525619288,-0.09087862843435508,91.28396878541385,40.958886889430765,29.135797456829465,1756989300.2536323
"(321, 243)",40.9588853,29.1357978,9.999,-0.17330648525619288,-0.09087862843435508,91.28396878541385,40.958886889430765,29.135797456829465,1756989300.357205
"(322, 242)",40.9588853,29.1357978,9.999,0.09648569347461987,-0.0977501989457846,91.27855244540203,40.95888603893973,29.13579686680033,1756989300.5809026
"(322, 242)",40.9588853,29.1357978,9.999,0.09648569347461987,-0.0977501989457846,91.27855244540203,40.95888603893973,29.13579686680033,1756989300.6841009
"(321, 243)",40.9588853,29.1357978,9.999,-0.11776645517469042,-0.09972975318589825,91.28030780401872,40.958886802029916,29.135797472497565,1756989300.7939305
"(321, 243)",40.9588853,29.1357978,9.999,-0.11776645517469042,-0.09972975318589825,91.28030780401872,40.958886802029916,29.135797472497565,1756989300.9058115
"(321, 243)",40.9588853,29.1357978,9.999,-0.11776645517469042,-0.09972975318589825,91.28030780401872,40.958886802029916,29.135797472497565,1756989301.009162
"(321, 243)",40.9588853,29.1357978,9.999,-0.2474258438395333,-0.10079952489454488,91.28206999282457,40.9588870052793,29.135797480779928,1756989301.1118982
"(321, 242)",40.9588853,29.1357978,9.999,0.055959433045010346,-0.1061687005825162,91.28194704941951,40.95888609243319,29.13579746492117,1756989301.2211835
"(322, 242)",40.9588853,29.1357978,9.999,0.055959433045010346,-0.1061687005825162,91.28194704941951,40.95888610220601,29.135796886206606,1756989301.3282392
"(322, 241)",40.9588853,29.1357978,9.999,0.055959433045010346,-0.1061687005825162,91.28194704941951,40.95888566517124,29.135796873250637,1756989301.4284115
"(321, 242)",40.9588853,29.1357978,9.999,-0.03641061788742727,-0.10689264727368467,91.27861391710455,40.95888623717787,29.135797470632884,1756989301.5389054
"(321, 242)",40.9588853,29.1357978,9.999,-0.03641061788742727,-0.10689264727368467,91.27861391710455,40.95888623717787,29.135797470632884,1756989301.6470215
"(322, 243)",40.9588853,29.1357978,9.996,0.321329130989306,2.2598946588417754,91.30818863621072,40.9588862090324,29.135791973979607,1756989301.757316
"(322, 243)",40.9588853,29.1357978,9.996,0.321329130989306,2.2598946588417754,91.30818863621072,40.9588862090324,29.135791973979607,1756989301.8576005
"(321, 243)",40.9588853,29.1357978,9.996,0.321329130989306,2.2598946588417754,91.30818863621072,40.958886198879135,29.135792553725185,1756989301.964372
"(321, 242)",40.9588853,29.1357974,9.956,2.131092445577556,9.114387136025313,91.6017638271162,40.958883224545744,29.135777723634014,1756989302.0722384
"(322, 241)",40.9588853,29.1357974,9.956,2.131092445577556,9.114387136025313,91.6017638271162,40.958882793384305,29.13577711441471,1756989302.1832628
"(322, 242)",40.958885,29.1357961,9.855,2.16793790105519,6.734921691469413,95.31164254651115,40.95888355071434,29.13578085446712,1756989302.40898
"(321, 242)",40.958885,29.1357961,9.855,2.16793790105519,6.734921691469413,95.31164254651115,40.95888351162513,29.135781431853303,1756989302.5256317
"(321, 243)",40.9588847,29.135794,9.688,1.6478273200517697,3.02974811863895,108.90190899470647,40.95888516192194,29.135787167520956,1756989302.6454535
"(321, 243)",40.9588847,29.135794,9.688,1.6478273200517697,3.02974811863895,108.90190899470647,40.95888516192194,29.135787167520956,1756989302.7637131
"(321, 242)",40.9588843,29.1357915,9.453,1.1848038870181394,1.024408100139497,123.45573754987217,40.95888458936751,29.135788686972596,1756989302.9703193
"(322, 242)",40.9588843,29.1357915,9.453,1.1848038870181394,1.024408100139497,123.45573754987217,40.9588848172768,29.135788230050114,1756989303.07545
"(322, 241)",40.9588839,29.1357888,9.145,0.8131820454576196,0.10577401703410996,138.49524036634998,40.95888410473767,29.135787205389104,1756989303.1858976
"(322, 242)",40.9588839,29.1357888,9.145,0.8131820454576196,0.10577401703410996,138.49524036634998,40.95888436965379,29.135787601938745,1756989303.2882288
"(321, 242)",40.9588839,29.1357888,9.145,0.8131820454576196,0.10577401703410996,138.49524036634998,40.95888407023237,29.135787952788032,1756989303.397246
"(322, 242)",40.9588834,29.1357861,8.777,-0.11615658492340371,-0.2641506559197938,153.34286950866377,40.95888417705168,29.135786957401105,1756989303.5056925
"(342, 237)",40.9588834,29.1357861,8.777,-0.11615658492340371,-0.2641506559197938,153.34286950866377,40.9588901715809,29.135780130442367,1756989303.7148237
"(353, 234)",40.9588829,29.1357832,8.385,0.0861357490767622,-0.22244074505136222,168.33543526516524,40.9588939873296,29.135777043665026,1756989303.820697
"(356, 233)",40.9588824,29.1357804,7.989,-0.5551334965505711,-0.13787904108327723,-176.6136245392207,40.95889487422198,29.135779058308014,1756989303.9303145
"(351, 233)",40.9588824,29.1357804,7.989,-0.5551334965505711,-0.13787904108327723,-176.6136245392207,40.958893132727795,29.13577892171712,1756989304.0381513
"(342, 233)",40.9588824,29.1357804,7.989,-0.5551334965505711,-0.13787904108327723,-176.6136245392207,40.95888999752456,29.135778675813214,1756989304.144563
"(336, 234)",40.9588818,29.1357777,7.597,-0.054281551051661096,0.027701301269967858,-161.59615591300536,40.95888748258963,29.135777512787445,1756989304.2530463
"(329, 237)",40.9588818,29.1357777,7.597,-0.054281551051661096,0.027701301269967858,-161.59615591300536,40.958884961891556,29.13577779276655,1756989304.3623707
"(325, 239)",40.9588818,29.1357777,7.597,-0.054281551051661096,0.027701301269967858,-161.59615591300536,40.95888349154027,29.13577807199029,1756989304.468764
"(320, 242)",40.9588812,29.1357749,7.212,-0.367167037437364,0.10895505090801778,-146.48719007266854,40.95888072527492,29.13577614476394,1756989304.5736394
"(317, 243)",40.9588812,29.1357749,7.212,-0.367167037437364,0.10895505090801778,-146.48719007266854,40.95887976242128,29.135775801266846,1756989304.676622
"(314, 246)",40.9588812,29.1357749,7.212,-0.367167037437364,0.10895505090801778,-146.48719007266854,40.95887845117912,29.13577615412874,1756989304.7812045
"(312, 249)",40.9588807,29.1357722,6.837,0.0672790108409586,0.14111089449945685,-131.43715510449059,40.95887725529408,29.13577227062616,1756989304.8873196
"(311, 254)",40.9588801,29.1357694,6.484,0.11646657145805915,0.20122901895471904,-116.36921138030884,40.958875609269015,29.135768880528936,1756989305.0003102
"(312, 258)",40.9588801,29.1357694,6.484,0.11646657145805915,0.20122901895471904,-116.36921138030884,40.95887471961667,29.135769883472506,1756989305.0998986
"(313, 264)",40.9588801,29.1357694,6.484,0.11646657145805915,0.20122901895471904,-116.36921138030884,40.95887332233822,29.135771219684145,1756989305.2052853
"(315, 266)",40.9588795,29.1357668,6.163,0.14843971415930698,1.2225218991622422,-106.3669389257696,40.958872873401354,29.135769149020174,1756989305.312551
"(318, 269)",40.9588795,29.1357668,6.163,0.14843971415930698,1.2225218991622422,-106.3669389257696,40.95887232393556,29.135770477673354,1756989305.4269428
"(323, 273)",40.9588789,29.1357642,5.878,0.588086064366415,3.1530362348088534,-103.52726045758013,40.95887203758644,29.135771400178772,1756989305.5317748
"(327, 276)",40.9588789,29.1357642,5.878,0.588086064366415,3.1530362348088534,-103.52726045758013,40.958871521065205,29.135772970166293,1756989305.6346009
"(333, 280)",40.9588789,29.1357642,5.878,0.588086064366415,3.1530362348088534,-103.52726045758013,40.95887086957725,29.13577529085301,1756989305.742215
"(337, 281)",40.9588785,29.1357621,5.631,0.260562645490995,3.9069962712942314,-102.64108439390598,40.95887048763942,29.135774901269752,1756989305.8504372
"(345, 281)",40.9588785,29.1357621,5.631,0.260562645490995,3.9069962712942314,-102.64108439390598,40.95887090040525,29.135777499341565,1756989305.950763
"(352, 280)",40.9588785,29.1357621,5.631,0.260562645490995,3.9069962712942314,-102.64108439390598,40.95887150636603,29.135779712182828,1756989306.0594058
"(358, 280)",40.9588781,29.1357603,5.425,0.5322098342312745,3.8587294588638668,-102.36623758170467,40.958871823557736,29.135778984963242,1756989306.1622868
"(364, 279)",40.9588781,29.1357603,5.425,0.5322098342312745,3.8587294588638668,-102.36623758170467,40.958872354600366,29.135780819058393,1756989306.2676783
"(372, 276)",40.9588779,29.1357591,5.256,0.22154969884936646,3.4111401189203496,-102.2879021421138,40.958873053983275,29.135780801033807,1756989306.371506
"(379, 271)",40.9588779,29.1357591,5.256,0.22154969884936646,3.4111401189203496,-102.2879021421138,40.95887453509168,29.13578263396877,1756989306.4764664
"(386, 266)",40.9588778,29.1357583,5.123,0.10984081438557737,2.761931918971107,-102.27673478282082,40.95887577399226,29.135782283160033,1756989306.5820181
"(394, 260)",40.9588778,29.1357583,5.123,0.10984081438557737,2.761931918971107,-102.27673478282082,40.95887749529925,29.13578430374713,1756989306.6885595
"(399, 254)",40.9588778,29.1357583,5.123,0.10984081438557737,2.761931918971107,-102.27673478282082,40.95887907681678,29.135785426453474,1756989306.7888165
"(407, 247)",40.9588777,29.1357577,5.028,0.2896654678946111,2.054288675908055,-102.29885093535333,40.95888088565756,29.135785325004466,1756989306.8925765
"(414, 242)",40.9588777,29.1357577,5.028,0.2896654678946111,2.054288675908055,-102.29885093535333,40.958882315664276,29.135787071131762,1756989306.9954665
"(424, 238)",40.9588777,29.1357577,5.028,0.2896654678946111,2.054288675908055,-102.29885093535333,40.958883676850114,29.1357897701682,1756989307.1020806
"(434, 235)",40.9588776,29.1357575,4.974,-0.08769490650748289,1.3856905294004982,-102.32246972950323,40.95888420554293,29.135791131911336,1756989307.2086582
"(442, 234)",40.9588776,29.1357575,4.974,-0.08769490650748289,1.3856905294004982,-102.32246972950323,40.95888480408081,29.135793384762085,1756989307.3085148
"(450, 232)",40.9588776,29.1357574,4.958,-0.010974875857670761,0.8515887327691303,-102.3545238072781,40.9588855312431,29.13579456728102,1756989307.4143622
"(457, 231)",40.9588776,29.1357574,4.958,-0.010974875857670761,0.8515887327691303,-102.3545238072781,40.95888607707746,29.135796506576938,1756989307.519765
"(461, 231)",40.9588776,29.1357574,4.958,-0.010974875857670761,0.8515887327691303,-102.3545238072781,40.958886266981516,29.13579765111567,1756989307.6215637
"(467, 229)",40.9588776,29.1357574,4.964,0.15718890634161564,0.4566729045702523,-102.39359248933057,40.9588870298782,29.135798648724837,1756989307.7261224
"(470, 227)",40.9588776,29.1357574,4.964,0.15718890634161564,0.4566729045702523,-102.39359248933057,40.95888759832251,29.135799377681952,1756989307.8277485
"(474, 227)",40.9588776,29.1357574,4.964,0.15718890634161564,0.4566729045702523,-102.39359248933057,40.958887787355025,29.13580051393184,1756989307.9307652
"(477, 227)",40.9588776,29.1357575,4.977,-0.1187676114966262,0.17059072466895914,-102.42115913282075,40.958887670464264,29.13580116511072,1756989308.0356095
"(478, 230)",40.9588777,29.1357575,4.988,-0.08007028762973964,-0.002498246743111292,-102.46372487172826,40.95888720318287,29.135801438612486,1756989308.1406994
"(479, 231)",40.9588777,29.1357575,4.988,-0.08007028762973964,-0.002498246743111292,-102.46372487172826,40.958887037390326,29.135801783160733,1756989308.2415216
"(482, 228)",40.9588777,29.1357575,4.988,-0.08007028762973964,-0.002498246743111292,-102.46372487172826,40.958887817109115,29.135802441086145,1756989308.3446465
"(481, 231)",40.9588777,29.1357576,4.997,0.22682585990064263,-0.07979609955726727,-102.49656442125769,40.95888738168472,29.135802337125103,1756989308.4485576
"(481, 230)",40.9588777,29.1357576,4.997,0.22682585990064263,-0.07979609955726727,-102.49656442125769,40.95888759497362,29.135802275446192,1756989308.5531104
"(482, 228)",40.9588777,29.1357576,4.997,0.22682585990064263,-0.07979609955726727,-102.49656442125769,40.958888068738204,29.13580243397774,1756989308.658272
"(480, 232)",40.9588777,29.1357577,5.001,0.017212853775852355,-0.11394477757108316,-102.52493019688075,40.95888697366131,29.135802231597882,1756989308.7577205
"(481, 229)",40.9588777,29.1357577,5.001,0.017212853775852355,-0.11394477757108316,-102.52493019688075,40.95888766029332,29.135802325489674,1756989308.8607852
"(479, 230)",40.9588777,29.1357578,5.002,-0.05358238047150046,-0.12401351694431333,-102.5571481991957,40.95888731563175,29.135801923334284,1756989308.9651966
"(478, 229)",40.9588777,29.1357578,5.002,-0.05358238047150046,-0.12401351694431333,-102.5571481991957,40.95888748131676,29.135801578572323,1756989309.067175
"(476, 229)",40.9588777,29.1357578,5.002,-0.05358238047150046,-0.12401351694431333,-102.5571481991957,40.95888738659187,29.135801015134895,1756989309.1778257
"(475, 228)",40.9588777,29.1357578,5.004,0.2560292941923842,-0.10524529102324222,-102.58055525748134,40.9588878150879,29.135800655746056,1756989309.2816472
"(473, 228)",40.9588777,29.1357578,5.004,0.2560292941923842,-0.10524529102324222,-102.58055525748134,40.95888772006916,29.13580009164287,1756989309.3853118
"(472, 229)",40.9588777,29.1357578,5.004,0.2560292941923842,-0.10524529102324222,-102.58055525748134,40.9588874590572,29.13579987169837,1756989309.4874222
"(471, 230)",40.9588777,29.1357579,5.004,0.13345029039654543,-0.09091550745380919,-102.61019827847919,40.9588871238034,29.13579979054132,1756989309.586839
"(470, 231)",40.9588777,29.1357579,5.005,-0.08749039436867258,-0.07316427268776918,-102.6385982050481,40.958886714765846,29.13579964392971,1756989309.6904042
"(470, 231)",40.9588777,29.1357579,5.005,-0.08749039436867258,-0.07316427268776918,-102.6385982050481,40.958886714765846,29.13579964392971,1756989309.792907
"(469, 231)",40.9588777,29.1357579,5.005,-0.08749039436867258,-0.07316427268776918,-102.6385982050481,40.95888666699149,29.13579936173249,1756989309.8978696
"(469, 230)",40.9588777,29.1357579,5.006,0.19840014669957018,-0.0640360583673777,-102.66402699932806,40.95888711962788,29.135799260157803,1756989310.0023174
"(468, 229)",40.9588777,29.1357579,5.006,0.19840014669957018,-0.0640360583673777,-102.66402699932806,40.958887285291524,29.13579891499096,1756989310.1026587
"(468, 229)",40.9588777,29.1357579,5.006,0.19840014669957018,-0.0640360583673777,-102.66402699932806,40.958887285291524,29.13579891499096,1756989310.2041569
"(467, 230)",40.9588777,29.135758,5.006,0.17550923460373521,-0.04600782741398193,-102.68476345364822,40.958887022469135,29.135798822781872,1756989310.3096378
"(467, 231)",40.9588777,29.135758,5.006,0.17550923460373521,-0.04600782741398193,-102.68476345364822,40.958886808902996,29.13579888578446,1756989310.4117885
"(467, 232)",40.9588777,29.135758,5.006,-0.09562883823911383,-0.034609782483857876,-102.70049337930676,40.958886397902155,29.135799017163567,1756989310.5151763
"(467, 231)",40.9588777,29.135758,5.006,-0.09562883823911383,-0.034609782483857876,-102.70049337930676,40.958886611231506,29.135798953145205,1756989310.618713
"(467, 231)",40.9588777,29.135758,5.006,-0.09562883823911383,-0.034609782483857876,-102.70049337930676,40.958886611231506,29.135798953145205,1756989310.7232726
"(467, 230)",40.9588778,29.135758,5.005,0.14889417520316406,-0.013017539311487617,-102.72665983401707,40.958887132100635,29.135798860947357,1756989310.827647
"(467, 229)",40.9588778,29.135758,5.005,0.14889417520316406,-0.013017539311487617,-102.72665983401707,40.958887345656855,29.135798797632212,1756989310.9342036
"(467, 229)",40.9588778,29.135758,5.005,0.14889417520316406,-0.013017539311487617,-102.72665983401707,40.958887345656855,29.135798797632212,1756989311.036122
"(466, 230)",40.9588778,29.135758,5.005,0.18630713669150392,-0.027662601311408862,-102.7422326653247,40.95888711695322,29.13579854560908,1756989311.1412382
"(466, 231)",40.9588778,29.1357581,5.005,-0.1338631032947213,-0.029985164116484053,-102.75712247771533,40.95888666355084,29.13579876559176,1756989311.244776
"(466, 231)",40.9588778,29.1357581,5.005,-0.1338631032947213,-0.029985164116484053,-102.75712247771533,40.95888666355084,29.13579876559176,1756989311.3473732
"(466, 232)",40.9588778,29.1357581,5.005,-0.1338631032947213,-0.029985164116484053,-102.75712247771533,40.95888645033285,29.13579883000855,1756989311.4525793
"(466, 231)",40.9588778,29.1357581,5.005,0.07450421706470817,-0.03228159177632936,-102.77476485634148,40.958886833162595,29.135798717034763,1756989311.5567193
"(466, 230)",40.9588778,29.1357581,5.005,0.07450421706470817,-0.03228159177632936,-102.77476485634148,40.958887046550515,29.13579865324265,1756989311.6579008
"(466, 230)",40.9588778,29.1357581,5.005,0.07450421706470817,-0.03228159177632936,-102.77476485634148,40.958887046550515,29.13579865324265,1756989311.7622485
"(466, 230)",40.9588778,29.1357581,5.005,0.18024955931049597,-0.021438641456034326,-102.78563851750013,40.958887137262664,29.13579864685507,1756989311.8676105
"(466, 230)",40.9588778,29.1357581,5.005,0.18024955931049597,-0.021438641456034326,-102.78563851750013,40.958887137262664,29.13579864685507,1756989311.9669397
"(466, 231)",40.9588778,29.1357581,5.005,-0.1232154787089061,-0.01858384082896052,-102.80321259423458,40.9588866997045,29.135798771296717,1756989312.0700152
"(466, 232)",40.9588778,29.1357581,5.005,-0.1232154787089061,-0.01858384082896052,-102.80321259423458,40.9588864864861,29.135798835913455,1756989312.1761756
"(466, 232)",40.9588778,29.1357581,5.005,-0.1232154787089061,-0.01858384082896052,-102.80321259423458,40.9588864864861,29.135798835913455,1756989312.2751462
"(466, 232)",40.9588779,29.1357581,5.005,0.01450307960930227,-0.014001214117758395,-102.81687980276378,40.95888670127282,29.135798812104277,1756989312.3765519
"(466, 231)",40.9588779,29.1357581,5.005,0.01450307960930227,-0.014001214117758395,-102.81687980276378,40.958886914615974,29.135798747886327,1756989312.4791474
"(466, 230)",40.9588779,29.1357581,5.005,0.01450307960930227,-0.014001214117758395,-102.81687980276378,40.95888712795966,29.135798683668217,1756989312.5834916
"(466, 230)",40.9588779,29.1357581,5.006,0.21681761839437733,-0.011603360816781042,-102.83363425679782,40.958887295929046,29.13579865240264,1756989312.6881492
"(466, 231)",40.9588779,29.1357581,5.006,-0.10623848990799066,-0.01610624140086463,-102.83688542684274,40.95888683334106,29.135798772832462,1756989312.7945838
"(466, 232)",40.9588779,29.1357581,5.006,-0.10623848990799066,-0.01610624140086463,-102.83688542684274,40.95888662008703,29.13579883757212,1756989312.8954859
"(466, 233)",40.9588779,29.1357581,5.006,-0.10623848990799066,-0.01610624140086463,-102.83688542684274,40.95888640682916,29.13579890231295,1756989312.9988096
"(466, 233)",40.9588779,29.1357581,5.007,-0.031021832086018608,-0.02170052318180878,-102.85109905050554,40.95888647252776,29.135798883543483,1756989313.101014
"(466, 232)",40.9588779,29.1357581,5.007,-0.031021832086018608,-0.02170052318180878,-102.85109905050554,40.958886685866474,29.135798818981645,1756989313.2036905
"(466, 232)",40.9588779,29.1357581,5.007,-0.031021832086018608,-0.02170052318180878,-102.85109905050554,40.958886685866474,29.135798818981645,1756989313.3090935
"(466, 231)",40.9588779,29.1357581,5.007,0.1996347834333293,-0.010840302287970333,-102.8632704476065,40.958887086998274,29.135798722403987,1756989313.4116886
"(466, 232)",40.9588779,29.1357581,5.007,0.1996347834333293,-0.010840302287970333,-102.8632704476065,40.95888687342932,29.135798786248092,1756989313.5162258
"(466, 232)",40.9588779,29.1357581,5.007,-0.0853728422928769,-0.009578153031966064,-102.88046203374742,40.95888666316389,29.13579884254453,1756989313.6195135
"(466, 233)",40.9588779,29.1357581,5.007,-0.0853728422928769,-0.009578153031966064,-102.88046203374742,40.95888644986539,29.135798907446926,1756989313.7223787
"(465, 234)",40.9588779,29.1357581,5.007,-0.0853728422928769,-0.009578153031966064,-102.88046203374742,40.95888618778025,29.135798689849587,1756989313.8257267
"(465, 234)",40.9588779,29.1357581,5.007,-0.06584176294877338,-0.02154735919121922,-102.88934127966844,40.95888620423393,29.135798665898967,1756989313.927975
"(466, 233)",40.9588779,29.1357581,5.007,-0.06584176294877338,-0.02154735919121922,-102.88934127966844,40.9588864663139,29.135798883438813,1756989314.0338383
"(466, 232)",40.9588779,29.1357581,5.007,-0.06584176294877338,-0.02154735919121922,-102.88934127966844,40.95888667959011,29.135798818569167,1756989314.141172
"(466, 232)",40.958878,29.1357581,5.007,0.17808170796074418,-0.041453118434001575,-102.90233912965897,40.958886968975165,29.135798736049363,1756989314.2427695
"(466, 232)",40.958878,29.1357581,5.007,-0.06304606113380269,-0.0502063493658634,-102.90373248824966,40.95888678132595,29.135798771591386,1756989314.3492916
"(466, 233)",40.958878,29.1357581,5.007,-0.06304606113380269,-0.0502063493658634,-102.90373248824966,40.958886568135284,29.13579883649928,1756989314.4500816
"(465, 234)",40.958878,29.1357581,5.007,-0.06304606113380269,-0.0502063493658634,-102.90373248824966,40.95888630612489,29.135798619212302,1756989314.5541172
"(465, 235)",40.958878,29.1357581,5.006,-0.12480120317425976,-0.03868178251848212,-102.91173063976774,40.9588860513389,29.135798705285858,1756989314.660988
"(465, 234)",40.958878,29.1357581,5.006,-0.12480120317425976,-0.03868178251848212,-102.91173063976774,40.95888626446738,29.135798640131018,1756989314.7631168
"(465, 234)",40.958878,29.1357581,5.006,-0.12480120317425976,-0.03868178251848212,-102.91173063976774,40.95888626446738,29.135798640131018,1756989314.866351
"(466, 233)",40.958878,29.1357581,5.006,0.20004776975427707,-0.030788828586817953,-102.91901162142298,40.958886782692325,29.13579880029024,1756989314.973269
"(466, 233)",40.958878,29.1357581,5.006,0.20004776975427707,-0.030788828586817953,-102.91901162142298,40.958886782692325,29.13579880029024,1756989315.0747695
"(465, 233)",40.958878,29.1357581,5.006,-0.004033869536417198,-0.02910015436097155,-102.93261052806047,40.95888658435547,29.135798560090766,1756989315.179898
"(465, 234)",40.958878,29.1357581,5.006,-0.004033869536417198,-0.02910015436097155,-102.93261052806047,40.95888637112414,29.135798624943348,1756989315.2826314
"(465, 235)",40.958878,29.1357581,5.006,-0.004033869536417198,-0.02910015436097155,-102.93261052806047,40.95888615789266,29.135798689795976,1756989315.3874414
"(465, 235)",40.958878,29.1357581,5.006,-0.09877948310730039,-0.015400125572194936,-102.94023984936338,40.958886092982794,29.135798729551404,1756989315.487135
"(465, 235)",40.958878,29.1357581,5.006,-0.09877948310730039,-0.015400125572194936,-102.94023984936338,40.958886092982794,29.135798729551404,1756989315.59196
"(465, 234)",40.958878,29.1357581,5.006,-0.09877948310730039,-0.015400125572194936,-102.94023984936338,40.958886306168296,29.135798664326327,1756989315.6962178
"(465, 233)",40.958878,29.1357581,5.007,0.21751507142208554,-0.013634043091597277,-102.94888003866345,40.95888676978222,29.135798542340925,1756989315.7991142
"(465, 233)",40.958878,29.1357581,5.007,0.031607877658050905,-0.012046351778556594,-102.95699430339742,40.95888663132976,29.135798581660673,1756989315.9046206
"(465, 234)",40.958878,29.1357581,5.007,0.031607877658050905,-0.012046351778556594,-102.95699430339742,40.95888641800194,29.135798646538635,1756989316.0083284
"(465, 235)",40.958878,29.1357581,5.007,0.031607877658050905,-0.012046351778556594,-102.95699430339742,40.95888620467526,29.13579871141625,1756989316.1139195
"(465, 236)",40.958878,29.1357581,5.008,-0.11120581835305517,-0.016322251135946243,-102.96771770039433,40.958885887896706,29.135798807371852,1756989316.2209806
"(465, 235)",40.958878,29.1357581,5.008,-0.11120581835305517,-0.016322251135946243,-102.96771770039433,40.958886101135505,29.135798741942285,1756989316.3200002
"(465, 235)",40.958878,29.1357581,5.008,-0.11120581835305517,-0.016322251135946243,-102.96771770039433,40.958886101135505,29.135798741942285,1756989316.4236383
"(465, 234)",40.958878,29.1357581,5.008,0.19624152677736847,-0.01199491108260661,-102.96685709655891,40.95888655168281,29.135798618024474,1756989316.5279891
"(465, 233)",40.958878,29.1357581,5.008,0.19624152677736847,-0.01199491108260661,-102.96685709655891,40.95888676518578,29.13579855364521,1756989316.6328678
"(465, 234)",40.958878,29.1357581,5.007,0.10783788142179096,-0.014830199980315593,-102.976542304802,40.95888648631461,29.135798622373606,1756989316.7389643
"(465, 234)",40.958878,29.1357581,5.007,0.10783788142179096,-0.014830199980315593,-102.976542304802,40.95888648631461,29.135798622373606,1756989316.847548
"(465, 235)",40.958878,29.1357581,5.007,0.10783788142179096,-0.014830199980315593,-102.976542304802,40.95888627294995,29.135798687085067,1756989316.9504476
"(465, 235)",40.958878,29.1357581,5.007,-0.13042067461282164,-0.00811686607555357,-102.97792200301433,40.95888609249051,29.13579874851517,1756989317.0566843
"(465, 235)",40.958878,29.1357581,5.007,-0.13042067461282164,-0.00811686607555357,-102.97792200301433,40.95888609249051,29.13579874851517,1756989317.1606662
"(465, 234)",40.958878,29.1357581,5.007,-0.13042067461282164,-0.00811686607555357,-102.97792200301433,40.958886305680274,29.135798682977228,1756989317.2632515
"(465, 234)",40.958878,29.1357581,5.006,0.15174477866565267,-0.015587530555073814,-102.99520238161446,40.95888652814817,29.135798600192075,1756989317.3662305
"(465, 233)",40.958878,29.1357581,5.006,0.16467116513395305,-0.017483526702140553,-102.99867211771283,40.958886752760435,29.135798529300324,1756989317.4702718
"(465, 234)",40.958878,29.1357581,5.006,0.16467116513395305,-0.017483526702140553,-102.99867211771283,40.95888653941149,29.135798593913787,1756989317.5717936
"(465, 234)",40.958878,29.1357581,5.006,0.16467116513395305,-0.017483526702140553,-102.99867211771283,40.95888653941149,29.135798593913787,1756989317.6764915
"(465, 235)",40.958878,29.1357582,5.005,-0.10932867025974542,-0.020891719394330845,-102.99923902341395,40.95888611333452,29.13579880437266,1756989317.7819452
"(465, 235)",40.958878,29.1357582,5.005,-0.10932867025974542,-0.020891719394330845,-102.99923902341395,40.95888611333452,29.13579880437266,1756989317.8832283
"(465, 235)",40.958878,29.1357582,5.005,-0.10932867025974542,-0.020891719394330845,-102.99923902341395,40.95888611333452,29.13579880437266,1756989317.9897053
"(465, 234)",40.958878,29.1357582,5.005,0.1009405176080954,-0.028512384566380222,-103.01001023173505,40.95888649163988,29.13579868041012,1756989318.0919297
"(465, 234)",40.958878,29.1357582,5.005,0.1009405176080954,-0.028512384566380222,-103.01001023173505,40.95888649163988,29.13579868041012,1756989318.1934278
"(465, 233)",40.958878,29.1357582,5.004,0.2400820831408738,-0.025986363499339308,-103.01060445819284,40.958886811262715,29.135798582266656,1756989318.2977328
"(465, 234)",40.958878,29.1357582,5.004,0.2400820831408738,-0.025986363499339308,-103.01060445819284,40.958886597966035,29.135798646650315,1756989318.4002736
"(465, 234)",40.958878,29.1357582,5.004,0.2400820831408738,-0.025986363499339308,-103.01060445819284,40.958886597966035,29.135798646650315,1756989318.5042477
"(465, 235)",40.958878,29.1357582,5.004,-0.061356643191069135,-0.02359778331407837,-103.01951785505972,40.95888615862915,29.13579877791691,1756989318.6078956
"(465, 235)",40.958878,29.1357582,5.004,-0.061356643191069135,-0.02359778331407837,-103.01951785505972,40.95888615862915,29.13579877791691,1756989318.710682
"(465, 235)",40.958878,29.1357582,5.004,-0.061356643191069135,-0.02359778331407837,-103.01951785505972,40.95888615862915,29.13579877791691,1756989318.8152094
"(465, 234)",40.958878,29.1357582,5.004,0.15019690038521177,-0.02891693987257125,-103.02640951593226,40.95888653644353,29.135798658054114,1756989318.91796
"(465, 233)",40.958878,29.1357582,5.004,0.2929595133848349,-0.004803308022201654,-103.03000219543569,40.95888686836612,29.13579859934866,1756989319.0236936
"(465, 233)",40.958878,29.1357582,5.004,0.2929595133848349,-0.004803308022201654,-103.03000219543569,40.95888686836612,29.13579859934866,1756989319.1301744
"(465, 234)",40.958878,29.1357582,5.004,0.2929595133848349,-0.004803308022201654,-103.03000219543569,40.958886654983814,29.135798663665003,1756989319.2358341
"(465, 234)",40.958878,29.1357582,5.004,-0.018032571525273097,-0.006900867704074832,-103.03639525249882,40.95888641865134,29.135798725144422,1756989319.342557
"(465, 235)",40.958878,29.1357582,5.004,-0.018032571525273097,-0.006900867704074832,-103.03639525249882,40.958886205547124,29.135798790547952,1756989319.4432778
"(465, 235)",40.958878,29.1357582,5.004,-0.018032571525273097,-0.006900867704074832,-103.03639525249882,40.958886205547124,29.135798790547952,1756989319.545676
"(465, 235)",40.9588779,29.1357582,5.003,0.055048356512860726,-0.010518705598994526,-103.03461257312544,40.958886158047534,29.135798761463576,1756989319.6485844
"(465, 234)",40.9588779,29.1357582,5.003,0.055048356512860726,-0.010518705598994526,-103.03461257312544,40.95888637116032,29.135798696334234,1756989319.7491257
"(465, 233)",40.9588779,29.1357582,5.002,0.2725413832325958,-0.008666996458537107,-103.04511057387975,40.95888675603578,29.13579857849903,1756989319.852291
"(465, 233)",40.9588779,29.1357582,5.002,0.2725413832325958,-0.008666996458537107,-103.04511057387975,40.95888675603578,29.13579857849903,1756989319.9560928
"(465, 233)",40.9588779,29.1357582,5.002,0.2725413832325958,-0.008666996458537107,-103.04511057387975,40.95888675603578,29.13579857849903,1756989320.059559
"(465, 234)",40.9588779,29.1357582,5.002,-0.040745530179297426,-0.007875002173483076,-103.05080695164754,40.95888630526113,29.135798709536786,1756989320.1649618
"(465, 235)",40.9588779,29.1357582,5.002,-0.040745530179297426,-0.007875002173483076,-103.05080695164754,40.95888609227532,29.13579877506188,1756989320.2665422
"(465, 235)",40.9588779,29.1357582,5.002,-0.040745530179297426,-0.007875002173483076,-103.05080695164754,40.95888609227532,29.13579877506188,1756989320.3695376
"(465, 234)",40.9588779,29.1357582,5.001,-0.005302777694827069,-0.009626373733949424,-103.04005623389394,40.95888632457081,29.135798693299915,1756989320.4720745
"(465, 233)",40.9588779,29.1357582,5.001,0.2477583886747483,-0.015183904061228415,-103.04713914006324,40.958886734406065,29.135798565314207,1756989320.5764434
"(465, 232)",40.9588779,29.1357582,5.001,0.2477583886747483,-0.015183904061228415,-103.04713914006324,40.9588869475879,29.135798500804025,1756989320.6776474
"(466, 232)",40.9588779,29.1357582,5.001,0.2477583886747483,-0.015183904061228415,-103.04713914006324,40.95888699693521,29.135798782800727,1756989320.7840354
"(465, 233)",40.9588779,29.1357582,5.001,-0.021324656004153127,-0.006265422488715617,-103.05310189520867,40.95888653313249,29.13579863380469,1756989320.8856363
"(465, 234)",40.9588779,29.1357582,5.001,-0.021324656004153127,-0.006265422488715617,-103.05310189520867,40.9588863201722,29.13579869926275,1756989320.986762
"(465, 235)",40.9588779,29.1357582,5.001,-0.021324656004153127,-0.006265422488715617,-103.05310189520867,40.95888610721113,29.13579876472105,1756989321.0926023
"(465, 234)",40.9588779,29.1357582,5.001,-0.035525007822319744,-0.00536890263048192,-103.0567150652796,40.95888631144707,29.1357987029559,1756989321.1947353
"(465, 234)",40.9588779,29.1357582,5.001,-0.035525007822319744,-0.00536890263048192,-103.0567150652796,40.95888631144707,29.1357987029559,1756989321.295334
"(466, 233)",40.9588779,29.1357582,5.001,0.22949048745059386,-0.012317494947360895,-103.05885291448982,40.95888677679247,29.13579885303191,1756989321.4008455
"(466, 232)",40.9588779,29.1357582,5.001,0.22949048745059386,-0.012317494947360895,-103.05885291448982,40.958886989955964,29.13579878840555,1756989321.502237
"(466, 233)",40.9588779,29.1357582,5.001,0.22949048745059386,-0.012317494947360895,-103.05885291448982,40.95888677679247,29.13579885303191,1756989321.6051526
"(466, 234)",40.9588779,29.1357582,5.001,0.015321641762752598,0.00016290687983020548,-103.06035555610723,40.95888640340727,29.135798981755883,1756989321.7097502
"(466, 234)",40.9588779,29.1357582,5.001,0.015321641762752598,0.00016290687983020548,-103.06035555610723,40.95888640340727,29.135798981755883,1756989321.8126743
"(465, 235)",40.9588779,29.1357582,5.001,0.015321641762752598,0.00016290687983020548,-103.06035555610723,40.95888614099678,29.13579876509008,1756989321.915588
"(465, 235)",40.9588779,29.1357582,5.001,-0.09492198036108362,-0.004349084184010941,-103.0642077827991,40.95888605722716,29.135798781565708,1756989322.0178764
"(465, 234)",40.9588779,29.1357582,5.001,0.23696303456770515,-0.015851099817820936,-103.07943227445907,40.958886529953205,29.135798624655386,1756989322.121344
"(466, 233)",40.9588779,29.1357582,5.001,0.23696303456770515,-0.015851099817820936,-103.07943227445907,40.958886792552676,29.13579884189989,1756989322.22574
"(466, 233)",40.9588779,29.1357582,5.001,0.23696303456770515,-0.015851099817820936,-103.07943227445907,40.958886792552676,29.13579884189989,1756989322.3278027
"(466, 233)",40.9588779,29.1357582,5.001,0.04520235867980967,-0.007386948805204634,-103.07193272675039,40.9588866434439,29.13579889632025,1756989322.4317317
"(466, 234)",40.9588779,29.1357582,5.001,0.04520235867980967,-0.007386948805204634,-103.07193272675039,40.95888643044648,29.135798961642745,1756989322.5330749
"(465, 235)",40.9588779,29.1357582,5.001,0.04520235867980967,-0.007386948805204634,-103.07193272675039,40.95888616800779,29.135798744987156,1756989322.6373124
"(466, 235)",40.9588779,29.1357582,5.001,-0.12049391512892048,0.0014451616610183303,-103.07312117966597,40.958886093447404,29.135799076258184,1756989322.7418466
"(466, 235)",40.9588779,29.1357582,5.001,-0.12049391512892048,0.0014451616610183303,-103.07312117966597,40.958886093447404,29.135799076258184,1756989322.844806
"(466, 234)",40.9588779,29.1357582,5.001,0.18940365364453945,0.014271156667372652,-103.08404265214882,40.95888655391742,29.13579896141836,1756989322.9458945
"(466, 233)",40.9588779,29.1357582,5.001,0.18940365364453945,0.014271156667372652,-103.08404265214882,40.95888676708633,29.135798896512252,1756989323.0472796
"(466, 233)",40.9588779,29.1357582,5.001,0.18940365364453945,0.014271156667372652,-103.08404265214882,40.95888676708633,29.135798896512252,1756989323.150423
"(466, 234)",40.9588779,29.1357582,5.0,0.06700670373855062,0.011767174466338935,-103.07754714224814,40.958886453931825,29.135798976783835,1756989323.2567728
"(466, 235)",40.9588779,29.1357582,5.0,0.06700670373855062,0.011767174466338935,-103.07754714224814,40.958886240914985,29.135799042060995,1756989323.357728
"(466, 236)",40.9588779,29.1357582,5.0,0.06700670373855062,0.011767174466338935,-103.07754714224814,40.958886027900576,29.13579910733741,1756989323.4579513
"(466, 236)",40.9588779,29.1357582,5.0,-0.17256981200161,0.00833267153862021,-103.08096223683314,40.95888584520648,29.13579915459937,1756989323.5622647
"(466, 235)",40.958878,29.1357582,5.001,0.09076584360166393,0.0026756574049964024,-103.08492374655175,40.9588863622349,29.13579902985647,1756989323.6697013
"(466, 235)",40.958878,29.1357582,5.001,0.09076584360166393,0.0026756574049964024,-103.08492374655175,40.9588863622349,29.13579902985647,1756989323.7742312
"(466, 234)",40.958878,29.1357582,5.001,0.09076584360166393,0.0026756574049964024,-103.08492374655175,40.958886575283515,29.135798964618857,1756989323.8777447
"(466, 234)",40.958878,29.1357582,5.001,0.06977242342430331,-0.0029408358309635113,-103.08468468993081,40.95888655743211,29.135798960624314,1756989323.982081
"(466, 235)",40.958878,29.1357582,5.001,0.06977242342430331,-0.0029408358309635113,-103.08468468993081,40.95888634441542,29.135799025928304,1756989324.0833867
"(466, 235)",40.958878,29.1357582,5.001,0.06977242342430331,-0.0029408358309635113,-103.08468468993081,40.95888634441542,29.135799025928304,1756989324.190961
"(466, 236)",40.958878,29.1357582,5.001,-0.1762365963894887,0.00020586949247816926,-103.09275797352976,40.958885948110236,29.135799149095853,1756989324.2985797
"(466, 236)",40.958878,29.1357582,5.001,-0.1762365963894887,0.00020586949247816926,-103.09275797352976,40.958885948110236,29.135799149095853,1756989324.3980398
"(466, 236)",40.958878,29.1357582,5.001,0.025752626288411403,-0.011506523375234274,-103.09816748335241,40.95888610254234,29.135799085410987,1756989324.4999557
"(466, 235)",40.958878,29.1357582,5.001,0.025752626288411403,-0.011506523375234274,-103.09816748335241,40.95888631548779,29.13579901989669,1756989324.6028
"(466, 235)",40.958878,29.1357582,5.001,0.025752626288411403,-0.011506523375234274,-103.09816748335241,40.95888631548779,29.13579901989669,1756989324.708363
"(466, 235)",40.958878,29.1357582,5.0,0.17488320507762126,-0.006066321473893754,-103.09443820006558,40.95888642777351,29.135798988404908,1756989324.811015
"(466, 235)",40.958878,29.1357582,5.0,0.17488320507762126,-0.006066321473893754,-103.09443820006558,40.95888642777351,29.135798988404908,1756989324.9172032
"(466, 236)",40.958878,29.1357582,5.0,0.17488320507762126,-0.006066321473893754,-103.09443820006558,40.958886214735244,29.13579905337879,1756989325.019222
"(466, 237)",40.958878,29.1357582,4.999,-0.11390312942540196,-0.0032885770450066256,-103.10367261582344,40.95888578480901,29.135799177500903,1756989325.123277
"(466, 237)",40.958878,29.1357582,4.998,0.019015686876351846,-0.0005336307278558121,-103.10238854025948,40.958885885008826,29.135799143761403,1756989325.228755
"(466, 236)",40.958878,29.1357582,4.998,0.019015686876351846,-0.0005336307278558121,-103.10238854025948,40.958886097845905,29.135799078233756,1756989325.330902
"(466, 236)",40.958878,29.1357582,4.998,0.019015686876351846,-0.0005336307278558121,-103.10238854025948,40.958886097845905,29.135799078233756,1756989325.4336727
"(466, 235)",40.958878,29.1357582,4.997,0.21680821354405533,-0.004994227734383045,-103.10354967241838,40.95888646007538,29.13579895475054,1756989325.5382812
"(466, 235)",40.958878,29.1357582,4.997,0.21680821354405533,-0.004994227734383045,-103.10354967241838,40.95888646007538,29.13579895475054,1756989325.6442637
"(466, 236)",40.958878,29.1357582,4.997,0.21680821354405533,-0.004994227734383045,-103.10354967241838,40.95888624713626,29.13579901958703,1756989325.744661
"(466, 237)",40.958878,29.1357582,4.997,-0.09679257840970104,-0.008242046467618579,-103.1109945786137,40.95888579737326,29.135799148398913,1756989325.8506014
"(466, 237)",40.958878,29.1357582,4.997,-0.09679257840970104,-0.008242046467618579,-103.1109945786137,40.95888579737326,29.135799148398913,1756989325.9522808
"(466, 237)",40.958878,29.1357582,4.997,0.03640226357889657,-0.004329691682801794,-103.10719699343517,40.95888589828209,29.13579912502784,1756989326.0552285
"(466, 237)",40.958878,29.1357582,4.997,0.03640226357889657,-0.004329691682801794,-103.10719699343517,40.95888589828209,29.13579912502784,1756989326.1589322
"(466, 236)",40.958878,29.1357582,4.997,0.03640226357889657,-0.004329691682801794,-103.10719699343517,40.958886111075365,29.13579905955279,1756989326.263719
"(466, 235)",40.958878,29.1357582,4.997,0.25684774295402213,0.004148939714386066,-103.1048405781715,40.95888649407514,29.135798959751273,1756989326.3671057
"(466, 235)",40.958878,29.1357582,4.997,0.25684774295402213,0.004148939714386066,-103.1048405781715,40.95888649407514,29.135798959751273,1756989326.4669373
"(466, 236)",40.958878,29.1357582,4.997,0.25684774295402213,0.004148939714386066,-103.1048405781715,40.95888628108061,29.135799024463786,1756989326.5717125
"(466, 237)",40.958878,29.1357582,4.997,-0.04176666680558747,0.002315284676558062,-103.10904114451107,40.958885841304536,29.13579915235877,1756989326.6734586
"(466, 237)",40.958878,29.1357582,4.997,0.013187319371409352,0.0038424074611919717,-103.10899333318687,40.958885883740976,29.135799142318657,1756989326.7784274
"(466, 237)",40.958878,29.1357582,4.997,0.013187319371409352,0.0038424074611919717,-103.10899333318687,40.958885883740976,29.135799142318657,1756989326.8804486
"(466, 237)",40.958878,29.1357582,4.997,0.013187319371409352,0.0038424074611919717,-103.10899333318687,40.958885883740976,29.135799142318657,1756989326.9865823
"(466, 236)",40.958878,29.1357582,4.997,0.2722975508153116,0.006025846850094475,-103.11087163520864,40.958886296695695,29.135799022785335,1756989327.0883431
"(466, 235)",40.958878,29.1357582,4.997,0.2722975508153116,0.006025846850094475,-103.11087163520864,40.95888650970259,29.135798958094725,1756989327.1913188
"(466, 235)",40.958878,29.1357582,4.997,0.2722975508153116,0.006025846850094475,-103.11087163520864,40.95888650970259,29.135798958094725,1756989327.295286
"(466, 236)",40.958878,29.1357582,4.997,0.04676447096775919,0.01451501910013657,-103.11380178636257,40.9588861278172,29.135799084618814,1756989327.4004745
"(466, 237)",40.958878,29.1357582,4.997,0.04676447096775919,0.01451501910013657,-103.11380178636257,40.95888591497214,29.13579915010583,1756989327.5028794
"(466, 237)",40.958878,29.1357582,4.998,-0.010513968155773821,0.014857992647038397,-103.11399303165933,40.958885872914564,29.135799171663574,1756989327.6072564
"(466, 237)",40.958878,29.1357582,4.998,-0.010513968155773821,0.014857992647038397,-103.11399303165933,40.958885872914564,29.135799171663574,1756989327.7098484
"(466, 236)",40.958878,29.1357582,4.998,-0.010513968155773821,0.014857992647038397,-103.11399303165933,40.95888608576035,29.135799105964253,1756989327.8163772
"(466, 235)",40.9588779,29.1357582,4.998,0.3016402302526715,0.016239018210596628,-103.11848046594403,40.95888644091558,29.1357989739431,1756989327.9211047
"(466, 235)",40.9588779,29.1357582,4.998,0.3016402302526715,0.016239018210596628,-103.11848046594403,40.95888644091558,29.1357989739431,1756989328.0231876
"(466, 235)",40.9588779,29.1357582,4.998,0.3016402302526715,0.016239018210596628,-103.11848046594403,40.95888644091558,29.1357989739431,1756989328.127473
"(466, 236)",40.9588779,29.1357582,4.998,0.18839217199756933,0.021987701286906743,-103.11568691857349,40.95888614109405,29.13579907260843,1756989328.228917
"(466, 236)",40.9588779,29.1357582,4.998,-0.026398956283997,0.02904434224390116,-103.12066612647843,40.958885981136305,29.13579912978328,1756989328.3330941
"(467, 236)",40.9588779,29.1357582,4.998,-0.026398956283997,0.02904434224390116,-103.12066612647843,40.95888603077684,29.135799411782443,1756989328.4332035
"(466, 236)",40.9588779,29.1357582,4.998,-0.026398956283997,0.02904434224390116,-103.12066612647843,40.958885981136305,29.13579912978328,1756989328.5366077
"(466, 235)",40.9588779,29.1357582,4.998,0.2431104182641282,0.014121424446634627,-103.12990054223629,40.95888640152428,29.135798981063804,1756989328.6373234
"(466, 234)",40.9588779,29.1357582,4.998,0.2431104182641282,0.014121424446634627,-103.12990054223629,40.95888661456407,29.13579891615715,1756989328.7386866
"(466, 234)",40.9588779,29.1357582,4.998,0.2431104182641282,0.014121424446634627,-103.12990054223629,40.95888661456407,29.13579891615715,1756989328.8439903
"(466, 235)",40.9588779,29.1357582,4.997,0.24364720176378243,0.01152374892555806,-103.11610356011286,40.95888639208486,29.135798971559034,1756989328.9455671
"(467, 235)",40.9588779,29.1357582,4.997,0.24364720176378243,0.01152374892555806,-103.11610356011286,40.958886441682054,29.135799253418476,1756989329.047866
"(467, 236)",40.9588779,29.1357582,4.997,-0.06044447943154187,0.021540952553819027,-103.12630786273286,40.95888600404283,29.13579939859779,1756989329.1548126
"(467, 236)",40.9588779,29.1357582,4.997,-0.06044447943154187,0.021540952553819027,-103.12630786273286,40.95888600404283,29.13579939859779,1756989329.2580724
"(466, 235)",40.9588779,29.1357582,4.997,-0.06044447943154187,0.021540952553819027,-103.12630786273286,40.958886167172835,29.13579905079299,1756989329.363774
"(466, 234)",40.9588779,29.1357582,4.997,0.14822484334492925,0.01658431128707255,-103.12788563643113,40.958886539564354,29.135798932312134,1756989329.4644685
"(467, 233)",40.9588779,29.1357582,4.997,0.14822484334492925,0.01658431128707255,-103.12788563643113,40.958886802142615,29.135799148974762,1756989329.5684142
"(467, 233)",40.9588779,29.1357582,4.997,0.14822484334492925,0.01658431128707255,-103.12788563643113,40.958886802142615,29.135799148974762,1756989329.6774952
"(467, 233)",40.9588779,29.1357582,4.997,0.2402000106257623,0.005502091736178832,-103.1301464290464,40.95888687087499,29.135799112428366,1756989329.7799883
"(466, 234)",40.9588779,29.1357582,4.997,-0.04510578554123738,0.0016751305743720726,-103.13334295757798,40.95888638986419,29.135798950064345,1756989329.8855305
"(466, 235)",40.9588779,29.1357582,4.997,-0.04510578554123738,0.0016751305743720726,-103.13334295757798,40.958886177141366,29.13579901595346,1756989330.0335805
"(467, 235)",40.9588779,29.1357582,4.997,-0.04510578554123738,0.0016751305743720726,-103.13334295757798,40.95888622678283,29.135799297687342,1756989330.1406994
"(466, 235)",40.9588779,29.1357582,4.997,0.0077143501544589595,0.0029201411998793325,-103.13141684423204,40.9588862169399,29.135799006663532,1756989330.2428024
"(467, 234)",40.9588779,29.1357582,4.997,0.0077143501544589595,0.0029201411998793325,-103.13141684423204,40.958886479347726,29.135799222715413,1756989330.3432162
"(467, 233)",40.9588779,29.1357582,4.997,0.0077143501544589595,0.0029201411998793325,-103.13141684423204,40.95888669211876,29.13579915701618,1756989330.447135
"(467, 233)",40.9588779,29.1357582,4.997,0.25202811067965253,0.00564288309588602,-103.13151246688041,40.95888688074868,29.135799109895352,1756989330.5473814
"(467, 233)",40.9588779,29.1357582,4.997,0.25202811067965253,0.00564288309588602,-103.13151246688041,40.95888688074868,29.135799109895352,1756989330.6545079
"(466, 234)",40.9588779,29.1357582,4.997,0.25202811067965253,0.00564288309588602,-103.13151246688041,40.95888661810956,29.13579889294857,1756989330.75866
"(467, 235)",40.9588779,29.1357582,4.997,-0.06475870438775695,0.0024815093612151227,-103.14186703366215,40.95888621656644,29.135799301581255,1756989330.861655
"(467, 235)",40.9588779,29.1357582,4.996,-0.02784482362145073,0.0033734950060389287,-103.13189495747393,40.958886238038055,29.135799288554043,1756989330.9657376
"(466, 235)",40.9588779,29.1357582,4.996,-0.02784482362145073,0.0033734950060389287,-103.13189495747393,40.958886188409295,29.135799006861006,1756989331.0725238
"(466, 234)",40.9588779,29.1357582,4.996,-0.02784482362145073,0.0033734950060389287,-103.13189495747393,40.95888640110926,29.135798941050066,1756989331.1731677
"(467, 233)",40.9588779,29.1357582,4.996,0.2327194593807174,0.006645402620860488,-103.1380284673486,40.95888686790947,29.13579910590551,1756989331.2757955
"(467, 233)",40.9588779,29.1357582,4.996,0.2327194593807174,0.006645402620860488,-103.1380284673486,40.95888686790947,29.13579910590551,1756989331.3778696
"(467, 233)",40.9588779,29.1357582,4.996,0.2327194593807174,0.006645402620860488,-103.1380284673486,40.95888686790947,29.13579910590551,1756989331.4825265
"(466, 234)",40.9588779,29.1357582,4.996,-0.025898619914393774,0.012307859978360813,-103.14224952425567,40.958886410696564,29.135798952136003,1756989331.5860827
"(466, 235)",40.9588779,29.1357582,4.996,-0.025898619914393774,0.012307859978360813,-103.14224952425567,40.95888619798043,29.135799017998472,1756989331.6875699
"(467, 236)",40.9588779,29.1357582,4.997,-0.07100347831081218,0.013722457022257249,-103.13665559932544,40.958885999392606,29.13579938708722,1756989331.7908113
"(467, 235)",40.9588779,29.1357582,4.997,-0.07100347831081218,0.013722457022257249,-103.13665559932544,40.958886212125954,29.135799321080402,1756989331.8953319
"(466, 235)",40.9588779,29.1357582,4.997,-0.07100347831081218,0.013722457022257249,-103.13665559932544,40.958886162456785,29.1357990392691,1756989331.9965656
"(467, 234)",40.9588779,29.1357582,4.997,0.20683503011813922,0.008367710442412909,-103.14184654309464,40.958886639409855,29.135799186396927,1756989332.1015697
"(466, 233)",40.9588779,29.1357582,4.997,0.20683503011813922,0.008367710442412909,-103.14184654309464,40.958886802669745,29.135798839514823,1756989332.2048886
"(466, 234)",40.9588779,29.1357582,4.997,0.20683503011813922,0.008367710442412909,-103.14184654309464,40.95888658972117,29.135798904589272,1756989332.3058727
"(466, 235)",40.9588779,29.1357582,4.998,0.007836816646896479,0.01516809757608619,-103.14254322238999,40.95888622813096,29.13579903124215,1756989332.4086642
"(467, 236)",40.9588779,29.1357582,4.998,-0.13501477724244856,0.015768285441661187,-103.14378631681892,40.95888595644164,29.13579941140807,1756989332.516963
"(467, 236)",40.9588779,29.1357582,4.998,-0.13501477724244856,0.015768285441661187,-103.14378631681892,40.95888595644164,29.13579941140807,1756989332.616225
"(467, 236)",40.9588779,29.1357582,4.998,-0.13501477724244856,0.015768285441661187,-103.14378631681892,40.95888595644164,29.13579941140807,1756989332.7229097
"(466, 235)",40.9588779,29.1357582,4.998,0.17729667643322905,0.028319498423393475,-103.14298035449686,40.95888636207198,29.13579901424968,1756989332.8278956
"(466, 234)",40.9588779,29.1357582,4.998,0.17729667643322905,0.028319498423393475,-103.14298035449686,40.958886575082666,29.135798949041686,1756989332.931449
"(466, 234)",40.9588779,29.1357582,4.998,0.17729667643322905,0.028319498423393475,-103.14298035449686,40.958886575082666,29.135798949041686,1756989333.0344708
"(466, 235)",40.9588779,29.1357582,4.998,0.077181671229673,0.03014378925686165,-103.14275495825426,40.9588862856514,29.135799038797714,1756989333.1378815
"(467, 236)",40.9588779,29.1357582,4.998,0.077181671229673,0.03014378925686165,-103.14275495825426,40.958886122447886,29.135799386340327,1756989333.241739
"(466, 237)",40.9588779,29.1357582,4.998,-0.12957553208452513,0.027484941354289152,-103.14619054340677,40.95888570268551,29.13579921194792,1756989333.343775
"(467, 237)",40.9588779,29.1357582,4.998,-0.12957553208452513,0.027484941354289152,-103.14619054340677,40.95888575241711,29.13579949390097,1756989333.4481742
"(467, 236)",40.9588779,29.1357582,4.998,-0.12957553208452513,0.027484941354289152,-103.14619054340677,40.95888596518086,29.13579942761771,1756989333.5522676
"(467, 236)",40.9588779,29.1357582,4.998,0.1468018561406791,0.021204590750095693,-103.14712627932306,40.958886175662954,29.135799356511395,1756989333.6566439
"(467, 235)",40.9588779,29.1357582,4.998,0.1468018561406791,0.021204590750095693,-103.14712627932306,40.95888638862142,29.135799291189148,1756989333.7583728
"(467, 235)",40.9588779,29.1357582,4.998,0.1468018561406791,0.021204590750095693,-103.14712627932306,40.95888638862142,29.135799291189148,1756989333.8587208
"(467, 236)",40.9588779,29.1357582,4.998,0.09685461707129311,0.01180843741336334,-103.14931877004663,40.95888613593153,29.135799352784204,1756989333.9640563
"(466, 237)",40.958878,29.1357582,4.998,-0.1930467724941611,0.005074384489939841,-103.14958514742426,40.958885749818506,29.135799191740013,1756989334.0683827
"(467, 237)",40.958878,29.1357582,4.998,-0.1930467724941611,0.005074384489939841,-103.14958514742426,40.95888579953327,29.1357994735285,1756989334.1744835
"(466, 237)",40.958878,29.1357582,4.998,-0.1930467724941611,0.005074384489939841,-103.14958514742426,40.958885749818506,29.135799191740013,1756989334.277622
"(466, 237)",40.958878,29.1357582,4.998,0.0339057694062974,0.004321098084196408,-103.15045258144886,40.95888592367959,29.135799139003392,1756989334.3827958
"(467, 236)",40.958878,29.1357582,4.998,0.0339057694062974,0.004321098084196408,-103.15045258144886,40.958886186218926,29.135799355084558,1756989334.484414
"(467, 235)",40.958878,29.1357582,4.998,0.0339057694062974,0.004321098084196408,-103.15045258144886,40.9588863990398,29.1357992893684,1756989334.588377
"(467, 235)",40.958878,29.1357582,4.998,0.1570889614641513,0.010012062643590277,-103.14970126064016,40.958886494725526,29.13579927139965,1756989334.6948688
"(467, 236)",40.958878,29.1357582,4.998,0.1570889614641513,0.010012062643590277,-103.14970126064016,40.958886281790804,29.135799336689878,1756989334.7960854
"(467, 237)",40.958878,29.1357582,4.998,-0.1687805244357074,0.005271179315400833,-103.15934548774821,40.95888582345222,29.135799466535943,1756989334.8995872
"(467, 237)",40.958878,29.1357582,4.998,-0.1687805244357074,0.005271179315400833,-103.15934548774821,40.95888582345222,29.135799466535943,1756989335.003549
"(466, 237)",40.958878,29.1357582,4.998,-0.1687805244357074,0.005271179315400833,-103.15934548774821,40.9588857737007,29.135799184755935,1756989335.1023824
"(467, 237)",40.958878,29.1357582,4.998,0.033868186690595804,0.007777516064068355,-103.15084873242071,40.95888597454621,29.135799426007875,1756989335.2051601
"(467, 236)",40.958878,29.1357582,4.998,0.033868186690595804,0.007777516064068355,-103.15084873242071,40.958886187374674,29.135799360287187,1756989335.3062487
"(466, 236)",40.958878,29.1357582,4.998,0.033868186690595804,0.007777516064068355,-103.15084873242071,40.95888613764876,29.135799078465745,1756989335.4076936
"(466, 236)",40.958878,29.1357582,4.998,0.18976548024777823,0.01077575316500241,-103.15479658176099,40.95888626006481,29.135799047834283,1756989335.5114665
"(466, 237)",40.958878,29.1357582,4.998,-0.08300395392985929,0.013743700478051043,-103.1523786947948,40.95888583787336,29.135799179381692,1756989335.6140723
"(466, 237)",40.958878,29.1357582,4.998,-0.08300395392985929,0.013743700478051043,-103.1523786947948,40.95888583787336,29.135799179381692,1756989335.7158275
"(466, 238)",40.958878,29.1357582,4.998,-0.08300395392985929,0.013743700478051043,-103.1523786947948,40.958885625114256,29.13579924552052,1756989335.8194716
"(466, 237)",40.958878,29.1357582,4.998,-0.029524843383968914,0.017702429595964835,-103.15401111000644,40.9588858807624,29.135799172988694,1756989335.9233093
"(466, 237)",40.958878,29.1357582,4.998,-0.029524843383968914,0.017702429595964835,-103.15401111000644,40.9588858807624,29.135799172988694,1756989336.0254211
"(466, 236)",40.958878,29.1357582,4.998,-0.029524843383968914,0.017702429595964835,-103.15401111000644,40.9588860935669,29.13579910702448,1756989336.126481
"(466, 236)",40.958878,29.1357582,4.998,0.2337652253756698,0.012357995834704955,-103.15911326131643,40.95888629655922,29.135799039741695,1756989336.2322967
"(466, 236)",40.958878,29.1357582,4.998,0.2337652253756698,0.012357995834704955,-103.15911326131643,40.95888629655922,29.135799039741695,1756989336.3321588
"(466, 237)",40.958878,29.1357582,4.998,-0.06572894476554916,0.02141790409457967,-103.15718031778133,40.95888585579899,29.135799186251973,1756989336.4390593
"(466, 237)",40.958878,29.1357582,4.998,-0.06572894476554916,0.02141790409457967,-103.15718031778133,40.95888585579899,29.135799186251973,1756989336.5423741
"(466, 237)",40.958878,29.1357582,4.998,-0.06572894476554916,0.02141790409457967,-103.15718031778133,40.95888585579899,29.135799186251973,1756989336.6456246
"(466, 237)",40.958878,29.1357582,4.998,-0.08089365225995014,0.025514922031576407,-103.15927718585651,40.95888584645964,29.135799195534332,1756989336.7467384
"(466, 237)",40.958878,29.1357582,4.998,-0.08089365225995014,0.025514922031576407,-103.15927718585651,40.95888584645964,29.135799195534332,1756989336.8492117
"(466, 236)",40.958878,29.1357582,4.998,-0.08089365225995014,0.025514922031576407,-103.15927718585651,40.958886059242346,29.13579912936011,1756989336.953232
"(466, 235)",40.958878,29.1357582,4.998,0.19475636083928738,0.013830025831578338,-103.16586148821641,40.958886483665836,29.13579898400967,1756989337.0557225
"(466, 236)",40.958878,29.1357582,4.998,-0.008862407236876247,0.01054671921299883,-103.15689344983618,40.95888610895029,29.135799091024733,1756989337.1616564
"(466, 236)",40.958878,29.1357582,4.998,-0.008862407236876247,0.01054671921299883,-103.15689344983618,40.95888610895029,29.135799091024733,1756989337.2613053
"(466, 237)",40.958878,29.1357582,4.998,-0.008862407236876247,0.01054671921299883,-103.15689344983618,40.95888589615187,29.135799156925835,1756989337.3691933
"(466, 237)",40.958878,29.1357582,4.998,-0.14078088430475416,0.021593904862679807,-103.16044514820459,40.958885800197514,29.135799202975313,1756989337.4757566
"(466, 237)",40.958878,29.1357582,4.998,-0.14078088430475416,0.021593904862679807,-103.16044514820459,40.958885800197514,29.135799202975313,1756989337.5783286
"(466, 236)",40.958878,29.1357582,4.998,-0.14078088430475416,0.021593904862679807,-103.16044514820459,40.95888601292516,29.135799136591313,1756989337.6846478
"(466, 236)",40.958878,29.1357582,4.998,0.15506618493319616,0.01942732416823747,-103.15982360099011,40.95888623860648,29.135799067645326,1756989337.7925208
"(466, 235)",40.958878,29.1357582,4.998,0.15506618493319616,0.01942732416823747,-103.15982360099011,40.95888645155492,29.13579900228705,1756989337.8942115
"(466, 236)",40.958878,29.1357582,4.998,0.06600950945994198,0.011637650167343291,-103.15871711034457,40.95888616758833,29.1357990757164,1756989338.0006523
"(466, 236)",40.958878,29.1357582,4.998,0.06600950945994198,0.011637650167343291,-103.15871711034457,40.95888616758833,29.1357990757164,1756989338.1079688
"(466, 237)",40.958878,29.1357582,4.998,0.06600950945994198,0.011637650167343291,-103.15871711034457,40.958885954732665,29.135799141368675,1756989338.2100356
"(466, 237)",40.958878,29.1357582,4.997,-0.16752486352590934,0.009952407711348426,-103.16860039407358,40.95888577939086,29.135799181714823,1756989338.3134594
"(466, 237)",40.958878,29.1357582,4.997,-0.16752486352590934,0.009952407711348426,-103.16860039407358,40.95888577939086,29.135799181714823,1756989338.416343
"(466, 236)",40.958878,29.1357582,4.997,-0.16752486352590934,0.009952407711348426,-103.16860039407358,40.95888599201876,29.135799115221133,1756989338.5215025
"(467, 236)",40.958878,29.1357582,4.997,0.13821713544719286,0.014139393713845578,-103.16315673330509,40.958886274131864,29.135799336333942,1756989338.625468
"(466, 235)",40.958878,29.1357582,4.997,0.10979232938061953,0.01884811378795514,-103.16739828077966,40.9588864190492,29.135799001608476,1756989338.7331204
"(466, 236)",40.958878,29.1357582,4.997,0.10979232938061953,0.01884811378795514,-103.16739828077966,40.95888620618754,29.135799067146227,1756989338.8335347
"(466, 237)",40.958878,29.1357582,4.997,0.10979232938061953,0.01884811378795514,-103.16739828077966,40.95888599332985,29.135799132682752,1756989338.9376578
"(466, 237)",40.958878,29.1357582,4.997,-0.15135571134701317,0.01875651988396821,-103.16406514846469,40.95888579172545,29.135799192217064,1756989339.0449717
"(466, 237)",40.958878,29.1357582,4.997,-0.15135571134701317,0.01875651988396821,-103.16406514846469,40.95888579172545,29.135799192217064,1756989339.147382
"(466, 237)",40.958878,29.1357582,4.997,-0.15135571134701317,0.01875651988396821,-103.16406514846469,40.95888579172545,29.135799192217064,1756989339.2486622
"(466, 237)",40.958878,29.1357582,4.997,0.09170079244537553,0.015812856761564815,-103.16675624299768,40.95888597829544,29.135799132258224,1756989339.3512535
"(466, 236)",40.958878,29.1357582,4.997,0.09170079244537553,0.015812856761564815,-103.16675624299768,40.958886191131974,29.13579906666486,1756989339.4498656
"(467, 236)",40.958878,29.1357582,4.997,0.17432779864030815,0.024043271397016543,-103.16220050682128,40.95888630407654,29.135799343655865,1756989339.555043
"(466, 236)",40.958878,29.1357582,4.997,0.17432779864030815,0.024043271397016543,-103.16220050682128,40.95888625429423,29.135799061775437,1756989339.6561418
"(466, 237)",40.958878,29.1357582,4.997,0.17432779864030815,0.024043271397016543,-103.16220050682128,40.95888604136911,29.13579912706786,1756989339.7606373
"(466, 237)",40.958878,29.1357582,4.997,-0.1530713294685161,0.022628121568034693,-103.16962492244909,40.95888579448304,29.13579919748734,1756989339.8651142
"(466, 238)",40.958878,29.1357582,4.997,-0.1530713294685161,0.022628121568034693,-103.16962492244909,40.95888558180663,29.135799263948307,1756989339.9700272
"(466, 237)",40.958878,29.1357582,4.997,0.059466374998054884,0.012136583313268157,-103.16829303556094,40.95888595343916,29.135799133647104,1756989340.0736473
"(466, 237)",40.958878,29.1357582,4.997,0.059466374998054884,0.012136583313268157,-103.16829303556094,40.95888595343916,29.135799133647104,1756989340.177035
"(466, 236)",40.958878,29.1357582,4.997,0.059466374998054884,0.012136583313268157,-103.16829303556094,40.95888616624035,29.135799067937864,1756989340.2810571
"(466, 236)",40.958878,29.1357582,4.997,0.18405617581337483,0.018970026661543914,-103.16863454501943,40.958886263788706,29.13579905070704,1756989340.3890898
"(467, 236)",40.958878,29.1357582,4.997,0.18405617581337483,0.018970026661543914,-103.16863454501943,40.95888631358841,29.135799332545655,1756989340.4893432
"(466, 237)",40.958878,29.1357582,4.997,-0.14319028689532906,0.019867958081089238,-103.1811474515789,40.95888580750435,29.13579918896525,1756989340.5925245
"(466, 238)",40.958878,29.1357582,4.997,-0.14319028689532906,0.019867958081089238,-103.1811474515789,40.95888559483851,29.135799255446244,1756989340.6969316
"(466, 237)",40.958878,29.1357582,4.997,-0.14319028689532906,0.019867958081089238,-103.1811474515789,40.95888580750435,29.13579918896525,1756989340.8014405
"(467, 237)",40.958878,29.1357582,4.997,0.03656702188230329,0.020302332098886263,-103.16860722426276,40.958885988147784,29.1357994329793,1756989340.9034417
"(466, 237)",40.958878,29.1357582,4.997,0.03656702188230329,0.020302332098886263,-103.16860722426276,40.95888593834987,29.135799151147566,1756989341.0069313
"(467, 236)",40.958878,29.1357582,4.997,0.03656702188230329,0.020302332098886263,-103.16860722426276,40.95888620095361,29.135799367183544,1756989341.1090937
"(467, 236)",40.958878,29.1357582,4.998,0.19624797010035502,0.013682647324710789,-103.17423530013885,40.95888632613945,29.135799328956455,1756989341.2119565
"(467, 236)",40.958878,29.1357582,4.998,-0.08315101644042613,0.020251464198341528,-103.17786896077729,40.958886115916236,29.135799400275573,1756989341.319225
"(466, 237)",40.958878,29.1357582,4.998,-0.08315101644042613,0.020251464198341528,-103.17786896077729,40.95888585332471,29.13579918467799,1756989341.4187853
"(466, 238)",40.958878,29.1357582,4.998,-0.08315101644042613,0.020251464198341528,-103.17786896077729,40.95888564057077,29.135799250948036,1756989341.5255995
"(466, 238)",40.958878,29.1357582,4.998,-0.0176554753804743,0.025760306916174362,-103.1721247716853,40.95888568903517,29.135799245258827,1756989341.6261325
"(466, 237)",40.958878,29.1357582,4.998,-0.0176554753804743,0.025760306916174362,-103.1721247716853,40.958885901854636,29.135799179239758,1756989341.7269151
"(467, 236)",40.958878,29.1357582,4.998,-0.0176554753804743,0.025760306916174362,-103.1721247716853,40.95888616450109,29.13579939513872,1756989341.8283813
"(467, 236)",40.958878,29.1357582,4.997,0.23563949865303005,0.028404885793178552,-103.16944050734149,40.958886356228035,29.13579933543253,1756989341.9331374
"(467, 236)",40.958878,29.1357582,4.997,0.23563949865303005,0.028404885793178552,-103.16944050734149,40.958886356228035,29.13579933543253,1756989342.0342422
"(466, 237)",40.958878,29.1357582,4.997,-0.03819454457073692,0.0203917232001648,-103.1616950728227,40.95888587744494,29.13579916943684,1756989342.1396122
"(467, 237)",40.958878,29.1357582,4.997,-0.03819454457073692,0.0203917232001648,-103.1616950728227,40.95888592721624,29.13579945127182,1756989342.24246
"(467, 237)",40.958878,29.1357582,4.997,-0.03819454457073692,0.0203917232001648,-103.1616950728227,40.95888592721624,29.13579945127182,1756989342.3486936
"(467, 237)",40.958878,29.1357582,4.998,-0.053781900035512184,0.019295896387567613,-103.17603847007972,40.958885924372595,29.135799458758164,1756989342.4528522
"(467, 237)",40.958878,29.1357582,4.998,-0.053781900035512184,0.019295896387567613,-103.17603847007972,40.958885924372595,29.135799458758164,1756989342.5560591
"(467, 236)",40.958878,29.1357582,4.998,-0.053781900035512184,0.019295896387567613,-103.17603847007972,40.958886137144326,29.13579939259903,1756989342.659559
"(467, 236)",40.958878,29.1357582,4.998,0.23271156197448956,0.0196066449819034,-103.17314930006081,40.95888635517651,29.13579933017818,1756989342.76129
"(467, 236)",40.958878,29.1357582,4.998,-0.04219710546048381,0.019419101594312337,-103.17368205481607,40.958886144771384,29.135799390644877,1756989342.866304
"(467, 237)",40.958878,29.1357582,4.998,-0.04219710546048381,0.019419101594312337,-103.17368205481607,40.95888593198867,29.13579945675218,1756989342.9683359
"(467, 237)",40.958878,29.1357582,4.998,-0.04219710546048381,0.019419101594312337,-103.17368205481607,40.95888593198867,29.13579945675218,1756989343.0741968
"(467, 237)",40.958878,29.1357582,4.998,-0.05641231994370715,0.02395145737951144,-103.1746519416782,40.95888592289856,29.135799466712818,1756989343.1762896
"(467, 237)",40.958878,29.1357582,4.998,-0.05641231994370715,0.02395145737951144,-103.1746519416782,40.95888592289856,29.135799466712818,1756989343.2768233
"(467, 237)",40.958878,29.1357582,4.998,-0.05641231994370715,0.02395145737951144,-103.1746519416782,40.95888592289856,29.135799466712818,1756989343.3821864
"(467, 236)",40.958878,29.1357582,4.998,0.2519845949041201,0.029731053064911812,-103.17508224359592,40.95888637386754,29.135799341007722,1756989343.489606
"(467, 235)",40.958878,29.1357582,4.998,0.2519845949041201,0.029731053064911812,-103.17508224359592,40.95888658690995,29.135799275905242,1756989343.5915499
"(467, 236)",40.958878,29.1357582,4.998,0.039404211760396504,0.024988939102052576,-103.17459730016485,40.95888620933688,29.13579938080282,1756989343.695913
"(467, 236)",40.958878,29.1357582,4.998,0.039404211760396504,0.024988939102052576,-103.17459730016485,40.95888620933688,29.13579938080282,1756989343.7987254
"(467, 237)",40.958878,29.1357582,4.998,0.039404211760396504,0.024988939102052576,-103.17459730016485,40.95888599647906,29.13579944663519,1756989343.9066713
"(467, 237)",40.958878,29.1357582,4.998,-0.02750108968239521,0.03901551129762063,-103.18118843271391,40.95888595276331,29.13579948195275,1756989344.0086133
"(467, 237)",40.958878,29.1357582,4.998,-0.02750108968239521,0.03901551129762063,-103.18118843271391,40.95888595276331,29.13579948195275,1756989344.112992
"(467, 236)",40.958878,29.1357582,4.999,0.2846279632578887,0.03499632183209167,-103.17870224385602,40.95888640403618,29.135799349406774,1756989344.2223408
"(467, 235)",40.958878,29.1357582,4.999,0.2846279632578887,0.03499632183209167,-103.17870224385602,40.95888661715893,29.135799284382223,1756989344.3278105
"(467, 235)",40.958878,29.1357582,4.999,0.2846279632578887,0.03499632183209167,-103.17870224385602,40.95888661715893,29.135799284382223,1756989344.4275913
"(467, 236)",40.9588779,29.1357582,4.999,0.14569528545385768,0.025960943723043486,-103.17497979075837,40.958886192924574,29.135799366910547,1756989344.5324326
"(467, 237)",40.9588779,29.1357582,4.999,0.14569528545385768,0.025960943723043486,-103.17497979075837,40.95888597994101,29.13579943238905,1756989344.635482
"(467, 237)",40.9588779,29.1357582,4.999,-0.06708811238974204,0.02778277995727869,-103.17161933768672,40.95888581572761,29.13579948379483,1756989344.7371507
"(467, 237)",40.9588779,29.1357582,4.999,-0.06708811238974204,0.02778277995727869,-103.17161933768672,40.95888581572761,29.13579948379483,1756989344.8443537
"(467, 236)",40.9588779,29.1357582,4.999,-0.06708811238974204,0.02778277995727869,-103.17161933768672,40.95888602855848,29.1357994175908,1756989344.9474995
"(467, 235)",40.9588779,29.1357582,4.998,0.2253100915134287,0.021274973715058557,-103.18624960288889,40.95888647006537,29.135799266575187,1756989345.0516686
"(467, 235)",40.9588779,29.1357582,4.998,0.2253100915134287,0.021274973715058557,-103.18624960288889,40.95888647006537,29.135799266575187,1756989345.1529555
"(467, 235)",40.9588779,29.1357582,4.998,0.2253100915134287,0.021274973715058557,-103.18624960288889,40.95888647006537,29.135799266575187,1756989345.2528858
"(467, 235)",40.9588779,29.1357582,4.998,0.16398802615503277,0.0149582460169335,-103.17573111156707,40.958886415517554,29.135799272322352,1756989345.3566904
"(467, 236)",40.9588779,29.1357582,4.998,-0.11980241183630957,0.026768138347301438,-103.18072397985036,40.958885991227156,29.135799417888116,1756989345.4651256
"(467, 236)",40.9588779,29.1357582,4.998,-0.11980241183630957,0.026768138347301438,-103.18072397985036,40.958885991227156,29.135799417888116,1756989345.5654693
"(467, 236)",40.9588779,29.1357582,4.998,-0.11980241183630957,0.026768138347301438,-103.18072397985036,40.958885991227156,29.135799417888116,1756989345.6715553
"(467, 235)",40.9588779,29.1357582,4.998,0.14471779467017892,0.02920774651566578,-103.17780748907475,40.958886405918705,29.13579929781337,1756989345.7777863
"(467, 235)",40.9588779,29.1357582,4.998,0.14471779467017892,0.02920774651566578,-103.17780748907475,40.958886405918705,29.13579929781337,1756989345.8787317
"(466, 234)",40.9588779,29.1357582,4.998,0.14471779467017892,0.02920774651566578,-103.17780748907475,40.95888656901682,29.1357989503664,1756989345.9834661
"(466, 234)",40.9588779,29.1357582,4.998,0.15733463483086021,0.02843769938265304,-103.17691273429348,40.958886578006435,29.13579894667819,1756989346.0913486
"(466, 235)",40.9588779,29.1357582,4.998,0.15733463483086021,0.02843769938265304,-103.17691273429348,40.95888636504139,29.135799012121772,1756989346.1924698
"(467, 236)",40.9588779,29.1357582,4.998,-0.139348612312101,0.012951607808924494,-103.18195341390096,40.958885973066465,29.135799400969315,1756989346.2983193
"(467, 236)",40.9588779,29.1357582,4.998,-0.139348612312101,0.012951607808924494,-103.18195341390096,40.958885973066465,29.135799400969315,1756989346.3980966
"(467, 236)",40.9588779,29.1357582,4.998,-0.139348612312101,0.012951607808924494,-103.18195341390096,40.958885973066465,29.135799400969315,1756989346.5046961
"(467, 235)",40.9588779,29.1357582,4.998,0.05017118122875511,0.011708498372242297,-103.17681028145594,40.958886327881544,29.135799291947226,1756989346.6052794
"(466, 234)",40.9588779,29.1357582,4.998,0.05017118122875511,0.011708498372242297,-103.17681028145594,40.95888649088521,29.135798944328247,1756989346.7113173
"(466, 234)",40.9588779,29.1357582,4.998,0.05017118122875511,0.011708498372242297,-103.17681028145594,40.95888649088521,29.135798944328247,1756989346.8150392
"(466, 234)",40.9588779,29.1357582,4.998,0.18269335297075892,0.01720972883090494,-103.17722009280614,40.95888659443249,29.135798924174658,1756989346.9186552
"(466, 235)",40.9588779,29.1357582,4.998,-0.12279831690121963,0.020199555761165423,-103.18269790452048,40.9588861510231,29.135799059885457,1756989347.0241206
"(467, 236)",40.9588779,29.1357582,4.998,-0.12279831690121963,0.020199555761165423,-103.18269790452048,40.95888598816777,29.135799408171405,1756989347.1224642
"(467, 236)",40.9588779,29.1357582,4.998,-0.12279831690121963,0.020199555761165423,-103.18269790452048,40.95888598816777,29.135799408171405,1756989347.2252266
"(467, 236)",40.9588779,29.1357582,4.998,-0.003069689784244715,0.023750113541341513,-103.18009560244671,40.958886079436496,29.135799387318578,1756989347.3284836
"(467, 235)",40.9588779,29.1357582,4.998,-0.003069689784244715,0.023750113541341513,-103.18009560244671,40.95888629225422,29.1357993213124,1756989347.4333518
"(466, 235)",40.9588779,29.1357582,4.998,-0.003069689784244715,0.023750113541341513,-103.18009560244671,40.95888624239893,29.135799039416646,1756989347.534149
"(466, 234)",40.9588779,29.1357582,4.998,0.1696263072942386,0.01447262390251489,-103.17882518726108,40.95888658447409,29.135798922495688,1756989347.638955
"(466, 235)",40.9588779,29.1357582,4.998,0.1696263072942386,0.01447262390251489,-103.17882518726108,40.95888637153732,29.135798987895296,1756989347.738701
"(467, 235)",40.958878,29.1357582,4.999,-0.15290813864016303,0.0159977938049975,-103.18496552732493,40.95888627950718,29.1357993497856,1756989347.8450787
"(466, 236)",40.958878,29.1357582,4.999,-0.15290813864016303,0.0159977938049975,-103.18496552732493,40.95888601691767,29.13579913446362,1756989347.9441202
"(466, 237)",40.958878,29.1357582,4.999,-0.15290813864016303,0.0159977938049975,-103.18496552732493,40.9588858041925,29.135799201018806,1756989348.0479755
"(466, 236)",40.958878,29.1357582,5.0,-0.05299254294385961,0.008593479377230238,-103.18451473483971,40.958886092735995,29.13579910909269,1756989348.1507666
"(466, 236)",40.958878,29.1357582,5.0,-0.05299254294385961,0.008593479377230238,-103.18451473483971,40.958886092735995,29.13579910909269,1756989348.2547648
"(466, 235)",40.958878,29.1357582,5.0,0.12209112551785886,0.00408353264895526,-103.18751318788534,40.95888644017697,29.1357989971047,1756989348.3601837
"(466, 235)",40.958878,29.1357582,5.0,0.12209112551785886,0.00408353264895526,-103.18751318788534,40.95888644017697,29.1357989971047,1756989348.4613717
"(466, 235)",40.958878,29.1357582,5.0,0.12209112551785886,0.00408353264895526,-103.18751318788534,40.95888644017697,29.1357989971047,1756989348.5656774
"(466, 236)",40.958878,29.1357582,5.001,-0.17481068767854274,0.00035047332618826473,-103.18094937609297,40.958885996831924,29.135799132745984,1756989348.66751
"(466, 237)",40.958878,29.1357582,5.001,-0.17481068767854274,0.00035047332618826473,-103.18094937609297,40.95888578407526,29.13579919937086,1756989348.7735202
"(466, 237)",40.958878,29.1357582,5.001,-0.19234737179532238,0.18115848139821014,-103.2174977183417,40.95888584040876,29.13579947210618,1756989348.875399
"(466, 237)",40.958878,29.1357582,5.001,-0.19234737179532238,0.18115848139821014,-103.2174977183417,40.95888584040876,29.13579947210618,1756989348.9821424
"(466, 236)",40.958878,29.1357582,5.001,-0.19234737179532238,0.18115848139821014,-103.2174977183417,40.958886053599414,29.13579940508876,1756989349.0859284
"(466, 235)",40.9588781,29.1357582,5.001,-0.9466200361775737,6.321108704188667,-103.25449685307566,40.95888765332903,29.135809692984594,1756989349.2958758
"(466, 236)",40.9588781,29.1357592,5.0,-2.9004746223219993,14.693734735029656,-104.90797636810903,40.958890200196386,29.135828540565345,1756989349.400657
"(466, 237)",40.9588781,29.1357592,5.0,-2.9004746223219993,14.693734735029656,-104.90797636810903,40.958889934713675,29.135828651562495,1756989349.5009327
"(466, 238)",40.9588781,29.1357592,5.0,-2.9004746223219993,14.693734735029656,-104.90797636810903,40.9588896690701,29.1358287626269,1756989349.6050234
"(466, 238)",40.9588783,29.135762,4.998,-6.634368927168955,15.68671446675528,-117.28315899314825,40.958898408570754,29.13583156932466,1756989349.7086253
"(466, 237)",40.9588783,29.135762,4.998,-6.634368927168955,15.68671446675528,-117.28315899314825,40.95889865033641,29.13583135859969,1756989349.8132622
"(466, 237)",40.9588783,29.135762,4.998,-6.634368927168955,15.68671446675528,-117.28315899314825,40.95889865033641,29.13583135859969,1756989349.9171696
"(466, 236)",40.9588786,29.1357669,4.997,-9.792929717799291,12.697760506707878,-131.92759000765417,40.95890615019684,29.13582412653073,1756989350.0196292
"(466, 236)",40.958879,29.1357738,4.995,-11.491584104003122,8.714846682788954,-146.67051234999167,40.9589107749644,29.135816283337686,1756989350.127753
"(466, 237)",40.958879,29.1357738,4.995,-11.491584104003122,8.714846682788954,-146.67051234999167,40.95891066772428,29.135816599007967,1756989350.2281182
"(466, 238)",40.958879,29.1357738,4.995,-11.491584104003122,8.714846682788954,-146.67051234999167,40.95891056024593,29.135816915379475,1756989350.3313313
"(466, 238)",40.9588795,29.1357825,4.995,-6.251084324157227,2.229429880709403,-161.03900372202907,40.958910871290016,29.13580321981727,1756989350.4334254
"(466, 238)",40.9588795,29.1357825,4.995,-6.251084324157227,2.229429880709403,-161.03900372202907,40.958910871290016,29.13580321981727,1756989350.5336974
"(470, 238)",40.9588795,29.1357825,4.995,-6.251084324157227,2.229429880709403,-161.03900372202907,40.95891175047851,29.135803624855562,1756989350.638924
"(485, 239)",40.95888,29.135792,4.999,0.5649769730833231,-0.6545800370097519,-176.09750812477785,40.95891519196442,29.1357943090081,1756989350.7422817
"(507, 243)",40.95888,29.135792,4.999,0.5649769730833231,-0.6545800370097519,-176.09750812477785,40.95891983098176,29.135795877578087,1756989350.8462555
"(534, 248)",40.9588805,29.1358014,5.004,4.659516205081794,0.21531137491940439,168.69172525302977,40.95892638678317,29.135786663292496,1756989350.950398
"(541, 253)",40.9588805,29.1358014,5.004,4.659516205081794,0.21531137491940439,168.69172525302977,40.95892802137001,29.13578771080963,1756989351.0569427
"(545, 267)",40.9588805,29.1358014,5.004,4.659516205081794,0.21531137491940439,168.69172525302977,40.95892921556501,29.13579150968497,1756989351.1589818
"(542, 291)",40.9588809,29.1358103,5.009,6.93463428836647,2.5343372092215883,153.68887323163827,40.95893005150267,29.13578669350746,1756989351.264541
"(536, 311)",40.9588809,29.1358103,5.009,6.93463428836647,2.5343372092215883,153.68887323163827,40.95893018412909,29.13579300135434,1756989351.3631344
"(526, 331)",40.9588809,29.1358103,5.009,6.93463428836647,2.5343372092215883,153.68887323163827,40.958929486968096,29.135799667609096,1756989351.4644997
"(517, 346)",40.9588813,29.1358183,5.012,6.964990637245769,5.238056279670323,138.71808211821082,40.95893027259296,29.135793554990027,1756989351.5684135
"(508, 353)",40.9588816,29.1358252,5.013,5.766240784602933,7.802714192721479,123.66476865923124,40.95892845503082,29.135784489736523,1756989351.6725233
"(484, 358)",40.9588816,29.1358252,5.013,5.766240784602933,7.802714192721479,123.66476865923124,40.95892542720445,29.13579227068554,1756989351.772337
"(451, 357)",40.9588816,29.1358252,5.013,5.766240784602933,7.802714192721479,123.66476865923124,40.9589201024486,29.135801103233995,1756989351.876949
"(421, 341)",40.9588818,29.1358309,5.012,4.098646683649735,9.931000284323806,108.51342149509449,40.95891113419207,29.135799245592874,1756989351.9823642
"(392, 321)",40.9588818,29.1358309,5.012,4.098646683649735,9.931000284323806,108.51342149509449,40.958904119402725,29.135806239708856,1756989352.0841036
"(368, 299)",40.9588818,29.1358309,5.012,4.098646683649735,9.931000284323806,108.51342149509449,40.95889736076693,29.135811298073513,1756989352.189093
"(355, 276)",40.958882,29.1358353,5.009,1.0966891106396859,10.453368029404503,93.5242093614755,40.958890345006424,29.135814145896713,1756989352.2958844
"(347, 255)",40.958882,29.1358353,5.009,1.0966891106396859,10.453368029404503,93.5242093614755,40.95888541230273,29.135816261600638,1756989352.3950403
"(346, 235)",40.958882,29.1358384,5.006,-0.4494794880746124,9.1264279057584,86.98752025028736,40.9588805418488,29.13582102243576,1756989352.5000288
"(348, 216)",40.958882,29.1358384,5.006,-0.4494794880746124,9.1264279057584,86.98752025028736,40.95887622081727,29.13582070860273,1756989352.6032827
"(352, 202)",40.958882,29.1358384,5.006,-0.4494794880746124,9.1264279057584,86.98752025028736,40.95887298425964,29.135819691930845,1756989352.7145755
"(377, 174)",40.9588821,29.1358403,5.003,-0.389613920536082,7.147724237639821,85.15498049597294,40.95886584958849,29.135817237254606,1756989352.9239502
"(392, 168)",40.9588821,29.1358413,4.999,-0.5243939100258114,5.081978346285893,84.67789861263672,40.95886445624407,29.135816464488972,1756989353.0327647
"(409, 160)",40.9588821,29.1358413,4.999,-0.5243939100258114,5.081978346285893,84.67789861263672,40.95886215986712,29.135811429329944,1756989353.1330807
"(425, 157)",40.9588821,29.1358413,4.999,-0.5243939100258114,5.081978346285893,84.67789861263672,40.95886099601014,29.13580648957438,1756989353.2416055
"(445, 159)",40.9588821,29.1358417,4.998,-0.49764117962478216,3.210874490143933,84.59204996495883,40.95886139195691,29.135803344723122,1756989353.3449454
"(464, 170)",40.9588821,29.1358417,4.998,-0.49764117962478216,3.210874490143933,84.59204996495883,40.95886335166708,29.13579712960856,1756989353.4480207
"(483, 179)",40.9588821,29.1358417,4.998,-0.49764117962478216,3.210874490143933,84.59204996495883,40.95886488112817,29.13579090235999,1756989353.5545294
"(498, 178)",40.9588822,29.1358417,4.997,-0.03395261690008215,1.69980548652239,84.62443872200303,40.95886451560731,29.13578900811036,1756989353.6565948
"(512, 204)",40.9588822,29.1358415,4.997,-0.02509987631521239,0.580803802050712,84.70541061461353,40.95887036399233,29.135786029895957,1756989353.768185
"(521, 224)",40.9588822,29.1358415,4.997,-0.02509987631521239,0.580803802050712,84.70541061461353,40.95887456932474,29.135782844980664,1756989353.86959
"(529, 245)",40.9588822,29.1358415,4.997,-0.02509987631521239,0.580803802050712,84.70541061461353,40.95887901914379,29.135779923973455,1756989353.9770975
"(531, 263)",40.9588822,29.1358411,4.998,-0.192804380819905,-0.16580132131775213,84.79601307395374,40.95888318284928,29.13578000602596,1756989354.0827367
"(528, 277)",40.9588822,29.1358411,4.998,-0.192804380819905,-0.16580132131775213,84.79601307395374,40.958886281957284,29.13578048533869,1756989354.296219
"(523, 278)",40.9588822,29.1358408,4.998,0.1437341273677781,-0.5853745326267729,84.87955994788135,40.95888639629485,29.13578254798369,1756989354.4011266
"(518, 278)",40.9588822,29.1358408,4.998,0.1437341273677781,-0.5853745326267729,84.87955994788135,40.95888649384383,29.135783959935925,1756989354.5047796
"(514, 278)",40.9588822,29.1358408,4.998,0.1437341273677781,-0.5853745326267729,84.87955994788135,40.95888657191758,29.135785089998162,1756989354.6132922
"(511, 278)",40.9588822,29.1358405,4.999,0.14814562915881296,-0.7376380721640159,84.96776501082289,40.95888669132623,29.13578592656096,1756989354.7155008
"(505, 277)",40.9588822,29.1358403,5.0,-0.12305718373880577,-0.7445504904083332,85.05071082810353,40.95888686341052,29.135787381334065,1756989354.8275535
"(500, 277)",40.9588822,29.1358403,5.0,-0.12305718373880577,-0.7445504904083332,85.05071082810353,40.95888695814136,29.135788791041932,1756989354.9327977
"(496, 277)",40.9588822,29.1358403,5.0,-0.12305718373880577,-0.7445504904083332,85.05071082810353,40.958887033968715,29.13578991944336,1756989355.0409575
"(490, 276)",40.9588822,29.1358403,5.0,-0.12305718373880577,-0.7445504904083332,85.05071082810353,40.95888693216319,29.135791638335913,1756989355.146707
"(489, 274)",40.9588822,29.1358402,5.0,0.11837316807205796,-0.6224955435487343,85.12661472034988,40.95888637772072,29.13579172481168,1756989355.245979
"(482, 272)",40.9588823,29.1358401,5.0,0.20763384208591337,-0.439529529959917,85.2019585370843,40.958886149959724,29.135793377319363,1756989355.352899
"(480, 273)",40.9588823,29.1358401,5.0,0.20763384208591337,-0.439529529959917,85.2019585370843,40.95888640293161,29.135793923778206,1756989355.4554188
"(478, 273)",40.9588823,29.1358401,5.0,0.20763384208591337,-0.439529529959917,85.2019585370843,40.958886439569916,29.135794493548406,1756989355.5658255
"(473, 273)",40.9588823,29.1358401,5.001,-0.10922525025673659,-0.2656776567665412,85.27623684430817,40.95888682420753,29.13579557169986,1756989355.6748044
"(471, 273)",40.9588823,29.1358401,5.001,-0.10922525025673659,-0.2656776567665412,85.27623684430817,40.95888686031134,29.13579614499792,1756989355.7818234
"(470, 272)",40.9588823,29.1358401,5.001,-0.10922525025673659,-0.2656776567665412,85.27623684430817,40.95888666108927,29.135796455842584,1756989355.8850245
"(468, 272)",40.9588823,29.1358401,5.001,0.06347424862771771,-0.10731464490866435,85.34033133947958,40.95888659542135,29.135796821402156,1756989355.9902172
"(466, 271)",40.9588823,29.1358401,5.001,0.06347424862771771,-0.10731464490866435,85.34033133947958,40.958886413397536,29.135797420140765,1756989356.0968509
"(465, 271)",40.9588823,29.1358402,5.001,0.23365023273769028,0.027395883758341184,85.39474745659707,40.95888632513529,29.13579763623618,1756989356.2085798
"(464, 271)",40.9588823,29.1358402,5.001,0.23365023273769028,0.027395883758341184,85.39474745659707,40.958886342676166,29.135797924847942,1756989356.3106368
"(464, 271)",40.9588823,29.1358402,5.001,0.23365023273769028,0.027395883758341184,85.39474745659707,40.958886342676166,29.135797924847942,1756989356.4152994
"(464, 271)",40.9588823,29.1358402,5.001,-0.06076119610376815,0.11363748575949871,85.44552991307611,40.958886603561965,29.13579773877612,1756989356.520501
"(464, 271)",40.9588823,29.1358402,5.001,-0.06076119610376815,0.11363748575949871,85.44552991307611,40.958886603561965,29.13579773877612,1756989356.6259158
"(464, 271)",40.9588824,29.1358403,5.001,0.00854193946344441,0.15206135526564013,85.50121644537923,40.95888667934481,29.135797797914957,1756989356.731304
"(464, 271)",40.9588824,29.1358403,5.001,0.00854193946344441,0.15206135526564013,85.50121644537923,40.95888667934481,29.135797797914957,1756989356.8401349
"(464, 271)",40.9588824,29.1358403,5.001,0.00854193946344441,0.15206135526564013,85.50121644537923,40.95888667934481,29.135797797914957,1756989356.9447837
"(464, 271)",40.9588824,29.1358403,5.001,0.2526376250217968,0.19249245995433226,85.55644535500795,40.95888651602293,29.13579778691578,1756989357.0457656
"(465, 271)",40.9588824,29.1358403,5.001,0.2526376250217968,0.19249245995433226,85.55644535500795,40.958886499121355,29.13579749706783,1756989357.1510534
"(465, 271)",40.9588824,29.1358403,5.001,0.2526376250217968,0.19249245995433226,85.55644535500795,40.958886499121355,29.13579749706783,1756989357.2615087
"(465, 271)",40.9588824,29.1358404,5.001,-0.0024557466997513146,0.21200939200231314,85.60769909453973,40.95888673062777,29.135797522748422,1756989357.3658917
"(466, 271)",40.9588824,29.1358404,5.0,-0.061014299969242076,0.18979133358100378,85.64404936130254,40.95888678041012,29.135797268483575,1756989357.469922
"(468, 271)",40.9588824,29.1358404,5.0,-0.061014299969242076,0.18979133358100378,85.64404936130254,40.95888674726043,29.135796688351434,1756989357.678593
"(469, 270)",40.9588824,29.1358404,4.999,0.23983833076486896,0.1698770366017589,85.68182713760187,40.95888629463393,29.135796521492416,1756989357.7884796
"(469, 270)",40.9588824,29.1358404,4.999,0.23983833076486896,0.1698770366017589,85.68182713760187,40.95888629463393,29.135796521492416,1756989357.8927655
"(469, 270)",40.9588824,29.1358404,4.999,0.23983833076486896,0.1698770366017589,85.68182713760187,40.95888629463393,29.135796521492416,1756989357.9954622
"(470, 270)",40.9588824,29.1358404,4.998,0.03651597889146001,0.15234444793043864,85.71951612144201,40.958886460745155,29.135796233866692,1756989358.0984693
"(470, 271)",40.9588824,29.1358404,4.998,0.03651597889146001,0.15234444793043864,85.71951612144201,40.95888667903956,29.13579621236648,1756989358.2070866
"(470, 271)",40.9588824,29.1358404,4.998,0.03651597889146001,0.15234444793043864,85.71951612144201,40.95888667903956,29.13579621236648,1756989358.3128095
"(470, 271)",40.9588824,29.1358404,4.998,-0.09885104001102686,0.13781235335737704,85.76859786081772,40.95888681520097,29.13579621433367,1756989358.4209964
"(470, 270)",40.9588824,29.1358404,4.998,0.2089378079077908,0.11699656478918305,85.79765348554695,40.958886369694895,29.135796329980064,1756989358.5289764
"(470, 269)",40.9588824,29.1358404,4.998,0.2089378079077908,0.11699656478918305,85.79765348554695,40.958886151626615,29.135796350423504,1756989358.6308787
"(471, 269)",40.9588824,29.1358404,4.998,0.2089378079077908,0.11699656478918305,85.79765348554695,40.9588861356356,29.13579606112429,1756989358.7411659
"(471, 269)",40.9588824,29.1358404,4.998,0.11983269412032506,0.09854312120942092,85.83179760120784,40.95888622629261,29.135796077459773,1756989358.8460374
"(471, 270)",40.9588824,29.1358404,4.998,0.11983269412032506,0.09854312120942092,85.83179760120784,40.95888644439807,29.135796056858638,1756989358.9507062
"(471, 270)",40.9588824,29.1358404,4.998,0.11983269412032506,0.09854312120942092,85.83179760120784,40.95888644439807,29.135796056858638,1756989359.0570028
"(471, 270)",40.9588825,29.1358404,4.998,-0.11278667364058255,0.08662119276582896,85.86095567877463,40.95888674596856,29.135796035036062,1756989359.172553
"(471, 270)",40.9588825,29.1358404,4.998,-0.11278667364058255,0.08662119276582896,85.86095567877463,40.95888674596856,29.135796035036062,1756989359.276723
"(471, 269)",40.9588825,29.1358404,4.998,0.1731452687793968,0.08795285287035666,85.90017462498885,40.958886324087864,29.135796110200122,1756989359.3820608
"(471, 269)",40.9588825,29.1358404,4.998,0.1731452687793968,0.08795285287035666,85.90017462498885,40.958886324087864,29.135796110200122,1756989359.4813573
"(471, 267)",40.9588825,29.1358404,4.998,0.2060480375792804,0.08735609844215984,85.91993436225769,40.95888587350861,29.13579615849279,1756989359.5929205
"(471, 268)",40.9588825,29.1358404,4.998,0.2060480375792804,0.08735609844215984,85.91993436225769,40.95888609154642,29.135796138665494,1756989359.699449
"(471, 269)",40.9588825,29.1358404,4.998,0.2060480375792804,0.08735609844215984,85.91993436225769,40.95888630957659,29.135796118838893,1756989359.8012547
"(471, 269)",40.9588825,29.1358404,4.997,-0.10653401565151271,0.08105010628062574,85.94126504303564,40.9588865688618,29.135796082858533,1756989359.9130952
"(471, 270)",40.9588825,29.1358404,4.997,-0.10653401565151271,0.08105010628062574,85.94126504303564,40.95888678710641,29.135796061954846,1756989360.016833
"(471, 269)",40.9588825,29.1358404,4.997,-0.10653401565151271,0.08105010628062574,85.94126504303564,40.9588865688618,29.135796082858533,1756989360.1241217
"(471, 268)",40.9588825,29.1358404,4.997,0.08972559378487908,0.08010121691409643,85.96977425263127,40.95888621195688,29.135796142824177,1756989360.2315779
"(471, 267)",40.9588825,29.1358404,4.997,0.08972559378487908,0.08010121691409643,85.96977425263127,40.95888599387675,29.135796162836346,1756989360.337151
"(471, 267)",40.9588825,29.1358404,4.998,0.26164728486727834,0.08497752508434257,85.98175440443548,40.958885865653365,29.1357961766576,1756989360.4432766
"(471, 267)",40.9588825,29.1358404,4.998,0.26164728486727834,0.08497752508434257,85.98175440443548,40.958885865653365,29.1357961766576,1756989360.5508478
"(471, 267)",40.9588825,29.1358404,4.998,0.26164728486727834,0.08497752508434257,85.98175440443548,40.958885865653365,29.1357961766576,1756989360.6570716
"(471, 268)",40.9588825,29.1358404,4.998,-0.009398621276178548,0.08334435615066245,86.003228519186,40.95888631065207,29.135796114090304,1756989360.7673538
"(471, 269)",40.9588825,29.1358404,4.998,-0.009398621276178548,0.08334435615066245,86.003228519186,40.95888652887529,29.135796093864982,1756989360.8745663
"(471, 268)",40.9588825,29.1358404,4.998,0.03691793285607261,0.0883046543033586,86.03125278535056,40.95888629031656,29.13579611679789,1756989360.9952142
"(471, 267)",40.9588825,29.1358404,4.998,0.03691793285607261,0.0883046543033586,86.03125278535056,40.9588860721105,29.135796136706933,1756989361.0987215
"(471, 267)",40.9588825,29.1358404,4.998,0.27939267661992684,0.0885302773295938,86.04630652228127,40.958885889219175,29.135796179012257,1756989361.2085857
"(471, 266)",40.9588825,29.1358404,4.998,0.27939267661992684,0.0885302773295938,86.04630652228127,40.95888567119343,29.13579619792567,1756989361.3101768
"(471, 266)",40.9588825,29.1358404,4.998,0.27939267661992684,0.0885302773295938,86.04630652228127,40.95888567119343,29.13579619792567,1756989361.41661
"(471, 267)",40.9588825,29.1358404,4.997,0.01935101814860373,0.09084039538325889,86.05938633454184,40.958886101676995,29.135796140793662,1756989361.5216498
"(471, 267)",40.9588825,29.1358404,4.997,0.01935101814860373,0.09084039538325889,86.05938633454184,40.958886101676995,29.135796140793662,1756989361.6249094
"(471, 268)",40.9588825,29.1358404,4.997,0.01935101814860373,0.09084039538325889,86.05938633454184,40.95888631986834,29.135796120963022,1756989361.7289898
"(471, 267)",40.9588825,29.1358404,4.997,-0.03867540589656168,0.10409755243841562,86.08437116652574,40.95888616206162,29.135796111591336,1756989361.8359902
"(471, 267)",40.9588825,29.1358404,4.997,-0.03867540589656168,0.10409755243841562,86.08437116652574,40.95888616206162,29.135796111591336,1756989361.9393995
"(471, 266)",40.9588825,29.1358404,4.997,0.23306150244774693,0.09184613406843666,86.09821595997336,40.95888573732929,29.135796197644265,1756989362.047929
"(471, 266)",40.9588825,29.1358404,4.997,0.23306150244774693,0.09184613406843666,86.09821595997336,40.95888573732929,29.135796197644265,1756989362.1536574
"(471, 265)",40.9588825,29.1358404,4.997,0.23306150244774693,0.09184613406843666,86.09821595997336,40.958885519281296,29.135796216469373,1756989362.254897
"(471, 267)",40.9588825,29.1358404,4.997,0.020570825567839207,0.09545466841527851,86.11130260242311,40.958886130966754,29.13579613793835,1756989362.363437
"(471, 267)",40.9588825,29.1358404,4.997,0.020570825567839207,0.09545466841527851,86.11130260242311,40.958886130966754,29.13579613793835,1756989362.4719014
"(471, 268)",40.9588825,29.1358404,4.998,-0.07436706633256578,0.09381574317959279,86.11722437643351,40.95888642861377,29.135796095963368,1756989362.5761936
"(471, 267)",40.9588825,29.1358404,4.998,-0.07436706633256578,0.09381574317959279,86.11722437643351,40.958886210277186,29.135796115863577,1756989362.6844108
"(471, 267)",40.9588825,29.1358404,4.998,-0.07436706633256578,0.09381574317959279,86.11722437643351,40.958886210277186,29.135796115863577,1756989362.788011
"(471, 266)",40.9588825,29.1358404,4.998,0.23344770162054354,0.10005942320516376,86.1322576227967,40.958885757418415,29.135796178242195,1756989362.8902428
"(471, 265)",40.9588825,29.1358404,4.998,0.23344770162054354,0.10005942320516376,86.1322576227967,40.958885539295615,29.1357961968999,1756989362.9955506
"(471, 265)",40.9588825,29.1358404,4.998,0.07127442471147144,0.09095656196000199,86.14336351038715,40.95888567388102,29.135796186078526,1756989363.0973845
"(471, 267)",40.9588825,29.1358404,4.998,0.07127442471147144,0.09095656196000199,86.14336351038715,40.958886110317316,29.135796147650392,1756989363.2005937
"(471, 267)",40.9588825,29.1358404,4.998,0.07127442471147144,0.09095656196000199,86.14336351038715,40.958886110317316,29.135796147650392,1756989363.3064475
"(471, 267)",40.9588825,29.1358404,4.998,-0.10484498457496262,0.08930588399646709,86.15934615304498,40.95888625900418,29.135796121476695,1756989363.4160464
"(471, 268)",40.9588825,29.1358404,4.998,-0.10484498457496262,0.08930588399646709,86.15934615304498,40.95888647736484,29.135796101674185,1756989363.5222037
"(471, 267)",40.9588825,29.1358404,4.998,-0.10484498457496262,0.08930588399646709,86.15934615304498,40.95888625900418,29.135796121476695,1756989363.6297631
"(471, 266)",40.9588825,29.1358404,4.998,0.1810615380687209,0.08699746014988129,86.16967339907004,40.95888582073489,29.13579619342383,1756989363.7390032
"(471, 266)",40.9588825,29.1358404,4.998,0.12505231934796351,0.09439615584659182,86.16787022912915,40.958885863862946,29.13579617218073,1756989363.8446472
"(471, 266)",40.9588825,29.1358404,4.998,0.12505231934796351,0.09439615584659182,86.16787022912915,40.958885863862946,29.13579617218073,1756989363.9521747
"(471, 267)",40.9588825,29.1358404,4.998,0.12505231934796351,0.09439615584659182,86.16787022912915,40.95888608205353,29.13579615329362,1756989364.0520594
"(471, 267)",40.9588825,29.1358404,4.998,-0.16837482187117922,0.08661589003107294,86.18767094753302,40.958886325837085,29.135796117308427,1756989364.1695466
"(471, 267)",40.9588825,29.1358404,4.998,-0.16837482187117922,0.08661589003107294,86.18767094753302,40.958886325837085,29.135796117308427,1756989364.274486
"(471, 267)",40.9588825,29.1358404,4.998,-0.16837482187117922,0.08661589003107294,86.18767094753302,40.958886325837085,29.135796117308427,1756989364.3766549
"(471, 267)",40.9588825,29.1358404,4.998,0.07329560041683986,0.08095633792188352,86.19816211809815,40.95888614072992,29.135796168630442,1756989364.4863718
"(471, 266)",40.9588825,29.1358404,4.998,0.07329560041683986,0.08095633792188352,86.19816211809815,40.958885922528985,29.135796187557947,1756989364.5901282
"(471, 266)",40.9588825,29.1358404,4.998,0.1686055942197184,0.0869058328953613,86.20301155240887,40.95888585000004,29.135796194094844,1756989364.6982174
"(471, 267)",40.9588825,29.1358404,4.998,0.1686055942197184,0.0869058328953613,86.20301155240887,40.95888606814444,29.135796175551828,1756989364.802454
"(471, 267)",40.9588825,29.1358404,4.998,0.1686055942197184,0.0869058328953613,86.20301155240887,40.95888606814444,29.135796175551828,1756989364.9071257
"(471, 267)",40.9588825,29.1358404,4.999,-0.13194105871381062,0.08144637731440549,86.20753313763942,40.95888630936034,29.13579612478309,1756989365.0124016
"(471, 268)",40.9588825,29.1358404,4.999,-0.13194105871381062,0.08144637731440549,86.20753313763942,40.95888652777817,29.135796105118718,1756989365.1162524
"(471, 268)",40.9588825,29.1358404,4.999,-0.13194105871381062,0.08144637731440549,86.20753313763942,40.95888652777817,29.135796105118718,1756989365.2230303
"(471, 267)",40.9588825,29.1358404,5.033,0.07359843659720794,0.07257733665650426,86.21266943989527,40.95888617454147,29.135795873704136,1756989365.3236861
"(471, 266)",40.9588825,29.1358404,5.127,0.15141961096834983,0.06721551809612525,86.22212242170656,40.958885961981814,29.135795084149667,1756989365.4284427
"(471, 266)",40.9588825,29.1358404,5.127,0.15141961096834983,0.06721551809612525,86.22212242170656,40.958885961981814,29.135795084149667,1756989365.531327
"(471, 267)",40.9588825,29.1358404,5.127,0.15141961096834983,0.06721551809612525,86.22212242170656,40.95888618571843,29.135795065164725,1756989365.63533
"(471, 268)",40.9588825,29.1358404,5.288,-0.07011928897841287,0.07051491968195792,86.22296936516365,40.95888671833583,29.135793575894176,1756989365.7423513
"(471, 267)",40.9588825,29.1358404,5.288,-0.07011928897841287,0.07051491968195792,86.22296936516365,40.95888648737478,29.135793596361147,1756989365.847515
"(471, 267)",40.9588825,29.1358404,5.288,-0.07011928897841287,0.07051491968195792,86.22296936516365,40.95888648737478,29.135793596361147,1756989365.9526746
"(471, 267)",40.9588825,29.1358404,5.518,0.007072872661433114,0.08029519028446083,86.22965612036108,40.958886597633885,29.13579155846689,1756989366.1245136
"(471, 267)",40.9588825,29.1358404,5.518,0.007072872661433114,0.08029519028446083,86.22965612036108,40.958886597633885,29.13579155846689,1756989366.228571
"(471, 267)",40.9588825,29.1358404,5.815,0.1487923226752089,0.06788298232450887,86.23893834744314,40.95888669411993,29.135788981483664,1756989366.3345957
"(471, 266)",40.9588825,29.1358404,5.815,0.1487923226752089,0.06788298232450887,86.23893834744314,40.95888644035045,29.135789002929364,1756989366.4426434
"(471, 267)",40.9588825,29.1358404,5.815,0.1487923226752089,0.06788298232450887,86.23893834744314,40.95888669411993,29.135788981483664,1756989366.5445364
"(471, 268)",40.9588825,29.1358404,6.177,0.11433196391965826,0.07166489942260593,86.25033110297872,40.958887266687945,29.13578574421414,1756989366.6470342
"(471, 268)",40.9588825,29.1358404,6.177,0.11433196391965826,0.07166489942260593,86.25033110297872,40.958887266687945,29.13578574421414,1756989366.7572002
"(471, 267)",40.9588825,29.1358404,6.177,0.11433196391965826,0.07166489942260593,86.25033110297872,40.95888699707603,29.135785767085938,1756989366.864644
"(471, 267)",40.9588825,29.1358404,6.603,0.02259472434423171,0.07375773208329998,86.2626800849981,40.95888741258838,29.135781975865722,1756989366.9689405
"(470, 266)",40.9588825,29.1358404,7.068,-0.030499486032124608,0.07449440533788287,86.26700359474272,40.95888753293995,29.135778283618674,1756989367.0775585
"(468, 266)",40.9588825,29.1358404,7.068,-0.030499486032124608,0.07449440533788287,86.26700359474272,40.95888757315453,29.135779101873904,1756989367.1804671
"(467, 266)",40.9588825,29.1358404,7.068,-0.030499486032124608,0.07449440533788287,86.26700359474272,40.95888759326144,29.135779510993746,1756989367.2878668
"(465, 266)",40.9588825,29.1358404,7.524,-0.05411630916552505,0.07790202940348455,86.27168227432418,40.95888799669425,29.13577644051744,1756989367.3958402
"(464, 267)",40.9588825,29.1358404,7.524,-0.05411630916552505,0.07790202940348455,86.27168227432418,40.9588883467044,29.135776847430655,1756989367.5009267
"(462, 266)",40.9588825,29.1358404,7.524,-0.05411630916552505,0.07790202940348455,86.27168227432418,40.95888806082352,29.135777747180413,1756989367.6012065
"(460, 265)",40.9588825,29.1358404,7.952,-0.06654336478279385,0.08448488435024218,86.27750159549703,40.958888095553405,29.135775115805167,1756989367.7085555
"(458, 265)",40.9588825,29.1358404,7.952,-0.06654336478279385,0.08448488435024218,86.27750159549703,40.95888814066753,29.13577603658206,1756989367.81467
"(455, 264)",40.9588825,29.1358404,7.952,-0.06654336478279385,0.08448488435024218,86.27750159549703,40.958887860991275,29.135777447975602,1756989367.9242928
"(452, 263)",40.9588825,29.1358404,8.34,-0.04391195985477972,0.08007400954922878,86.27937989751878,40.958887801175536,29.135775873026223,1756989368.0285265
"(447, 263)",40.9588825,29.1358404,8.686,-0.0029319798053511355,0.06531377731973949,86.28088253913619,40.95888808974845,29.135775756772524,1756989368.1374328
"(445, 262)",40.9588825,29.1358404,8.686,-0.0029319798053511355,0.06531377731973949,86.28088253913619,40.958887759766675,29.13577679445921,1756989368.2401173
"(442, 261)",40.9588825,29.1358404,8.686,-0.0029319798053511355,0.06531377731973949,86.28088253913619,40.95888745441461,29.135778334617005,1756989368.3434057
"(438, 260)",40.9588825,29.1358404,8.991,0.09925921718510784,0.06870984209058371,86.28671552068738,40.95888719776589,29.135778284800804,1756989368.4505184
"(436, 260)",40.9588825,29.1358404,8.991,0.09925921718510784,0.06870984209058371,86.28671552068738,40.95888724865258,29.13577932491342,1756989368.5524943
"(433, 259)",40.9588825,29.1358404,8.991,0.09925921718510784,0.06870984209058371,86.28671552068738,40.958886932562756,29.135780918263563,1756989368.6558344
"(429, 259)",40.9588825,29.1358404,9.257,0.20619731456524218,0.04742560860002196,86.29300612491295,40.95888701874136,29.135781376466916,1756989368.764723
"(427, 258)",40.9588825,29.1358404,9.257,0.20619731456524218,0.04742560860002196,86.29300612491295,40.95888666720678,29.13578248029404,1756989368.8659894
"(423, 258)",40.9588825,29.1358404,9.486,0.18926019299154273,0.018723687951700537,86.29800582338541,40.95888690816574,29.13578330848421,1756989368.9751363
"(421, 258)",40.9588825,29.1358404,9.486,0.18926019299154273,0.018723687951700537,86.29800582338541,40.95888696170075,29.13578440459621,1756989369.081693
"(417, 258)",40.9588825,29.1358403,9.678,-0.0005613421547644976,0.01608699480823761,86.29237091732014,40.95888744615696,29.13578537338281,1756989369.3035204
"(415, 258)",40.9588825,29.1358403,9.678,-0.0005613421547644976,0.01608699480823761,86.29237091732014,40.95888750087326,29.135786491922254,1756989369.4072683
"(413, 257)",40.9588825,29.1358403,9.833,-0.0952449202427783,0.01043063934764167,86.30470623896119,40.95888736289317,29.135786798827848,1756989369.5096521
"(412, 257)",40.9588825,29.1358403,9.833,-0.0952449202427783,0.01043063934764167,86.30470623896119,40.95888739060216,29.135787367084735,1756989369.615534
"(411, 256)",40.9588825,29.1358403,9.833,-0.0952449202427783,0.01043063934764167,86.30470623896119,40.95888698917524,29.13578797246139,1756989369.7196605
"(410, 256)",40.9588825,29.1358403,9.95,0.12020612670906757,0.016848434168668415,86.29461121936791,40.95888672650534,29.13578795202579,1756989369.8249378
"(407, 256)",40.9588825,29.1358403,9.95,0.12020612670906757,0.016848434168668415,86.29461121936791,40.958886810824154,29.13578967669874,1756989369.9276586
"(405, 255)",40.9588825,29.1358403,10.025,0.22937685551436307,0.029223207822790868,86.29382574761335,40.95888628942988,29.135790481648442,1756989370.036217
"(403, 255)",40.9588825,29.1358403,10.025,0.22937685551436307,0.029223207822790868,86.29382574761335,40.95888634606914,29.1357916401443,1756989370.1464121
"(402, 254)",40.9588825,29.1358403,10.058,-0.05824451151845646,0.03872410434493108,86.30450816347526,40.958886408458795,29.13579202083452,1756989370.255259
"(402, 254)",40.9588825,29.1358403,10.058,-0.05824451151845646,0.03872410434493108,86.30450816347526,40.958886408458795,29.13579202083452,1756989370.3646753
"(402, 253)",40.9588825,29.1358403,10.058,-0.05824451151845646,0.03872410434493108,86.30450816347526,40.95888596947033,29.135792058616648,1756989370.4678264
"(401, 253)",40.9588825,29.1358403,10.058,-0.042976937639895386,0.04448554900271534,86.30461744650198,40.958885973339854,29.13579262902934,1756989370.5743337
"(401, 254)",40.9588825,29.1358403,10.058,-0.042976937639895386,0.04448554900271534,86.30461744650198,40.95888641233191,29.135792591312235,1756989370.682456
"(399, 253)",40.9588825,29.1358403,10.042,0.24262422085301436,0.05016460116858302,86.29765748373774,40.95888556981079,29.135793904456992,1756989370.7915156
"(399, 254)",40.9588825,29.1358403,10.042,0.24262422085301436,0.05016460116858302,86.29765748373774,40.95888600788957,29.13579386786855,1756989370.8905885
"(398, 254)",40.9588825,29.1358403,10.042,0.24262422085301436,0.05016460116858302,86.29765748373774,40.95888603622612,29.135794448251264,1756989371.0046926
"(398, 254)",40.9588825,29.1358403,10.022,-0.00505923334277218,0.06454450725414697,86.2911278228912,40.958886413722475,29.135794458406238,1756989371.114479
"(397, 254)",40.9588825,29.1358403,10.022,-0.00505923334277218,0.06454450725414697,86.2911278228912,40.95888644205652,29.135795037900184,1756989371.2267783
"(397, 254)",40.9588825,29.1358403,10.005,-0.08309464736945368,0.05694903674229528,86.29662612517306,40.95888656179313,29.135795118468955,1756989371.337783
"(397, 253)",40.9588825,29.1358403,10.005,-0.08309464736945368,0.05694903674229528,86.29662612517306,40.958886125055315,29.13579515621736,1756989371.5381687
"(397, 252)",40.9588825,29.1358403,9.995,0.23004287899971865,0.06776017232158087,86.2982585403847,40.95888519441451,29.135795269582122,1756989371.6449504
"(396, 252)",40.9588825,29.1358403,9.995,0.23004287899971865,0.06776017232158087,86.2982585403847,40.958885222617695,29.13579584740252,1756989371.7608995
"(396, 252)",40.9588825,29.1358403,9.989,-0.006607924542456354,0.056012447052357285,86.30168729534805,40.95888559463931,29.13579585999316,1756989371.870475
"(396, 253)",40.9588825,29.1358403,9.989,-0.006607924542456354,0.056012447052357285,86.30168729534805,40.95888603061265,29.135795822652508,1756989372.086991
"(396, 254)",40.9588825,29.1358403,9.988,-0.13378380906732568,0.05906288690892167,86.3011750311603,40.95888666510149,29.13579575867014,1756989372.2030358
"(396, 253)",40.9588825,29.1358403,9.988,-0.13378380906732568,0.05906288690892167,86.3011750311603,40.958886229056496,29.135795796498364,1756989372.3122807
"(397, 253)",40.9588825,29.1358403,9.989,0.1749679954728646,0.06309414593236386,86.30116137078195,40.95888571702781,29.135795261442134,1756989372.430153
"(396, 252)",40.9588825,29.1358403,9.989,0.1749679954728646,0.06309414593236386,86.30116137078195,40.95888530932841,29.13579587556122,1756989372.5382836
"(396, 252)",40.9588825,29.1358403,9.989,0.1749679954728646,0.06309414593236386,86.30116137078195,40.95888530932841,29.13579587556122,1756989372.6432407
"(396, 253)",40.9588825,29.1358403,9.99,0.08422582407956433,0.05986168553648259,86.30150971042963,40.95888588818659,29.135795825670098,1756989372.8551135
"(397, 254)",40.9588825,29.1358403,9.99,0.08422582407956433,0.05986168553648259,86.30150971042963,40.95888629597878,29.135795211121504,1756989372.9594312
"(397, 254)",40.9588825,29.1358403,9.991,-0.15728455567042227,0.055308764145074074,86.30550537109409,40.95888667790184,29.135795172390424,1756989373.0714679
"(397, 254)",40.9588825,29.1358403,9.991,-0.15728455567042227,0.055308764145074074,86.30550537109409,40.95888667790184,29.135795172390424,1756989373.1785283
"(397, 253)",40.9588825,29.1358403,9.992,0.16049502472480592,0.061772457637220106,86.2957518609593,40.958885737572125,29.135795248014922,1756989373.2888803
"(397, 252)",40.9588825,29.1358403,9.992,0.16049502472480592,0.061772457637220106,86.2957518609593,40.95888530157273,29.13579528478432,1756989373.3947763
"(396, 252)",40.9588825,29.1358403,9.993,0.13117754495022368,0.06857498587511562,86.29782140827781,40.95888537665981,29.135795836872628,1756989373.508312
"(397, 253)",40.9588825,29.1358403,9.993,0.13117754495022368,0.06857498587511562,86.29782140827781,40.958885784541295,29.135795222239977,1756989373.6107824
"(397, 253)",40.9588825,29.1358403,9.993,0.13117754495022368,0.06857498587511562,86.29782140827781,40.958885784541295,29.135795222239977,1756989373.7206793
"(397, 254)",40.9588825,29.1358403,9.993,-0.15748718016906157,0.05717003738464883,86.30579223903922,40.95888667908994,29.1357951589413,1756989373.9317043
"(397, 254)",40.9588825,29.1358403,9.993,-0.15748718016906157,0.05717003738464883,86.30579223903922,40.95888667908994,29.1357951589413,1756989374.0446742
"(397, 253)",40.9588825,29.1358403,9.993,0.08989692214329797,0.055874379180555836,86.30054665375665,40.958885851883124,29.135795244982482,1756989374.1567454
"(397, 253)",40.9588825,29.1358403,9.993,0.08989692214329797,0.055874379180555836,86.30054665375665,40.958885851883124,29.135795244982482,1756989374.264028
"(397, 252)",40.9588825,29.1358403,9.992,0.18303726366763964,0.06021067885460116,86.29719303087417,40.95888526724136,29.135795292571828,1756989374.3685157
"(397, 253)",40.9588825,29.1358403,9.992,0.18303726366763964,0.06021067885460116,86.29719303087417,40.95888570322129,29.135795255904146,1756989374.4833627
"(397, 254)",40.9588825,29.1358403,9.992,-0.13348837670529617,0.0580077427440737,86.30741099387251,40.95888664191703,29.135795166173487,1756989374.584449
"(397, 254)",40.9588825,29.1358403,9.992,-0.13348837670529617,0.0580077427440737,86.30741099387251,40.95888664191703,29.135795166173487,1756989374.792869
"(397, 254)",40.9588825,29.1358403,9.992,0.06748395653669866,0.05717792812077004,86.30097695567436,40.95888632288398,29.135795205277926,1756989374.899476
"(397, 253)",40.9588825,29.1358403,9.992,0.06748395653669866,0.05717792812077004,86.30097695567436,40.958885886834025,29.135795242351566,1756989375.0096583
"(397, 253)",40.9588825,29.1358403,9.992,0.1900935427713504,0.05850826087408209,86.29938552159774,40.95888569360007,29.135795261370962,1756989375.1264675
"(397, 252)",40.9588825,29.1358403,9.992,0.1900935427713504,0.05850826087408209,86.29938552159774,40.95888525762882,29.13579529798898,1756989375.2260833
"(397, 253)",40.9588825,29.1358403,9.992,0.1900935427713504,0.05850826087408209,86.29938552159774,40.95888569360007,29.135795261370962,1756989375.3341653
"(397, 254)",40.9588825,29.1358403,9.992,-0.10198515635503051,0.0768287825692934,86.29786238941284,40.958886585410006,29.13579512667848,1756989375.4454691
"(397, 255)",40.9588825,29.1358403,9.992,-0.10198515635503051,0.0768287825692934,86.29786238941284,40.95888702166134,29.135795088912886,1756989375.660948
"(397, 254)",40.9588825,29.1358403,9.992,-0.06279047598866935,0.09251421194662852,86.29775310638611,40.95888652267425,29.13579509693662,1756989375.765271
"(397, 253)",40.9588825,29.1358403,9.992,-0.06279047598866935,0.09251421194662852,86.29775310638611,40.958886086418424,29.135795134554936,1756989375.870884
"(397, 253)",40.9588825,29.1358403,9.992,0.206482701746715,0.10292777582134516,86.29952212538115,40.95888566442745,29.13579515923687,1756989375.9907615
"(397, 253)",40.9588825,29.1358403,9.992,0.206482701746715,0.10292777582134516,86.29952212538115,40.95888566442745,29.13579515923687,1756989376.1002083
"(397, 253)",40.9588825,29.1358403,9.992,-0.01653806410288282,0.09235587695588852,86.29526008733906,40.958886012411305,29.1357951432501,1756989376.205027
"(397, 254)",40.9588825,29.1358403,9.992,-0.01653806410288282,0.09235587695588852,86.29526008733906,40.95888644862719,29.135795105785576,1756989376.3186352
"(397, 254)",40.9588825,29.1358403,9.992,-0.01653806410288282,0.09235587695588852,86.29526008733906,40.95888644862719,29.135795105785576,1756989376.4276783
"(397, 254)",40.9588825,29.1358403,9.991,-0.09161987071196676,0.09286954186602786,86.29858638946486,40.95888656797631,29.135795095259343,1756989376.5418124
"(397, 254)",40.9588825,29.1358403,9.991,-0.09161987071196676,0.09286954186602786,86.29858638946486,40.95888656797631,29.135795095259343,1756989376.6431959
"(397, 253)",40.9588825,29.1358403,9.991,-0.09161987071196676,0.09286954186602786,86.29858638946486,40.95888613173859,29.135795132977115,1756989376.7544699
"(397, 253)",40.9588825,29.1358403,9.991,0.23001251667442382,0.07876087900086738,86.29782140827781,40.958885628163635,29.13579522506724,1756989376.8605351
"(397, 253)",40.9588825,29.1358403,9.991,0.23001251667442382,0.07876087900086738,86.29782140827781,40.958885628163635,29.13579522506724,1756989376.9676561
"(397, 253)",40.9588825,29.1358403,9.991,0.024820293794018095,0.06998330551492747,86.29581333266184,40.958885949297695,29.135795208352334,1756989377.0835783
"(397, 254)",40.9588825,29.1358403,9.991,0.024820293794018095,0.06998330551492747,86.29581333266184,40.9588863853724,29.135795171062476,1756989377.1898923
"(397, 255)",40.9588825,29.1358403,9.991,-0.15476109425679344,0.05959189306426709,86.30057397451333,40.9588871069023,29.135795124323828,1756989377.3072317
"(397, 255)",40.9588825,29.1358403,9.991,-0.15476109425679344,0.05959189306426709,86.30057397451333,40.9588871069023,29.135795124323828,1756989377.4372997
"(397, 254)",40.9588825,29.1358403,9.991,-0.15476109425679344,0.05959189306426709,86.30057397451333,40.95888667069385,29.13579516225854,1756989377.637365
"(397, 253)",40.9588825,29.1358403,9.992,0.16008838834535216,0.06029031992754056,86.30433740874601,40.9588857434257,29.13579525209048,1756989377.748685
"(397, 253)",40.9588825,29.1358403,9.992,0.08092804332963821,0.05175626536387408,86.29814925735798,40.95888586450884,29.135795257410912,1756989377.8572137
"(397, 253)",40.9588825,29.1358403,9.992,0.08092804332963821,0.05175626536387408,86.29814925735798,40.95888586450884,29.135795257410912,1756989377.9603512
"(397, 254)",40.9588825,29.1358403,9.992,0.08092804332963821,0.05175626536387408,86.29814925735798,40.9588863005312,29.135795220361988,1756989378.0728762
"(397, 255)",40.9588825,29.1358403,9.992,-0.17926338404800926,0.04419990168708468,86.29855223851901,40.95888714571779,29.135795151264844,1756989378.1751587
"(397, 255)",40.9588825,29.1358403,9.992,-0.17926338404800926,0.04419990168708468,86.29855223851901,40.95888714571779,29.135795151264844,1756989378.2897592
"(397, 254)",40.9588825,29.1358403,9.992,0.16396932317609456,0.03351320028168695,86.29888008759917,40.95888617214807,29.135795279003595,1756989378.3931737
"(397, 254)",40.9588825,29.1358403,9.992,0.16396932317609456,0.03351320028168695,86.29888008759917,40.95888617214807,29.135795279003595,1756989378.5108514
"(398, 253)",40.9588825,29.1358403,9.992,0.16396932317609456,0.03351320028168695,86.29888008759917,40.9588857080509,29.13579473829992,1756989378.6148365
"(398, 253)",40.9588825,29.1358403,9.992,0.106550177319832,0.01466977057609963,86.29276023810283,40.95888579585586,29.135794772067417,1756989378.7313955
"(397, 254)",40.9588825,29.1358403,9.992,0.106550177319832,0.01466977057609963,86.29276023810283,40.95888625999086,29.135795312379567,1756989378.8360124
"(397, 254)",40.9588825,29.1358403,9.993,-0.1577496888848575,0.008437692367215768,86.29552646471669,40.95888667699366,29.135795273191583,1756989378.9393988
"(397, 255)",40.9588825,29.1358403,9.993,-0.1577496888848575,0.008437692367215768,86.29552646471669,40.958887113143426,29.135795235199737,1756989379.0455415
"(397, 255)",40.9588825,29.1358403,9.993,-0.1577496888848575,0.008437692367215768,86.29552646471669,40.958887113143426,29.135795235199737,1756989379.1594908
"(397, 254)",40.9588825,29.1358403,9.998,0.7678752662588094,3.6651179284429234,86.32527193855209,40.95888494581613,29.135786549684532,1756989379.2687128
"(397, 254)",40.9588825,29.1358403,9.998,0.7678752662588094,3.6651179284429234,86.32527193855209,40.95888494581613,29.135786549684532,1756989379.3819563
"(397, 253)",40.9588823,29.1358396,10.047,2.013370293250978,11.92485971532382,86.6885423797484,40.95888179164562,29.135763554861395,1756989379.5873716
"(397, 254)",40.9588823,29.1358396,10.047,2.013370293250978,11.92485971532382,86.6885423797484,40.95888227701311,29.13576352708855,1756989379.6961546
"(397, 255)",40.958882,29.1358374,10.159,4.71604968084199,15.287505277693667,95.60478060530976,40.95888743434809,29.135750589546767,1756989379.8057394
"(397, 255)",40.958882,29.1358374,10.159,4.71604968084199,15.287505277693667,95.60478060530976,40.95888743434809,29.135750589546767,1756989379.9134784
"(397, 255)",40.9588812,29.135833,10.341,7.846497412848553,12.476936221973133,109.98098326092011,40.95889556595684,29.13575488692206,1756989380.0224686
"(397, 253)",40.9588812,29.135833,10.341,7.846497412848553,12.476936221973133,109.98098326092011,40.95889463570369,29.135754357728892,1756989380.2335892
"(397, 253)",40.9588802,29.1358266,10.59,10.370293292303284,9.40503815219239,124.84096821544246,40.95890164117252,29.135757597646002,1756989380.3391469
"(397, 253)",40.9588802,29.1358266,10.59,10.370293292303284,9.40503815219239,124.84096821544246,40.95890164117252,29.135757597646002,1756989380.4437613
"(397, 254)",40.9588787,29.1358183,10.906,12.10272723282106,6.203192318357567,139.81218280059846,40.95890710364811,29.135760844570274,1756989380.5552452
"(396, 254)",40.9588787,29.1358183,10.906,12.10272723282106,6.203192318357567,139.81218280059846,40.95890670518728,29.135761304539752,1756989380.660094
"(397, 255)",40.9588787,29.1358183,10.906,12.10272723282106,6.203192318357567,139.81218280059846,40.958907399689615,29.135761394515033,1756989380.7771668
"(398, 254)",40.958877,29.1358082,11.286,11.364111429749528,2.5248048264611893,154.72596915521302,40.958910955698336,29.135767161756338,1756989380.886666
"(406, 252)",40.958877,29.1358082,11.286,11.364111429749528,2.5248048264611893,154.72596915521302,40.95891431667805,29.13576352965098,1756989380.9955542
"(419, 250)",40.958877,29.1358082,11.286,11.364111429749528,2.5248048264611893,154.72596915521302,40.95892005089149,29.135758376965054,1756989381.1009011
"(435, 249)",40.9588749,29.1357967,11.732,3.8772879366124378,-0.18781012515445053,169.8521880533933,40.95893203584574,29.135779775519623,1756989381.2096524
"(452, 248)",40.9588749,29.1357967,11.732,3.8772879366124378,-0.18781012515445053,169.8521880533933,40.958940511641664,29.13577707969936,1756989381.3119543
"(464, 243)",40.9588728,29.1357846,12.206,-2.513904271432672,0.9229714666717567,-174.78220493593014,40.95895151514958,29.13580275280667,1756989381.4204478
"(467, 231)",40.9588728,29.1357846,12.206,-2.513904271432672,0.9229714666717567,-174.78220493593014,40.958953534058864,29.13579437779538,1756989381.5228992
"(460, 217)",40.9588728,29.1357846,12.206,-2.513904271432672,0.9229714666717567,-174.78220493593014,40.95895018902311,29.13578397699374,1756989381.626993
"(451, 207)",40.9588707,29.1357729,12.668,-4.860915858703844,3.416118686495054,-159.60771026069622,40.95895036292144,29.135799638748267,1756989381.7333145
"(440, 198)",40.9588707,29.1357729,12.668,-4.860915858703844,3.416118686495054,-159.60771026069622,40.958945762247204,29.135790281229685,1756989381.8367033
"(428, 189)",40.9588707,29.1357729,12.668,-4.860915858703844,3.416118686495054,-159.60771026069622,40.95894067879368,29.13578079328531,1756989381.9391735
"(416, 182)",40.9588687,29.1357618,13.094,-5.002114651868226,5.95948135037458,-144.4892231366564,40.958938930396535,29.13578976183189,1756989382.0462508
"(404, 178)",40.9588669,29.1357515,13.476,-3.7296013175101907,7.9747914173498415,-129.32311593372324,40.95893419507774,29.13579748802876,1756989382.1549392
"(392, 175)",40.9588669,29.1357515,13.476,-3.7296013175101907,7.9747914173498415,-129.32311593372324,40.95893037114897,29.135788058916088,1756989382.2753487
"(370, 177)",40.9588669,29.1357515,13.476,-3.7296013175101907,7.9747914173498415,-129.32311593372324,40.95892015400436,29.13577502942194,1756989382.470955
"(360, 184)",40.9588653,29.1357423,13.81,-1.6871446636787133,9.183131282474198,-114.05390019507958,40.9589123888818,29.13578036636813,1756989382.575825
"(350, 196)",40.958864,29.1357341,14.101,-0.061393275416578616,9.618473026018824,-104.27798703982373,40.95890130063282,29.135777512763635,1756989382.679738
"(344, 213)",40.958864,29.1357341,14.101,-0.061393275416578616,9.618473026018824,-104.27798703982373,40.95888967661964,29.13577599414372,1756989382.7861476
"(341, 232)",40.958864,29.1357341,14.101,-0.061393275416578616,9.618473026018824,-104.27798703982373,40.95887743395619,29.135777423088815,1756989382.8917425
"(344, 248)",40.9588628,29.1357271,14.35,0.4347329495739962,9.929602656864892,-101.60702790451191,40.95886642584845,29.135778030910153,1756989382.999332
"(349, 262)",40.9588628,29.1357271,14.35,0.4347329495739962,9.929602656864892,-101.60702790451191,40.95885814034126,29.13578484422057,1756989383.1067123
"(356, 271)",40.9588628,29.1357271,14.35,0.4347329495739962,9.929602656864892,-101.60702790451191,40.95885323942094,29.135792633022323,1756989383.2143943
"(365, 278)",40.9588619,29.1357212,14.563,0.44149262237691383,10.527404718686503,-100.89243985316683,40.95884821901418,29.135799074485266,1756989383.3182747
"(375, 282)",40.9588619,29.1357212,14.563,0.44149262237691383,10.527404718686503,-100.89243985316683,40.95884668350819,29.135809186565428,1756989383.4212034
"(386, 282)",40.9588612,29.1357166,14.738,0.2387229021764677,10.739662238654757,-100.76530954214539,40.95884644269767,29.1358173433103,1756989383.5240326
"(397, 281)",40.9588612,29.1357166,14.738,0.2387229021764677,10.739662238654757,-100.76530954214539,40.958848398024514,29.13582818773125,1756989383.6305568
"(406, 279)",40.9588612,29.1357166,14.738,0.2387229021764677,10.739662238654757,-100.76530954214539,40.95885085593056,29.135837032799635,1756989383.7324214
"(416, 273)",40.9588607,29.1357132,14.877,0.007235662449626166,9.682319073059166,-100.82792871645606,40.95885488021738,29.13583954920744,1756989383.8376172
"(425, 267)",40.9588607,29.1357132,14.877,0.007235662449626166,9.682319073059166,-100.82792871645606,40.95886029703137,29.135847845741033,1756989383.9412825
"(433, 258)",40.9588607,29.1357132,14.877,0.007235662449626166,9.682319073059166,-100.82792871645606,40.958867809322015,29.135854671501797,1756989384.041846
"(440, 248)",40.9588604,29.135711,14.977,-0.11998918816164034,7.891399076452217,-100.93233498810888,40.958874509834715,29.135850073603184,1756989384.157101
"(446, 237)",40.9588602,29.1357096,15.034,-0.3300681712693522,5.9192126894623005,-101.03704861827434,40.95888125083014,29.135843647406965,1756989384.266238
"(450, 228)",40.9588602,29.1357096,15.034,-0.3300681712693522,5.9192126894623005,-101.03704861827434,40.95888807465994,29.13584594836862,1756989384.3680432
"(454, 222)",40.9588602,29.1357096,15.034,-0.3300681712693522,5.9192126894623005,-101.03704861827434,40.95889284146901,29.135848807618085,1756989384.4776092
"(458, 219)",40.9588601,29.135709,15.049,-0.26465814431121104,3.970780846632042,-101.17106375997916,40.95889405017595,29.135841891102416,1756989384.5856953
"(462, 217)",40.9588601,29.135709,15.049,-0.26465814431121104,3.970780846632042,-101.17106375997916,40.95889599064027,29.13584530797813,1756989384.691136
"(466, 216)",40.9588601,29.1357089,15.038,-0.025844727120500795,2.230849919726531,-101.28234120193702,40.95889633663965,29.13583993081926,1756989384.81035
"(470, 216)",40.9588601,29.1357089,15.038,-0.025844727120500795,2.230849919726531,-101.28234120193702,40.95889689446941,29.135843547983296,1756989384.9188209
"(474, 215)",40.9588601,29.1357089,15.038,-0.025844727120500795,2.230849919726531,-101.28234120193702,40.95889811770325,29.135846994927004,1756989385.0288274
"(478, 216)",40.9588601,29.1357089,15.038,-0.025844727120500795,2.230849919726531,-101.28234120193702,40.95889801274542,29.135850799277545,1756989385.1324134
"(480, 216)",40.9588601,29.135709,15.018,-0.29249498047999467,0.9202523043301511,-101.37234943481944,40.95889645131394,29.13584589213434,1756989385.2426267
"(481, 216)",40.9588601,29.1357093,15.001,-0.17510654692739538,0.032680187342263155,-101.46874389457582,40.958896136041005,29.135842407063674,1756989385.348881
"(480, 216)",40.9588601,29.1357093,15.001,-0.17510654692739538,0.032680187342263155,-101.46874389457582,40.95889600552509,29.135841555494647,1756989385.4527526
"(478, 217)",40.9588601,29.1357093,15.001,-0.17510654692739538,0.032680187342263155,-101.46874389457582,40.95889510221321,29.135840027007124,1756989385.5602324
"(476, 217)",40.9588601,29.1357096,14.989,0.13663497281876966,-0.48906673089547736,-101.54781016440789,40.9588951993278,29.135835875685707,1756989385.6662457
"(473, 218)",40.9588601,29.1357096,14.989,0.13663497281876966,-0.48906673089547736,-101.54781016440789,40.95889417391108,29.135833527376477,1756989385.7731988
"(470, 218)",40.9588601,29.1357099,14.983,-0.09314092182361686,-0.7127873893642765,-101.63512730275734,40.95889317469502,29.13583026265538,1756989385.8868003
"(465, 218)",40.9588601,29.1357099,14.983,-0.09314092182361686,-0.7127873893642765,-101.63512730275734,40.95889252992493,29.135826088486002,1756989385.9923825
"(462, 220)",40.9588601,29.1357099,14.983,-0.09314092182361686,-0.7127873893642765,-101.63512730275734,40.9588908712293,29.135823931468433,1756989386.1076243
"(458, 220)",40.9588601,29.1357101,14.981,-0.032248131186513575,-0.7354496902261144,-101.71955527108787,40.95889059704176,29.135820590934586,1756989386.2176847
"(454, 221)",40.9588601,29.1357101,14.981,-0.032248131186513575,-0.7354496902261144,-101.71955527108787,40.95888944096149,29.13581742481343,1756989386.323903
"(450, 220)",40.9588601,29.1357101,14.981,-0.032248131186513575,-0.7354496902261144,-101.71955527108787,40.95888955648296,29.135813907020005,1756989386.437237
"(443, 220)",40.9588601,29.1357102,14.983,0.3052207168012127,-0.6520278941376942,-101.80034274859078,40.9588896056097,29.135808295200643,1756989386.6532621
"(441, 220)",40.95886,29.1357102,14.985,0.1062783237846736,-0.4832881240533822,-101.87813860323722,40.9588890113897,29.13580734859097,1756989386.7652287
"(438, 221)",40.95886,29.1357102,14.985,0.1062783237846736,-0.4832881240533822,-101.87813860323722,40.95888797385843,29.135805002318556,1756989386.8712637
"(436, 222)",40.95886,29.1357103,14.988,0.030279529261455735,-0.3027743351395845,-101.95441132569876,40.95888712655853,29.135804318790957,1756989386.9867442
"(433, 221)",40.95886,29.1357103,14.988,0.030279529261455735,-0.3027743351395845,-101.95441132569876,40.958887361934565,29.13580160762959,1756989387.199303
"(431, 220)",40.9588599,29.1357103,14.99,0.35462438220241405,-0.13252037081321877,-102.01787744346652,40.95888859897008,29.135800214049986,1756989387.3125973
"(430, 220)",40.9588599,29.1357103,14.99,0.35462438220241405,-0.13252037081321877,-102.01787744346652,40.95888846291911,29.135799366780194,1756989387.421346
"(429, 220)",40.9588599,29.1357102,14.992,0.19433110152217475,0.0016324289687279334,-102.08087227818154,40.95888812872821,29.135798986806257,1756989387.536552
"(428, 221)",40.9588599,29.1357102,14.992,0.19433110152217475,0.0016324289687279334,-102.08087227818154,40.95888734988524,29.135798318038432,1756989387.7464356
"(428, 222)",40.9588599,29.1357101,14.992,-0.023100353443431035,0.10574835046386953,-102.13729647091502,40.95888634201686,29.13579887733588,1756989387.8595
"(427, 221)",40.9588599,29.1357101,14.992,-0.023100353443431035,0.10574835046386953,-102.13729647091502,40.95888684518156,29.135797844382225,1756989387.9719138
"(428, 221)",40.9588598,29.1357101,14.993,0.2348312684947207,0.16367810632144345,-102.18949960674142,40.95888759459439,29.135798759092477,1756989388.096732
"(429, 219)",40.9588598,29.1357101,14.993,0.2348312684947207,0.16367810632144345,-102.18949960674142,40.95888901868657,29.13579924667205,1756989388.3014216
"(429, 220)",40.9588598,29.13571,14.993,0.21694731194732822,0.18205294269479091,-102.2462653089334,40.95888841499358,29.135799371216308,1756989388.406138
"(429, 221)",40.9588598,29.13571,14.993,0.21694731194732822,0.18205294269479091,-102.2462653089334,40.95888777257735,29.135799554067297,1756989388.618713
"(429, 221)",40.9588598,29.13571,14.993,-0.07474133935474132,0.18409971826933366,-102.28901546294851,40.95888714029619,29.135799685361906,1756989388.7245886
"(430, 220)",40.9588598,29.13571,14.993,-0.07474133935474132,0.18409971826933366,-102.28901546294851,40.95888792179255,29.135800350620308,1756989388.934195
"(431, 220)",40.9588598,29.1357099,14.994,0.14832083951927966,0.1717108490124148,-102.33373954163375,40.9588886320633,29.135800915985016,1756989389.0435271
"(431, 219)",40.9588598,29.1357099,14.994,0.1901329631014234,0.14117400704821337,-102.38330622444053,40.95888940782582,29.13580055739114,1756989389.1554334
"(431, 220)",40.9588598,29.1357099,14.994,0.1901329631014234,0.14117400704821337,-102.38330622444053,40.95888876599733,29.135800742395798,1756989389.2633896
"(432, 220)",40.9588598,29.1357099,14.994,0.1901329631014234,0.14117400704821337,-102.38330622444053,40.95888890716153,29.135801592767496,1756989389.391904
"(432, 221)",40.9588598,29.1357099,14.994,-0.11147226910185838,0.13000626088905906,-102.42509332178267,40.95888760017109,29.135801863815367,1756989389.5911164
"(433, 221)",40.9588598,29.1357099,14.994,-0.11147226910185838,0.13000626088905906,-102.42509332178267,40.958887741677295,29.13580271346481,1756989389.6943252
"(433, 220)",40.9588598,29.1357099,14.995,0.053376427589662094,0.0995791488487208,-102.45494124845563,40.958888783616594,29.135802307320507,1756989389.9088295
"(433, 220)",40.9588598,29.1357099,14.995,0.21732443977513344,0.07791697044229395,-102.50282770472658,40.95888920976125,29.135802105799645,1756989390.0166538
"(434, 220)",40.9588598,29.1357099,14.995,0.21732443977513344,0.07791697044229395,-102.50282770472658,40.95888935204251,29.135802954897365,1756989390.1433277
"(433, 221)",40.9588598,29.1357099,14.995,-0.06192758430668005,0.052940946334167585,-102.52516242331252,40.95888792178804,29.135802325726154,1756989390.340153
"(433, 222)",40.9588598,29.1357099,14.995,-0.06192758430668005,0.052940946334167585,-102.52516242331252,40.95888728169038,29.135802514556133,1756989390.4500375
"(433, 221)",40.9588598,29.1357099,14.995,-0.05754281630294343,0.043580422205663036,-102.55818638794955,40.958887964956816,29.135802265163576,1756989390.6585686
"(434, 220)",40.9588598,29.1357099,14.995,-0.05754281630294343,0.043580422205663036,-102.55818638794955,40.95888874762005,29.135802923858957,1756989390.7646272
"(434, 220)",40.9588598,29.1357099,14.995,0.224566001100294,0.04072462940023079,-102.57869744602709,40.958889432328455,29.1358027527028,1756989390.8745089
"(433, 220)",40.9588598,29.1357099,14.995,0.224566001100294,0.04072462940023079,-102.57869744602709,40.958889289341315,29.135801904442285,1756989390.9911106
"(433, 221)",40.9588598,29.1357099,14.995,0.012587742654352621,0.04881036942328254,-102.60840876891665,40.958888194356625,29.13580221568379,1756989391.093185
"(433, 222)",40.9588598,29.1357099,14.995,0.012587742654352621,0.04881036942328254,-102.60840876891665,40.95888755424057,29.1358024051753,1756989391.20233
"(433, 222)",40.9588598,29.1357099,14.995,-0.09268804159502667,0.06134336967891257,-102.63680869548556,40.95888735259423,29.135802493157264,1756989391.413618
"(433, 222)",40.9588598,29.1357099,14.995,-0.09268804159502667,0.06134336967891257,-102.63680869548556,40.95888735259423,29.135802493157264,1756989391.5212398
"(433, 221)",40.9588598,29.1357099,14.994,0.20069027444372106,0.06828949197193702,-102.66221016900883,40.95888871389381,29.135802150752365,1756989391.6275165
"(433, 220)",40.9588598,29.1357099,14.994,0.20069027444372106,0.06828949197193702,-102.66221016900883,40.95888935462097,29.135801961852803,1756989391.7365263
"(433, 221)",40.9588598,29.1357099,14.994,0.09747735823484771,0.07510483348463294,-102.6779332644782,40.9588884965996,29.135802221778878,1756989391.8414693
"(433, 222)",40.9588598,29.1357099,14.994,0.09747735823484771,0.07510483348463294,-102.6779332644782,40.9588878562482,29.135802411694428,1756989392.0569432
"(433, 223)",40.9588598,29.1357099,14.995,-0.13407369190065455,0.07887661869078735,-102.7028088134354,40.95888671057413,29.135802734629756,1756989392.1623564
"(433, 223)",40.9588598,29.1357099,14.995,-0.13407369190065455,0.07887661869078735,-102.7028088134354,40.95888671057413,29.135802734629756,1756989392.2712834
"(433, 222)",40.9588598,29.1357098,14.995,0.1590671283220898,0.07101577131729687,-102.71272624811024,40.958888041383325,29.135802245919116,1756989392.3906486
"(433, 222)",40.9588598,29.1357098,14.995,0.1590671283220898,0.07101577131729687,-102.71272624811024,40.958888041383325,29.135802245919116,1756989392.4961061
"(433, 221)",40.9588598,29.1357098,14.995,0.1590671283220898,0.07101577131729687,-102.71272624811024,40.958888681877596,29.1358020559472,1756989392.7047582
"(433, 222)",40.9588598,29.1357098,14.995,0.1631819837916919,0.07672163397668884,-102.7306623248707,40.958888077372535,29.13580225438853,1756989392.8096704
"(433, 222)",40.9588598,29.1357098,14.995,-0.1337766453728251,0.08763127369041071,-102.75523051531523,40.95888742172368,29.13580244338646,1756989392.9201097
"(433, 223)",40.9588598,29.1357098,14.995,-0.1337766453728251,0.08763127369041071,-102.75523051531523,40.95888678221746,29.13580263622922,1756989393.1312165
"(433, 222)",40.9588598,29.1357098,14.996,0.08407271845240762,0.08846793851320421,-102.76895919554697,40.95888795018197,29.135802324672504,1756989393.2357028
"(433, 222)",40.9588598,29.1357098,14.996,0.08407271845240762,0.08846793851320421,-102.76895919554697,40.95888795018197,29.135802324672504,1756989393.3438287
"(433, 221)",40.9588598,29.1357098,14.996,0.199722468654842,0.08718584397090538,-102.78475059290804,40.95888887955673,29.135802055625525,1756989393.462079
"(433, 221)",40.9588598,29.1357098,14.996,0.199722468654842,0.08718584397090538,-102.78475059290804,40.95888887955673,29.135802055625525,1756989393.5713925
"(433, 222)",40.9588598,29.1357098,14.996,0.199722468654842,0.08718584397090538,-102.78475059290804,40.95888823895927,29.135802246399894,1756989393.6927319
"(433, 223)",40.9588598,29.1357098,14.997,-0.09439456836121832,0.08692176110994919,-102.79606138617358,40.95888692710008,29.135802598293132,1756989393.9104953
"(433, 223)",40.9588598,29.1357098,14.997,-0.09439456836121832,0.08692176110994919,-102.79606138617358,40.95888692710008,29.135802598293132,1756989394.0210948
"(433, 223)",40.9588598,29.1357098,14.998,0.003618984319493518,0.08263150851689526,-102.80282327345189,40.95888716256413,29.135802528673057,1756989394.1426976
"(433, 222)",40.9588598,29.1357098,14.998,0.003618984319493518,0.08263150851689526,-102.80282327345189,40.95888780249621,29.13580233613793,1756989394.2719283
"(433, 221)",40.9588598,29.1357098,14.998,0.2468350858371801,0.07509821673887448,-102.81155225521117,40.95888901674735,29.135801977205073,1756989394.3770642
"(433, 222)",40.9588598,29.1357098,14.998,0.2468350858371801,0.07509821673887448,-102.81155225521117,40.958888376041614,29.13580216802547,1756989394.4822721
"(433, 223)",40.9588598,29.1357098,14.998,-0.05430629714718917,0.0777846622075514,-102.83367523793284,40.95888706127871,29.135802522501653,1756989394.6937804
"(433, 223)",40.9588598,29.1357098,14.998,-0.05430629714718917,0.0777846622075514,-102.83367523793284,40.95888706127871,29.135802522501653,1756989394.8017554
"(433, 223)",40.9588598,29.1357098,14.998,-0.027312905964569457,0.06881149451534053,-102.8480118050007,40.95888713473101,29.13580246309027,1756989394.9152603
"(433, 223)",40.9588598,29.1357098,14.998,-0.027312905964569457,0.06881149451534053,-102.8480118050007,40.95888713473101,29.13580246309027,1756989395.0268595
"(433, 222)",40.9588598,29.1357098,14.998,0.2587715617832914,0.06536263585066757,-102.85367403182264,40.95888844746939,29.135802095465166,1756989395.1279476
"(433, 222)",40.9588598,29.1357098,14.998,0.2587715617832914,0.06536263585066757,-102.85367403182264,40.95888844746939,29.135802095465166,1756989395.3365366
"(433, 222)",40.9588598,29.1357098,14.998,0.015855170250380506,0.06458584190481745,-102.86006708888577,40.958887886574345,29.135802221443715,1756989395.4509962
"(433, 223)",40.9588598,29.1357098,14.998,0.015855170250380506,0.06458584190481745,-102.86006708888577,40.95888724685852,29.135802414699278,1756989395.5698078
"(433, 223)",40.9588598,29.1357098,14.998,-0.07218802254392015,0.07290656644873342,-102.86469795714304,40.95888705363623,29.135802493829384,1756989395.7840843
"(433, 223)",40.9588598,29.1357098,14.998,-0.07218802254392015,0.07290656644873342,-102.86469795714304,40.95888705363623,29.135802493829384,1756989395.8917253
"(433, 222)",40.9588598,29.1357098,14.998,0.23375956912526338,0.06781790209430202,-102.8660503345987,40.95888840596332,29.135802110558828,1756989396.0132444
"(433, 222)",40.9588598,29.1357098,14.998,0.23375956912526338,0.06781790209430202,-102.8660503345987,40.95888840596332,29.135802110558828,1756989396.1191957
"(433, 222)",40.9588598,29.1357098,14.998,0.04291531585996652,0.06448514330530604,-102.8793965242369,40.95888797327814,29.13580219354287,1756989396.2257462
"(433, 222)",40.9588598,29.1357098,14.998,0.04291531585996652,0.06448514330530604,-102.8793965242369,40.95888797327814,29.13580219354287,1756989396.3395991
"(433, 223)",40.9588598,29.1357098,14.998,0.04291531585996652,0.06448514330530604,-102.8793965242369,40.95888733352238,29.135802386879533,1756989396.5497522
"(433, 223)",40.9588598,29.1357098,14.998,-0.13271485778179223,0.05892084031852656,-102.88172561874387,40.95888692228902,29.13580246230663,1756989396.656323
"(433, 223)",40.9588598,29.1357098,14.998,0.16812770776144229,0.06750043837013527,-102.88684143043221,40.95888763730762,29.135802324054083,1756989396.7801688
"(433, 222)",40.9588598,29.1357098,14.998,0.16812770776144229,0.06750043837013527,-102.88684143043221,40.95888827748261,29.13580213154721,1756989396.8797898
"(433, 222)",40.9588598,29.1357098,14.998,0.16812770776144229,0.06750043837013527,-102.88684143043221,40.95888827748261,29.13580213154721,1756989396.9967668
"(433, 222)",40.9588598,29.1357098,14.998,0.10890215029248325,0.06720007012921338,-102.89503765743623,40.95888814873081,29.135802157573973,1756989397.108689
"(433, 222)",40.9588598,29.1357098,14.998,0.10890215029248325,0.06720007012921338,-102.89503765743623,40.95888814873081,29.135802157573973,1756989397.212491
"(433, 223)",40.9588598,29.1357098,14.998,-0.12543120808391411,0.059307319635800854,-102.89628075186518,40.95888695735077,29.13580245057932,1756989397.321427
"(433, 223)",40.9588598,29.1357098,14.998,-0.12543120808391411,0.059307319635800854,-102.89628075186518,40.95888695735077,29.13580245057932,1756989397.5315962
"(433, 223)",40.9588598,29.1357098,14.998,0.11476486717894749,0.06841825170996235,-102.8984595822104,40.95888752760353,29.135802349963082,1756989397.6360338
"(433, 222)",40.9588598,29.1357098,14.998,0.11476486717894749,0.06841825170996235,-102.8984595822104,40.958888167575005,29.135802156879866,1756989397.7460854
"(433, 222)",40.9588598,29.1357098,14.998,0.17326356979025553,0.06161433608989166,-102.90628014881007,40.95888830844094,29.135802092827156,1756989397.9473896
"(433, 223)",40.9588598,29.1357098,14.998,0.17326356979025553,0.06161433608989166,-102.90628014881007,40.958887668334256,29.135802285572026,1756989398.1747763
"(433, 224)",40.9588598,29.1357098,14.998,-0.126329271238065,0.06326834910673224,-102.91347233800609,40.95888634024928,29.135802650967815,1756989398.2877831
"(433, 223)",40.9588598,29.1357098,14.998,0.04789928622102631,0.05858608767802321,-102.91815784777673,40.95888738778076,29.13580233623552,1756989398.3949134
"(433, 223)",40.9588598,29.1357098,14.998,0.04789928622102631,0.05858608767802321,-102.91815784777673,40.95888738778076,29.13580233623552,1756989398.4983764
"(433, 222)",40.9588598,29.1357098,14.998,0.04789928622102631,0.05858608767802321,-102.91815784777673,40.95888802741788,29.135802142374413,1756989398.6138494
"(433, 222)",40.9588598,29.1357098,14.998,0.2002167102145291,0.05465237562871857,-102.91664154578098,40.9588883785026,29.135802043855826,1756989398.8218668
"(433, 223)",40.9588598,29.1357098,14.998,0.2002167102145291,0.05465237562871857,-102.91664154578098,40.95888773837388,29.13580223653789,1756989398.9296548
"(433, 223)",40.9588598,29.1357098,14.998,-0.06964851285378444,0.06504683298304703,-102.91630003632248,40.95888711639475,29.135802428991664,1756989399.0510952
"(433, 223)",40.9588598,29.1357098,14.998,-0.06964851285378444,0.06504683298304703,-102.91630003632248,40.95888711639475,29.135802428991664,1756989399.154751
"(433, 223)",40.9588598,29.1357098,14.998,-0.023228956433950988,0.06822347125669798,-102.91819882891174,40.958887229495176,29.135802414069264,1756989399.2665222
"(433, 223)",40.9588598,29.1357098,14.998,-0.023228956433950988,0.06822347125669798,-102.91819882891174,40.958887229495176,29.135802414069264,1756989399.3814328
"(433, 222)",40.9588598,29.1357098,14.998,0.24256445669777674,0.0591494849030567,-102.91845154591104,40.95888848335412,29.135802037035283,1756989399.6012473
"(433, 222)",40.9588598,29.1357098,14.998,0.24256445669777674,0.0591494849030567,-102.91845154591104,40.95888848335412,29.135802037035283,1756989399.7150455
"(433, 223)",40.9588598,29.1357098,14.999,0.05884396733983086,0.06491476487214248,-102.93133328268567,40.958887436244105,29.135802352691627,1756989399.8208125
"(433, 223)",40.9588598,29.1357098,14.999,0.05884396733983086,0.06491476487214248,-102.93133328268567,40.958887436244105,29.135802352691627,1756989399.9274962
"(433, 224)",40.9588598,29.1357098,14.999,-0.08857683467374096,0.05892283468040335,-102.92737177296706,40.95888644354244,29.135802609884962,1756989400.0424519
"(433, 223)",40.9588598,29.1357098,14.999,-0.08857683467374096,0.05892283468040335,-102.92737177296706,40.95888708275946,29.135802414839915,1756989400.1505644
"(433, 223)",40.9588598,29.1357098,14.999,-0.08857683467374096,0.05892283468040335,-102.92737177296706,40.95888708275946,29.135802414839915,1756989400.2684455
"(433, 222)",40.9588598,29.1357098,14.999,0.22207406261051038,0.04767670809845918,-102.93292471676229,40.958888445730665,29.1358019998539,1756989400.4686878
"(433, 223)",40.9588598,29.1357098,14.999,0.22207406261051038,0.04767670809845918,-102.93292471676229,40.95888780556937,29.135802192612125,1756989400.5803933
"(433, 223)",40.9588598,29.1357098,15.0,0.1476733055694507,0.040642837217909226,-102.93146305627991,40.95888762634079,29.13580221368238,1756989400.6901972
"(433, 223)",40.9588598,29.1357098,15.0,0.1476733055694507,0.040642837217909226,-102.93146305627991,40.95888762634079,29.13580221368238,1756989400.8095922
"(433, 224)",40.9588598,29.1357098,15.0,-0.10302252468575925,0.03220522239068282,-102.93685207553504,40.958886402371256,29.135802513606475,1756989400.9316556
"(433, 224)",40.9588598,29.1357098,15.0,-0.10302252468575925,0.03220522239068282,-102.93685207553504,40.958886402371256,29.135802513606475,1756989401.0416455
"(433, 223)",40.9588598,29.1357098,15.0,4.1465929040759315,1.2798040276884948,-102.88743565689,40.95889813696879,29.13580513824433,1756989401.1532948
"(433, 223)",40.9588598,29.1357098,15.0,4.1465929040759315,1.2798040276884948,-102.88743565689,40.95889813696879,29.13580513824433,1756989401.2545247
"(433, 222)",40.9588598,29.1357098,15.0,4.1465929040759315,1.2798040276884948,-102.88743565689,40.958898802118355,29.1358049737068,1756989401.3715565
"(433, 222)",40.9588603,29.1357099,15.0,12.168624044159698,3.88685489720551,-102.17666568129097,40.95892172645751,29.13581416952178,1756989401.4813085
"(433, 223)",40.9588603,29.1357099,15.0,12.168624044159698,3.88685489720551,-102.17666568129097,40.95892097962199,29.13581426126596,1756989401.6044471
"(433, 224)",40.958862,29.13571,14.999,16.452771408590984,2.553802181139067,-93.01178124918447,40.95891942024235,29.13582186698688,1756989401.8626506
"(433, 224)",40.958862,29.13571,14.999,16.452771408590984,2.553802181139067,-93.01178124918447,40.95891942024235,29.13582186698688,1756989401.9780903
"(433, 223)",40.9588652,29.1357104,14.999,16.242312789695383,-1.6754992978655474,-79.3692297028927,40.958901494966504,29.135818957432587,1756989402.1021233
"(433, 223)",40.9588652,29.1357104,14.999,16.242312789695383,-1.6754992978655474,-79.3692297028927,40.958901494966504,29.135818957432587,1756989402.2049344
"(433, 222)",40.9588652,29.1357104,14.999,16.242312789695383,-1.6754992978655474,-79.3692297028927,40.958902196323024,29.135819281727905,1756989402.4088442
"(433, 222)",40.95887,29.135711,14.998,15.024437126716041,-5.606272204712534,-65.00568338781437,40.95888619850938,29.13581129412362,1756989402.5140328
"(433, 223)",40.9588763,29.1357116,14.995,12.853273668825313,-8.974466442009371,-50.15519581133293,40.958873722818026,29.13579756965257,1756989402.6230059
"(433, 224)",40.9588763,29.1357116,14.995,12.853273668825313,-8.974466442009371,-50.15519581133293,40.958873263957535,29.135796932503,1756989402.7271204
"(433, 223)",40.9588763,29.1357116,14.995,12.853273668825313,-8.974466442009371,-50.15519581133293,40.958873722818026,29.13579756965257,1756989402.8366878
"(435, 217)",40.9588841,29.1357125,14.992,9.789202142059755,-11.602672861985148,-34.905620281647636,40.95886759540585,29.135785301191703,1756989402.9421642
"(439, 207)",40.9588841,29.1357125,14.992,9.789202142059755,-11.602672861985148,-34.905620281647636,40.958868862551476,29.135794244241104,1756989403.0635815
"(453, 181)",40.9588933,29.1357135,14.99,4.0158114300562895,-8.63756736119849,-18.94344428566574,40.95884889445041,29.135796868873793,1756989403.2713997
"(459, 166)",40.9588933,29.1357135,14.99,4.0158114300562895,-8.63756736119849,-18.94344428566574,40.958848310139444,29.135810090818815,1756989403.3790913
"(459, 152)",40.9589033,29.1357146,14.995,0.2387358955441466,-0.48570168879048253,-3.549370768003537,40.958817431345295,29.135798637150778,1756989403.4810987
"(None, None)",40.9589033,29.1357146,14.995,0.2387358955441466,-0.48570168879048253,-3.549370768003537,,,1756989403.5915895
"(441, 128)",40.9589135,29.1357157,15.005,0.20138783419313505,4.558366653002606,3.5220696481173497,40.9588141532712,29.135811077113523,1756989403.701953
"(427, 122)",40.9589135,29.1357157,15.005,0.20138783419313505,4.558366653002606,3.5220696481173497,40.95882403865933,29.135816783262104,1756989403.80517
"(413, 115)",40.9589135,29.1357157,15.005,0.20138783419313505,4.558366653002606,3.5220696481173497,40.95883377122657,29.135823332457694,1756989403.9127388
"(401, 110)",40.9589232,29.1357169,15.014,0.601426330949949,6.898578146624796,5.53332066173492,40.95884126295888,29.135829321216494,1756989404.0179439
"(389, 108)",40.9589232,29.1357169,15.014,0.601426330949949,6.898578146624796,5.53332066173492,40.9588499604792,29.135831385042476,1756989404.1223423
"(376, 104)",40.9589323,29.135718,15.02,0.21883084333266503,8.191520149903516,6.134840054012311,40.95886391973222,29.13583439589515,1756989404.2370424
"(364, 104)",40.9589323,29.135718,15.02,0.21883084333266503,8.191520149903516,6.134840054012311,40.958872619846815,29.135834537199806,1756989404.344412
"(354, 106)",40.9589323,29.135718,15.02,0.21883084333266503,8.191520149903516,6.134840054012311,40.95887990207463,29.135832854334044,1756989404.4482496
"(343, 108)",40.9589407,29.135719,15.021,0.3538036122436754,8.853922140895108,6.316891062376184,40.95889413569921,29.13583276278541,1756989404.558281
"(333, 110)",40.9589407,29.135719,15.021,0.3538036122436754,8.853922140895108,6.316891062376184,40.9589012620495,29.135831077395167,1756989404.66089
"(329, 117)",40.9589407,29.135719,15.021,0.3538036122436754,8.853922140895108,6.316891062376184,40.95890454294278,29.135824907772328,1756989404.7664928
"(330, 127)",40.9589482,29.13572,15.02,0.2683297178356367,9.119190466559123,6.31943616161566,40.958911477712796,29.135816654246252,1756989404.8695073
"(336, 135)",40.9589548,29.1357208,15.016,-0.13558568500752644,9.2702187557128,6.279147863909516,40.95891437871171,29.135808603034068,1756989404.9757197
"(344, 139)",40.9589548,29.1357208,15.016,-0.13558568500752644,9.2702187557128,6.279147863909516,40.95890909691853,29.135804834913728,1756989405.0795481
"(353, 139)",40.9589548,29.1357208,15.016,-0.13558568500752644,9.2702187557128,6.279147863909516,40.95890273777725,29.13580457344073,1756989405.1907587
"(362, 138)",40.9589606,29.1357216,15.011,0.16611719088643878,9.438707569705967,6.231610601059874,40.95890144171368,29.135807305800462,1756989405.296635
"(371, 136)",40.9589606,29.1357216,15.011,0.16611719088643878,9.438707569705967,6.231610601059874,40.958894705968746,29.135808903192782,1756989405.3985403
"(381, 133)",40.9589606,29.1357216,15.011,0.16611719088643878,9.438707569705967,6.231610601059874,40.95888704035155,29.13581142565094,1756989405.5004785
"(390, 131)",40.9589654,29.1357222,15.007,-0.023917813361763837,9.88831330955852,6.160284643104723,40.958883753772035,29.135813216846078,1756989405.6066213
"(398, 129)",40.9589654,29.1357222,15.007,-0.023917813361763837,9.88831330955852,6.160284643104723,40.95887742072247,29.13581495672579,1756989405.7096379
"(415, 128)",40.9589693,29.1357227,15.004,-0.19629111234991717,10.371350264077345,6.0974678201949395,40.95886635814541,29.135815896272753,1756989405.9184952
"(422, 128)",40.9589693,29.1357227,15.004,-0.19629111234991717,10.371350264077345,6.0974678201949395,40.95886064171579,29.1358158251654,1756989406.026734
"(430, 127)",40.9589722,29.1357231,15.002,0.12378063684208498,9.648230452685278,6.0373937451237385,40.95885935301729,29.13581800233593,1756989406.1337945
"(437, 126)",40.9589722,29.1357231,15.002,0.12378063684208498,9.648230452685278,6.0373937451237385,40.9588534879515,29.135818875213747,1756989406.2428212
"(450, 125)",40.9589742,29.1357234,14.999,-0.06675271941900399,7.997745121829316,5.959673449444987,40.95885188791259,29.13581746204136,1756989406.4394927
"(455, 125)",40.9589742,29.1357234,14.999,-0.06675271941900399,7.997745121829316,5.959673449444987,40.95884783737801,29.135817319807515,1756989406.5456917
"(461, 126)",40.9589754,29.1357235,14.996,-0.22407468104730266,6.050649007868618,5.904006980822559,40.958852889892995,29.135813619350056,1756989406.662268
"(465, 126)",40.9589754,29.1357235,14.996,-0.22407468104730266,6.050649007868618,5.904006980822559,40.958849804358834,29.13581343469145,1756989406.7665727
"(471, 125)",40.958976,29.1357236,14.995,0.08937208480458465,4.143794660950342,5.836245100953686,40.95885348195436,29.13581368631998,1756989406.8698325
"(476, 123)",40.958976,29.1357236,14.995,0.08937208480458465,4.143794660950342,5.836245100953686,40.958849655774316,29.135815222795536,1756989406.9807746
"(481, 122)",40.9589763,29.1357236,14.993,-0.010592027579683014,2.4983630297499544,5.765070260933922,40.958853491325826,29.135813825803666,1756989407.0967865
"(486, 121)",40.9589763,29.1357236,14.993,-0.010592027579683014,2.4983630297499544,5.765070260933922,40.95884990830852,29.135814369093453,1756989407.1978858
"(490, 122)",40.9589763,29.1357236,14.993,-0.010592027579683014,2.4983630297499544,5.765070260933922,40.95884715907147,29.135813190667395,1756989407.3121357
"(496, 122)",40.9589763,29.1357236,14.993,-0.010592027579683014,2.4983630297499544,5.765070260933922,40.958842923601225,29.135812765842267,1756989407.421504
"(500, 122)",40.9589763,29.1357236,14.993,-0.2261101041003929,1.231944038400569,5.710057782924523,40.958846206177405,29.135810348923734,1756989407.5343137
"(503, 122)",40.9589762,29.1357237,14.994,0.050445969610822504,0.34650560847636963,5.65438491099975,40.95884761888341,29.1358105444684,1756989407.6432722
"(504, 121)",40.9589762,29.1357237,14.994,0.050445969610822504,0.34650560847636963,5.65438491099975,40.95884689331211,29.135811330376473,1756989407.7455516
"(503, 121)",40.9589762,29.1357237,14.994,0.050445969610822504,0.34650560847636963,5.65438491099975,40.95884755335973,29.135811413816796,1756989407.8548238
"(501, 122)",40.958976,29.1357236,14.994,0.1097568444134472,-0.20257477966462312,5.598779487193029,40.95885106635386,29.13581044059371,1756989407.9634233
"(499, 124)",40.958976,29.1357236,14.994,0.1097568444134472,-0.20257477966462312,5.598779487193029,40.95885249427678,29.135808886604686,1756989408.063594
"(494, 126)",40.958976,29.1357236,14.994,0.1097568444134472,-0.20257477966462312,5.598779487193029,40.95885586942156,29.13580759045925,1756989408.1749456
"(490, 128)",40.9589758,29.1357236,14.995,-0.17335859212904067,-0.4680651264973047,5.557451293185752,40.95885987454342,29.135805002625567,1756989408.2814972
"(487, 129)",40.9589758,29.1357236,14.995,-0.17335859212904067,-0.4680651264973047,5.557451293185752,40.95886186353907,29.13580440661568,1756989408.3831475
"(483, 130)",40.9589757,29.1357235,14.996,0.02426246444047842,-0.5521400594251072,5.510952219089951,40.95886451173702,29.135804610356647,1756989408.4886754
"(478, 131)",40.9589757,29.1357235,14.996,0.02426246444047842,-0.5521400594251072,5.510952219089951,40.95886778829715,29.135804184946927,1756989408.5918312
"(475, 130)",40.9589757,29.1357235,14.996,0.02426246444047842,-0.5521400594251072,5.510952219089951,40.958869654566044,29.135805302920442,1756989408.6974018
"(471, 132)",40.9589756,29.1357235,14.997,0.2118139845590273,-0.5087873012983025,5.469148473161711,40.95887191076109,29.13580478502489,1756989408.799224
"(467, 134)",40.9589756,29.1357235,14.997,0.2118139845590273,-0.5087873012983025,5.469148473161711,40.95887462031103,29.135803404674853,1756989408.908712
"(464, 135)",40.9589756,29.1357234,14.997,-0.05155194999320881,-0.3837402780149884,5.431452659132411,40.95887651147166,29.135801871699332,1756989409.0248215
"(462, 136)",40.9589756,29.1357234,14.997,-0.05155194999320881,-0.3837402780149884,5.431452659132411,40.95887786520856,29.135801180683597,1756989409.1515937
"(457, 137)",40.9589756,29.1357234,14.997,-0.05155194999320881,-0.3837402780149884,5.431452659132411,40.958881158353314,29.13580074241461,1756989409.3729424
"(455, 137)",40.9589756,29.1357234,14.997,0.0332413167310488,-0.24765852383856332,5.395298760308241,40.95888193757283,29.135801388215206,1756989409.4780307
"(454, 137)",40.9589756,29.1357234,14.998,0.2998662486983194,-0.12135039683845628,5.35517737534994,40.9588819144397,29.13580264782362,1756989409.5879943
"(453, 137)",40.9589756,29.1357234,14.998,0.2998662486983194,-0.12135039683845628,5.35517737534994,40.9588825671526,29.135802729781265,1756989409.6929688
"(452, 137)",40.9589756,29.1357234,14.998,0.2998662486983194,-0.12135039683845628,5.35517737534994,40.95888321987897,29.1358028117406,1756989409.801611
"(451, 137)",40.9589756,29.1357233,14.998,0.0929246836373838,-0.009008796066675338,5.33105656229604,40.95888373316723,29.135802125659193,1756989409.9118755
"(450, 138)",40.9589756,29.1357233,14.998,0.0929246836373838,-0.009008796066675338,5.33105656229604,40.95888444812795,29.13580134068302,1756989410.0157797
"(450, 138)",40.9589756,29.1357233,14.999,-0.02531250764129536,0.07843392371499268,5.2951686139626775,40.9588843052133,29.135801024969304,1756989410.124612
"(450, 137)",40.9589756,29.1357233,14.999,-0.02531250764129536,0.07843392371499268,5.2951686139626775,40.95888424485257,29.13580189000213,1756989410.2344503
"(450, 137)",40.9589756,29.1357233,14.999,0.3020060989405168,0.12345273440107149,5.263031293257298,40.95888379288212,29.13580322950376,1756989410.3437004
"(450, 137)",40.9589756,29.1357233,14.999,0.3020060989405168,0.12345273440107149,5.263031293257298,40.95888379288212,29.13580322950376,1756989410.4488916
"(450, 136)",40.9589756,29.1357233,14.999,0.3020060989405168,0.12345273440107149,5.263031293257298,40.95888373012983,29.13580409975169,1756989410.5546596
"(450, 137)",40.9589756,29.1357233,14.999,0.16786074341443,0.12895373140600272,5.237793744274101,40.95888393837932,29.135802775081412,1756989410.6650105
"(451, 137)",40.9589756,29.1357233,14.999,0.16786074341443,0.12895373140600272,5.237793744274101,40.958883282448305,29.13580269645235,1756989410.7701013
"(451, 138)",40.9589756,29.1357233,14.999,0.16786074341443,0.12895373140600272,5.237793744274101,40.95888334380152,29.135801828087196,1756989410.8732758
"(451, 137)",40.9589756,29.1357232,14.999,-0.028332661878790955,0.14304889397538187,5.206670706660468,40.9588834678588,29.135801925535983,1756989410.9849064
"(452, 137)",40.9589756,29.1357232,14.999,-0.028332661878790955,0.14304889397538187,5.206670706660468,40.958882812798876,29.13580184758563,1756989411.0918849
"(452, 137)",40.9589756,29.1357232,14.999,-0.028332661878790955,0.14304889397538187,5.206670706660468,40.958882812798876,29.13580184758563,1756989411.1999896
"(452, 136)",40.9589756,29.1357232,14.999,0.24448024471868599,0.14225420413349352,5.19582607380578,40.95888248462385,29.13580377777538,1756989411.3035786
"(453, 136)",40.9589756,29.1357232,14.999,0.2618015777734119,0.13062535350429724,5.1688438383764685,40.958881878088036,29.13580381717483,1756989411.4161797
"(453, 137)",40.9589756,29.1357232,14.999,0.2618015777734119,0.13062535350429724,5.1688438383764685,40.95888193947471,29.13580294728657,1756989411.5169501
"(453, 138)",40.9589756,29.1357232,14.999,0.2618015777734119,0.13062535350429724,5.1688438383764685,40.95888200085864,29.135802077437145,1756989411.6217816
"(453, 138)",40.9589756,29.1357232,15.0,-0.03731641169514071,0.1340628596475177,5.153260334898261,40.95888230531718,29.135800984901937,1756989411.7324176
"(454, 138)",40.9589756,29.1357232,15.0,-0.03731641169514071,0.1340628596475177,5.153260334898261,40.95888165031612,29.13580090769458,1756989411.839003
"(454, 138)",40.9589756,29.1357232,15.0,-0.03731641169514071,0.1340628596475177,5.153260334898261,40.95888165031612,29.13580090769458,1756989411.9476779
"(454, 137)",40.9589756,29.1357232,15.0,0.16046771730833911,0.1323590075940772,5.134165687299844,40.958881412598636,29.13580256553213,1756989412.053181
"(455, 137)",40.9589756,29.1357232,15.0,0.16046771730833911,0.1323590075940772,5.134165687299844,40.95888075644963,29.13580248848699,1756989412.1597505
"(455, 137)",40.9589756,29.1357232,15.0,0.28624303619233227,0.12014318758308296,5.115820226076013,40.958880685967465,29.135803000140772,1756989412.273173
"(454, 137)",40.9589756,29.1357232,15.0,0.28624303619233227,0.12014318758308296,5.115820226076013,40.95888134267612,29.135803077060263,1756989412.3811948
"(454, 137)",40.9589756,29.1357232,15.0,0.28624303619233227,0.12014318758308296,5.115820226076013,40.95888134267612,29.135803077060263,1756989412.485408
"(454, 138)",40.9589756,29.1357232,15.0,0.007300757687572891,0.11400899735753715,5.0959930406891125,40.958881731980966,29.135801188430342,1756989412.5959413
"(454, 138)",40.9589756,29.1357232,15.0,0.007300757687572891,0.11400899735753715,5.0959930406891125,40.958881731980966,29.135801188430342,1756989412.6946783
"(454, 138)",40.9589756,29.1357232,15.0,0.05657605772080234,0.10089526093473745,5.0917045356639905,40.95888173081135,29.135801376124938,1756989412.7992995
"(454, 137)",40.9589756,29.1357232,15.0,0.05657605772080234,0.10089526093473745,5.0917045356639905,40.9588816720623,29.135802242904923,1756989412.9038231
"(455, 136)",40.9589757,29.1357231,15.0,0.4404948544691366,0.12168383546795719,5.075584435449114,40.95888059900347,29.135804451301286,1756989413.0108147
"(455, 136)",40.9589757,29.1357231,15.0,0.4404948544691366,0.12168383546795719,5.075584435449114,40.95888059900347,29.135804451301286,1756989413.1182656
"(455, 137)",40.9589757,29.1357231,15.0,0.4404948544691366,0.12168383546795719,5.075584435449114,40.958880660894955,29.135803578673272,1756989413.2265265
"(454, 138)",40.9589757,29.1357232,15.0,5.551659719656404,2.508552818217967,5.214935235556184,40.958866497269476,29.13582534113344,1756989413.3528285
"(455, 138)",40.9589757,29.1357232,15.0,5.551659719656404,2.508552818217967,5.214935235556184,40.95886576088173,29.135825278909554,1756989413.5486307
"(455, 138)",40.9589753,29.135724,14.999,13.330846472008128,5.646034150965763,7.080709409711417,40.95883529645777,29.135863423173717,1756989413.6557422
"(455, 138)",40.9589753,29.135724,14.999,13.330846472008128,5.646034150965763,7.080709409711417,40.95883529645777,29.135863423173717,1756989413.7608666
"(455, 136)",40.9589743,29.1357263,14.998,16.651567479478793,3.3041349602883447,18.43901603244008,40.9588157296163,29.13584378865614,1756989413.864942
"(455, 136)",40.9589743,29.1357263,14.998,16.651567479478793,3.3041349602883447,18.43901603244008,40.9588157296163,29.13584378865614,1756989413.9716253
"(455, 137)",40.9589743,29.1357263,14.998,16.651567479478793,3.3041349602883447,18.43901603244008,40.95881625748845,29.135842553764803,1756989414.083465
"(455, 138)",40.9589726,29.1357305,14.997,16.394255470424195,-0.97338157111933,32.269884431885565,40.95881866972316,29.135794533278354,1756989414.3077726
"(455, 138)",40.9589701,29.1357365,14.995,15.07759648902625,-4.952624808689606,46.681662127787924,40.95882821038113,29.13575325518675,1756989414.420501
"(455, 138)",40.9589701,29.1357365,14.995,15.07759648902625,-4.952624808689606,46.681662127787924,40.95882821038113,29.13575325518675,1756989414.5229993
"(454, 138)",40.9589669,29.1357443,14.992,12.91439617793411,-8.41830975110462,61.517014005068624,40.958843683563884,29.135722041399788,1756989414.6401758
"(455, 137)",40.9589669,29.1357443,14.992,12.91439617793411,-8.41830975110462,61.517014005068624,40.95884270861639,29.135721636720813,1756989414.7506046
"(456, 136)",40.9589669,29.1357443,14.992,12.91439617793411,-8.41830975110462,61.517014005068624,40.95884173292218,29.135721231731896,1756989414.8601665
"(459, 129)",40.958963,29.1357538,14.989,10.103228626887555,-11.169478359160845,76.71667792739404,40.95885553530066,29.135697733537956,1756989414.9796145
"(470, 115)",40.958963,29.1357538,14.989,10.103228626887555,-11.169478359160845,76.71667792739404,40.95884492968103,29.135690907225975,1756989415.0949264
"(484, 99)",40.9589583,29.135765,14.986,6.816220579386429,-13.09099071892479,92.15091103638522,40.9588602771563,29.135664805372137,1756989415.2003992
"(498, 77)",40.9589583,29.135765,14.986,6.816220579386429,-13.09099071892479,92.15091103638522,40.95884753697918,29.13565291679741,1756989415.3061156
"(512, 52)",40.9589583,29.135765,14.986,6.816220579386429,-13.09099071892479,92.15091103638522,40.95883285932499,29.13564074535774,1756989415.4105692
"(509, 36)",40.958953,29.1357778,14.984,2.995759816668497,-13.482969298976299,107.80919484072032,40.95885959731123,29.13562694802317,1756989415.5172296
"(None, None)",40.958953,29.1357778,14.984,2.995759816668497,-13.482969298976299,107.80919484072032,,,1756989415.6235774
"(None, None)",40.958953,29.1357778,14.984,2.995759816668497,-13.482969298976299,107.80919484072032,,,1756989415.7254536
"(None, None)",40.9589471,29.135792,14.988,0.7611823212024317,-6.342368094867155,116.96407987588194,,,1756989415.8300192
"(None, None)",40.9589471,29.135792,14.988,0.7611823212024317,-6.342368094867155,116.96407987588194,,,1756989415.9334254
"(None, None)",40.9589471,29.135792,14.988,0.7611823212024317,-6.342368094867155,116.96407987588194,,,1756989416.0351915
"(None, None)",40.9589409,29.1358069,14.999,0.40518314998614097,1.8892076994239013,119.46418865929506,,,1756989416.1373703
"(None, None)",40.9589347,29.1358216,15.014,0.25365839145716995,5.617597512130061,120.17952803144884,,,1756989416.2404091
"(None, None)",40.9589347,29.1358216,15.014,0.25365839145716995,5.617597512130061,120.17952803144884,,,1756989416.340632
"(288, 26)",40.9589347,29.1358216,15.014,0.25365839145716995,5.617597512130061,120.17952803144884,40.95880958168478,29.13573707321607,1756989416.440916
"(270, 31)",40.9589287,29.1358358,15.025,0.5485163239052981,7.365609406597343,120.38887332950974,40.958803016033464,29.135761591358712,1756989416.5512974
"(253, 36)",40.9589287,29.1358358,15.025,0.5485163239052981,7.365609406597343,120.38887332950974,40.958801643872675,29.135776873667844,1756989416.6635654
"(239, 47)",40.9589287,29.1358358,15.025,0.5485163239052981,7.365609406597343,120.38887332950974,40.95880435154875,29.135792157152157,1756989416.766669
"(226, 62)",40.9589231,29.1358491,15.031,0.1830393447409024,8.261462994551739,120.40215121725623,40.95880681239988,29.135819692511596,1756989416.869621
"(215, 78)",40.9589231,29.1358491,15.031,0.1830393447409024,8.261462994551739,120.40215121725623,40.95881282249776,29.13583425494623,1756989416.981184
"(208, 95)",40.9589178,29.1358615,15.031,0.04913374286190694,8.624225440428518,120.36581461087177,40.958816034048915,29.13585790916606,1756989417.0889103
"(204, 113)",40.9589178,29.1358615,15.031,0.04913374286190694,8.624225440428518,120.36581461087177,40.95882460737993,29.135868066052087,1756989417.1985004
"(210, 130)",40.9589129,29.135873,15.027,0.24637925075136108,8.658998787266698,120.30786728595338,40.958829750881065,29.135882199772542,1756989417.3091502
"(225, 141)",40.9589129,29.135873,15.027,0.24637925075136108,8.658998787266698,120.30786728595338,40.958839468117645,29.135876315528016,1756989417.4160538
"(246, 149)",40.9589129,29.135873,15.027,0.24637925075136108,8.658998787266698,120.30786728595338,40.958849367404,29.135864754872113,1756989417.520612
"(267, 153)",40.9589085,29.1358836,15.022,-0.18193649597357012,8.56953953083881,120.25806154652564,40.95885388013388,29.13586269691856,1756989417.6278558
"(287, 154)",40.9589085,29.1358836,15.022,-0.18193649597357012,8.56953953083881,120.25806154652564,40.95886011139581,29.135848180137746,1756989417.7302594
"(303, 156)",40.9589085,29.1358836,15.022,-0.18193649597357012,8.56953953083881,120.25806154652564,40.95886590447501,29.135836788086042,1756989417.8337693
"(317, 156)",40.9589044,29.1358931,15.016,0.04089413348449149,8.488844260889694,120.18735542823767,40.958865324178376,29.135835236107138,1756989417.940968
"(329, 155)",40.9589044,29.1358931,15.016,0.04089413348449149,8.488844260889694,120.18735542823767,40.95886839189498,29.135825203840295,1756989418.0448992
"(340, 155)",40.9589007,29.1359018,15.01,0.08939555690974996,8.481059552783172,120.12424448030676,40.95886791019721,29.135824967894443,1756989418.149349
"(350, 152)",40.9589007,29.1359018,15.01,0.08939555690974996,8.481059552783172,120.12424448030676,40.958869273723316,29.135815354339456,1756989418.2540863
"(359, 152)",40.9589007,29.1359018,15.01,0.08939555690974996,8.481059552783172,120.12424448030676,40.95887211493948,29.135807806484692,1756989418.3576756
"(369, 152)",40.9588975,29.1359095,15.006,-0.19070760612620363,8.62533876126323,120.0595489284884,40.958872855516354,29.13580720222216,1756989418.4639468
"(378, 152)",40.9588975,29.1359095,15.006,-0.19070760612620363,8.62533876126323,120.0595489284884,40.95887577002889,29.135799433743745,1756989418.5693238
"(386, 153)",40.9588975,29.1359095,15.006,-0.19070760612620363,8.62533876126323,120.0595489284884,40.95887899718188,29.135792897865684,1756989418.6736343
"(394, 152)",40.9588947,29.1359162,15.003,0.19951352089513513,8.96886312556902,120.00222998097365,40.95887757485237,29.135789800008457,1756989418.7777104
"(401, 152)",40.9588923,29.1359219,15.002,0.12371422926066249,9.66117878380433,119.94913209036596,40.95887832856555,29.135786535548817,1756989418.8832326
"(409, 150)",40.9588923,29.1359219,15.002,0.12371422926066249,9.66117878380433,119.94913209036596,40.9588798128376,29.13577810647931,1756989418.9837785
"(415, 150)",40.9588923,29.1359219,15.002,0.12371422926066249,9.66117878380433,119.94913209036596,40.95888188007374,29.135772423715096,1756989419.088518
"(428, 151)",40.9588904,29.1359266,15.001,-0.04308354261881114,10.300659513715004,119.88630801038019,40.95888614887161,29.135762447803334,1756989419.303725
"(434, 150)",40.9588904,29.1359266,15.001,-0.04308354261881114,10.300659513715004,119.88630801038019,40.958887661195945,29.135755968234978,1756989419.406939
"(440, 150)",40.9588889,29.1359301,15.0,0.31028282079111774,9.632529555330711,119.83642030868242,40.958886598588755,29.1357558855158,1756989419.513594
"(447, 149)",40.9588889,29.1359301,15.0,0.31028282079111774,9.632529555330711,119.83642030868242,40.95888849542929,29.135748354812083,1756989419.6153677
"(453, 149)",40.9588879,29.1359325,14.999,0.08650486610652718,8.07638621238555,119.76292747321308,40.958888208941644,29.13575401320913,1756989419.7294474
"(458, 149)",40.9588879,29.1359325,14.999,0.08650486610652718,8.07638621238555,119.76292747321308,40.95889001054879,29.135749162316994,1756989419.8325474
"(464, 148)",40.9588879,29.1359325,14.999,0.08650486610652718,8.07638621238555,119.76292747321308,40.95889155175584,29.135742806921403,1756989419.9367814
"(468, 149)",40.9588873,29.135934,14.998,-0.061937149239560715,6.180715873346347,119.70700188428901,40.958890902293895,29.13575221075292,1756989420.043772
"(474, 148)",40.9588873,29.135934,14.998,-0.061937149239560715,6.180715873346347,119.70700188428901,40.9588924123721,29.135746193413404,1756989420.150388
"(479, 147)",40.9588873,29.135934,14.998,-0.061937149239560715,6.180715873346347,119.70700188428901,40.95889357456222,29.13574106878007,1756989420.2518113
"(485, 146)",40.958887,29.1359348,14.996,0.23536863896375673,4.311226930056272,119.65517440886696,40.95889163877815,29.135746008518097,1756989420.356176
"(490, 146)",40.9588868,29.1359352,14.995,0.05591720460005395,2.7081642429379436,119.59215908358442,40.95889140241025,29.1357518510676,1756989420.4600668
"(496, 145)",40.9588868,29.1359352,14.995,0.05591720460005395,2.7081642429379436,119.59215908358442,40.95889283938969,29.135746415847382,1756989420.5621138
"(502, 145)",40.9588868,29.1359352,14.995,0.05591720460005395,2.7081642429379436,119.59215908358442,40.95889487645306,29.13574141397444,1756989420.6691732
"(507, 145)",40.9588868,29.1359352,14.995,-0.09873599401219445,1.4452557553785332,119.55105500515928,40.958895131502395,29.13574531715847,1756989420.7735355
"(512, 144)",40.9588868,29.1359352,14.995,-0.09873599401219445,1.4452557553785332,119.55105500515928,40.95889620723958,29.135740897262774,1756989420.8772335
"(515, 144)",40.9588868,29.1359352,14.995,-0.09873599401219445,1.4452557553785332,119.55105500515928,40.958897203763456,29.135738504761196,1756989420.9787772
"(517, 143)",40.9588869,29.1359351,14.996,0.16433839351511326,0.542676138638967,119.50418624707466,40.95889553939954,29.135741027350296,1756989421.080391
"(516, 143)",40.9588869,29.1359351,14.996,0.16433839351511326,0.542676138638967,119.50418624707466,40.95889521271826,29.135741799913898,1756989421.1818125
"(515, 144)",40.958887,29.1359349,14.997,0.16206112573650902,-0.035600026511377496,119.46003590427969,40.95889470894166,29.135746202951808,1756989421.2871096
"(512, 145)",40.958887,29.1359349,14.997,0.16206112573650902,-0.035600026511377496,119.46003590427969,40.95889431209576,29.135748900721502,1756989421.3918853
"(507, 148)",40.958887,29.1359349,14.997,0.16206112573650902,-0.035600026511377496,119.46003590427969,40.95889441229395,29.13575397002953,1756989421.4939582
"(503, 149)",40.958887,29.1359348,14.998,-0.0731116455466057,-0.32545782026002,119.42262012800636,40.958893708914005,29.13575956210333,1756989421.601225
"(499, 149)",40.958887,29.1359348,14.998,-0.0731116455466057,-0.32545782026002,119.42262012800636,40.9588924282441,29.135762551430652,1756989421.7023056
"(495, 151)",40.958887,29.1359348,14.998,-0.0731116455466057,-0.32545782026002,119.42262012800636,40.95889228352187,29.135766387842253,1756989421.8092575
"(491, 151)",40.9588871,29.1359347,14.999,0.2029653144067171,-0.4520125277613351,119.37670759640554,40.958890295861046,29.135769140899693,1756989421.9104342
"(487, 151)",40.9588872,29.1359346,15.0,0.3346536294408108,-0.4359019257782733,119.33875906537695,40.95888878755067,29.135771570720934,1756989422.0158937
"(484, 152)",40.9588872,29.1359346,15.0,0.3346536294408108,-0.4359019257782733,119.33875906537695,40.958888396776565,29.13577424433864,1756989422.122165
"(480, 154)",40.9588872,29.1359346,15.0,0.3346536294408108,-0.4359019257782733,119.33875906537695,40.958888255436065,29.135778095517924,1756989422.2271173
"(476, 155)",40.9588873,29.1359345,15.002,0.052292872105703124,-0.34520224296408725,119.30311913828783,40.95888825159956,29.135781714017583,1756989422.3368225
"(473, 157)",40.9588873,29.1359345,15.002,0.052292872105703124,-0.34520224296408725,119.30311913828783,40.95888843184051,29.13578481152259,1756989422.4435313
"(471, 157)",40.9588873,29.1359345,15.002,0.052292872105703124,-0.34520224296408725,119.30311913828783,40.95888779247849,29.13578631142901,1756989422.549865
"(469, 157)",40.9588873,29.1359345,15.002,0.2112825638250886,-0.21722341434039807,119.26839445654748,40.958886907543665,29.135786820174424,1756989422.659777
"(467, 157)",40.9588873,29.1359345,15.002,0.2112825638250886,-0.21722341434039807,119.26839445654748,40.958886266978155,29.13578832817842,1756989422.7661731
"(466, 157)",40.9588874,29.1359345,15.002,0.41429462233893793,-0.10446530876643188,119.23674335993364,40.95888569553922,29.135788052873274,1756989422.8751185
"(465, 157)",40.9588874,29.1359345,15.002,0.41429462233893793,-0.10446530876643188,119.23674335993364,40.95888537464244,29.135788810710302,1756989422.976455
"(463, 158)",40.9588874,29.1359345,15.002,0.41429462233893793,-0.10446530876643188,119.23674335993364,40.95888530618389,29.135790756406305,1756989423.081083
"(462, 158)",40.9588874,29.1359345,15.003,0.14703715082150073,-0.0027297561384310065,119.21011928254893,40.95888560138357,29.1357917301736,1756989423.1864235
"(461, 159)",40.9588874,29.1359345,15.003,0.14703715082150073,-0.0027297561384310065,119.21011928254893,40.958885854069194,29.13579291509002,1756989423.2906315
"(461, 159)",40.9588874,29.1359345,15.003,0.14703715082150073,-0.0027297561384310065,119.21011928254893,40.958885854069194,29.13579291509002,1756989423.3929963
"(461, 158)",40.9588874,29.1359345,15.003,0.22320496584624996,0.07393209534022703,119.17773052550473,40.95888514850285,29.135791959277977,1756989423.4995387
"(461, 157)",40.9588875,29.1359345,15.003,0.47646273736012956,0.1170731109326548,119.1535926369779,40.958884149963204,29.1357906966835,1756989423.6055598
"(461, 157)",40.9588875,29.1359345,15.003,0.47646273736012956,0.1170731109326548,119.1535926369779,40.958884149963204,29.1357906966835,1756989423.7133963
"(461, 157)",40.9588875,29.1359345,15.003,0.47646273736012956,0.1170731109326548,119.1535926369779,40.958884149963204,29.1357906966835,1756989423.819453
"(461, 157)",40.9588875,29.1359345,15.003,0.19059558835577278,0.13759268006623915,119.13627127724276,40.95888473472871,29.13579133467512,1756989423.921654
"(461, 158)",40.9588875,29.1359345,15.003,0.19059558835577278,0.13759268006623915,119.13627127724276,40.95888530942131,29.135791761157524,1756989424.0258114
"(461, 159)",40.9588875,29.1359345,15.003,0.19059558835577278,0.13759268006623915,119.13627127724276,40.958885884095245,29.135792187626077,1756989424.133568
"(461, 158)",40.9588875,29.1359345,15.004,0.15580441899272612,0.14750111009717234,119.10740689781028,40.95888533825247,29.135791796772555,1756989424.248916
"(462, 157)",40.9588875,29.1359345,15.004,0.15580441899272612,0.14750111009717234,119.10740689781028,40.95888508342652,29.135790608195382,1756989424.352609
"(462, 157)",40.9588875,29.1359345,15.004,0.4206766070250951,0.14677113362962724,119.08927957575307,40.95888449727522,29.13578993766194,1756989424.457877
"(462, 156)",40.9588875,29.1359345,15.004,0.4206766070250951,0.14677113362962724,119.08927957575307,40.958883921177296,29.135789508153167,1756989424.561258
"(462, 157)",40.9588875,29.1359345,15.004,0.4206766070250951,0.14677113362962724,119.08927957575307,40.95888449727522,29.13578993766194,1756989424.663559
"(462, 157)",40.9588875,29.1359346,15.004,0.19165466788352145,0.12968461500804698,119.07354281990536,40.95888492486461,29.135790698728716,1756989424.7734725
"(463, 158)",40.9588875,29.1359346,15.004,0.19165466788352145,0.12968461500804698,119.07354281990536,40.95888581956857,29.135790361408585,1756989424.8826618
"(463, 158)",40.9588875,29.1359346,15.004,0.19165466788352145,0.12968461500804698,119.07354281990536,40.95888581956857,29.135790361408585,1756989424.991292
"(463, 158)",40.9588875,29.1359346,15.004,0.056946468751249917,0.10857494154255733,119.0562214601702,40.95888604196699,29.13579079666318,1756989425.098476
"(463, 157)",40.9588875,29.1359346,15.004,0.3275377462644211,0.09706625955407096,119.04299821393705,40.958884867654085,29.13578973770605,1756989425.2078955
"(464, 156)",40.9588875,29.1359346,15.004,0.3275377462644211,0.09706625955407096,119.04299821393705,40.95888461162124,29.135788547177125,1756989425.31215
"(464, 156)",40.9588875,29.1359346,15.004,0.3275377462644211,0.09706625955407096,119.04299821393705,40.95888461162124,29.135788547177125,1756989425.4157372
"(464, 156)",40.9588875,29.1359346,15.004,0.2554602273767311,0.08722988001475344,119.02230274075191,40.958884710882884,29.135788778169406,1756989425.5283673
"(464, 157)",40.9588875,29.1359346,15.004,0.2554602273767311,0.08722988001475344,119.02230274075191,40.95888528620226,29.135789203968827,1756989425.6282656
"(464, 157)",40.9588875,29.1359346,15.004,0.2554602273767311,0.08722988001475344,119.02230274075191,40.95888528620226,29.135789203968827,1756989425.7367568
"(464, 158)",40.9588875,29.1359346,15.004,-0.021696609496754577,0.08145239375056891,119.01509006098838,40.958886414815915,29.135790355879873,1756989425.8455007
"(464, 157)",40.9588875,29.1359346,15.004,-0.021696609496754577,0.08145239375056891,119.01509006098838,40.95888584068729,29.135789934466544,1756989425.9529498
"(464, 157)",40.9588875,29.1359346,15.004,-0.021696609496754577,0.08145239375056891,119.01509006098838,40.95888584068729,29.135789934466544,1756989426.0588887
"(465, 156)",40.9588875,29.1359345,15.004,0.2129110169933945,0.09049608447998148,119.00132039962163,40.95888508155148,29.135788011008206,1756989426.169333
"(464, 156)",40.9588875,29.1359345,15.004,0.3104664888467676,0.08616925969237757,118.99047405921966,40.95888453403512,29.135788543867076,1756989426.2719257
"(464, 156)",40.9588875,29.1359345,15.004,0.3104664888467676,0.08616925969237757,118.99047405921966,40.95888453403512,29.135788543867076,1756989426.3790221
"(464, 157)",40.9588875,29.1359345,15.004,0.3104664888467676,0.08616925969237757,118.99047405921966,40.9588851097663,29.13578897008932,1756989426.4811356
"(464, 158)",40.9588875,29.1359345,15.004,-0.013463165799137974,0.09708572959526945,118.97576183174745,40.95888634060405,29.135790165917236,1756989426.5840745
"(464, 158)",40.9588875,29.1359345,15.004,-0.013463165799137974,0.09708572959526945,118.97576183174745,40.95888634060405,29.135790165917236,1756989426.6884062
"(464, 158)",40.9588875,29.1359345,15.004,-0.013463165799137974,0.09708572959526945,118.97576183174745,40.95888634060405,29.135790165917236,1756989426.7976625
"(464, 157)",40.9588875,29.1359345,15.003,0.16894861112231319,0.10096349612537148,118.96706017074486,40.9588853754455,29.13578927476924,1756989426.9021893
"(464, 157)",40.9588875,29.1359345,15.003,0.16894861112231319,0.10096349612537148,118.96706017074486,40.9588853754455,29.13578927476924,1756989427.0040298
"(464, 157)",40.9588875,29.1359345,15.003,0.16894861112231319,0.10096349612537148,118.96706017074486,40.9588853754455,29.13578927476924,1756989427.1139054
"(464, 157)",40.9588875,29.1359346,15.003,0.3451815656335921,0.11594875774160755,118.95872733995743,40.95888500986462,29.135788858405853,1756989427.2200632
"(464, 157)",40.9588875,29.1359346,15.002,0.04964161811950764,0.12430377330361243,118.95404183018681,40.95888562436852,29.13578958263292,1756989427.325975
"(464, 158)",40.9588875,29.1359346,15.002,0.04964161811950764,0.12430377330361243,118.95404183018681,40.95888619935965,29.135790004488545,1756989427.4255564
"(464, 158)",40.9588875,29.1359346,15.002,0.04964161811950764,0.12430377330361243,118.95404183018681,40.95888619935965,29.135790004488545,1756989427.5355268
"(464, 158)",40.9588875,29.1359346,15.002,0.0877655496066036,0.11643606239041887,118.94751216934027,40.95888609910701,29.135789944051623,1756989427.6480696
"(464, 158)",40.9588875,29.1359346,15.002,0.0877655496066036,0.11643606239041887,118.94751216934027,40.95888609910701,29.135789944051623,1756989427.75129
"(464, 157)",40.9588875,29.1359346,15.002,0.0877655496066036,0.11643606239041887,118.94751216934027,40.95888552397501,29.13578952174124,1756989427.8522162
"(464, 157)",40.9588875,29.1359346,15.002,0.34133576892447826,0.11298588304463685,118.94348235772998,40.95888498546744,29.13578889221593,1756989427.962213
"(464, 157)",40.9588875,29.1359346,15.002,0.34133576892447826,0.11298588304463685,118.94348235772998,40.95888498546744,29.13578889221593,1756989428.0663767
"(464, 158)",40.9588875,29.1359346,15.002,0.11023090223052841,0.12353216203059933,118.93519050807757,40.958886037002195,29.135789855845353,1756989428.1767492
"(464, 158)",40.9588875,29.1359346,15.002,0.11023090223052841,0.12353216203059933,118.93519050807757,40.958886037002195,29.135789855845353,1756989428.2825663
"(464, 158)",40.9588875,29.1359346,15.002,0.11023090223052841,0.12353216203059933,118.93519050807757,40.958886037002195,29.135789855845353,1756989428.3897216
"(465, 158)",40.9588875,29.1359346,15.002,0.019324502807297,0.11316709650105375,118.923114733625,40.958886508433125,29.135789369120133,1756989428.4909046
"(464, 158)",40.9588875,29.1359346,15.002,0.019324502807297,0.11316709650105375,118.923114733625,40.95888619074892,29.13579013186368,1756989428.5980604
"(465, 157)",40.9588875,29.1359346,15.002,0.019324502807297,0.11316709650105375,118.923114733625,40.95888593347091,29.13578894819035,1756989428.7028623
"(465, 157)",40.9588875,29.1359346,15.001,0.33569339233981305,0.10344931145728588,118.9140715631639,40.95888524859525,29.135788196873744,1756989428.8087337
"(465, 157)",40.9588875,29.1359346,15.001,0.1388237282826414,0.10000450821743259,118.92054658249707,40.958885666077876,29.135788714183494,1756989428.9122467
"(465, 158)",40.9588875,29.1359346,15.001,0.1388237282826414,0.10000450821743259,118.92054658249707,40.95888624142218,29.135789136815408,1756989429.0139549
"(465, 158)",40.9588875,29.1359346,15.001,0.1388237282826414,0.10000450821743259,118.92054658249707,40.95888624142218,29.135789136815408,1756989429.1177506
"(465, 158)",40.9588875,29.1359346,15.001,0.008724800436194311,0.10455038597625954,118.90877133636796,40.95888649329281,29.135789444797986,1756989429.2348566
"(465, 158)",40.9588875,29.1359346,15.001,0.008724800436194311,0.10455038597625954,118.90877133636796,40.95888649329281,29.135789444797986,1756989429.3364089
"(465, 158)",40.9588875,29.1359346,15.001,0.008724800436194311,0.10455038597625954,118.90877133636796,40.95888649329281,29.135789444797986,1756989429.4437747
"(465, 157)",40.9588875,29.1359345,15.001,0.28089627873268164,0.10976810355340715,118.908170279721,40.9588853581018,29.135788208480598,1756989429.5516741
"(465, 157)",40.9588875,29.1359345,15.001,0.28089627873268164,0.10976810355340715,118.908170279721,40.9588853581018,29.135788208480598,1756989429.6555176
"(465, 157)",40.9588875,29.1359345,15.001,0.21062698572668637,0.10492552611229455,118.90946801566331,40.958885501188924,29.135788409597843,1756989429.7588925
"(465, 158)",40.9588875,29.1359345,15.001,0.21062698572668637,0.10492552611229455,118.90946801566331,40.9588860769333,29.135788833214097,1756989429.8657365
"(465, 158)",40.9588875,29.1359345,15.001,0.21062698572668637,0.10492552611229455,118.90946801566331,40.9588860769333,29.135788833214097,1756989429.9709737
"(465, 159)",40.9588875,29.1359345,15.001,-0.0431463916983565,0.116691754257258,118.89791133558765,40.95888716835146,29.135789840316896,1756989430.077223
"(465, 158)",40.9588875,29.1359345,15.001,-0.0431463916983565,0.116691754257258,118.89791133558765,40.958886593517825,29.135789420683427,1756989430.18417
"(465, 158)",40.9588875,29.1359345,15.001,-0.0431463916983565,0.116691754257258,118.89791133558765,40.958886593517825,29.135789420683427,1756989430.287522
"(465, 157)",40.9588875,29.1359345,15.001,0.2112578177295605,0.12029756053049583,118.90241926043986,40.95888550339839,29.135788338581918,1756989430.3936207
"(465, 157)",40.9588875,29.1359345,15.001,0.29626804634661846,0.11744703710928654,118.9042087700024,40.958885327040555,29.135788134564688,1756989430.5017219
"(465, 157)",40.9588875,29.1359345,15.001,0.29626804634661846,0.11744703710928654,118.9042087700024,40.958885327040555,29.135788134564688,1756989430.6033218
"(465, 158)",40.9588875,29.1359345,15.001,0.29626804634661846,0.11744703710928654,118.9042087700024,40.95888590326837,29.13578855950076,1756989430.7082677
"(465, 158)",40.9588875,29.1359345,15.001,-0.03637727735953048,0.10753595237592202,118.89944129796173,40.958886572133906,29.135789445014662,1756989430.8136432
"(465, 159)",40.9588875,29.1359345,15.001,-0.03637727735953048,0.10753595237592202,118.89944129796173,40.95888714692136,29.135789864723844,1756989430.9215574
"(465, 158)",40.9588875,29.1359345,15.001,-0.03637727735953048,0.10753595237592202,118.89944129796173,40.958886572133906,29.135789445014662,1756989431.0242658
"(465, 158)",40.9588875,29.1359345,15.001,0.14363399572732866,0.09106347042876856,118.89201005214476,40.95888616673113,29.13578906598168,1756989431.1342208
"(465, 157)",40.9588875,29.1359345,15.001,0.14363399572732866,0.09106347042876856,118.89201005214476,40.95888559127133,29.135788643702224,1756989431.239779
"(465, 157)",40.9588875,29.1359345,15.001,0.30040911533520315,0.087426528097869,118.89221495781986,40.958885262005566,29.13578826087364,1756989431.3467863
"(465, 158)",40.9588875,29.1359345,15.001,0.30040911533520315,0.087426528097869,118.89221495781986,40.95888583810393,29.135788685554722,1756989431.451524
"(465, 158)",40.9588875,29.1359345,15.001,0.30040911533520315,0.087426528097869,118.89221495781986,40.95888583810393,29.135788685554722,1756989431.5572836
"(465, 158)",40.9588875,29.1359345,15.0,0.014000103545007607,0.08919656094910722,118.88903208966663,40.95888642743503,29.135789411072512,1756989431.6604655
"(465, 159)",40.9588875,29.1359345,15.0,0.014000103545007607,0.08919656094910722,118.88903208966663,40.95888700231561,29.135789831286196,1756989431.762875
"(465, 159)",40.9588875,29.1359345,15.0,0.014000103545007607,0.08919656094910722,118.88903208966663,40.95888700231561,29.135789831286196,1756989431.8654995
"(465, 158)",40.9588875,29.1359345,15.0,0.11227767780507115,0.08303327571852274,118.88681910837555,40.95888621282622,29.13578919133121,1756989431.9700687
"(465, 158)",40.9588875,29.1359345,15.0,0.3149162236888987,0.08406009194059234,118.88914137269335,40.95888579846673,29.13578867384497,1756989432.0792558
"(465, 157)",40.9588875,29.1359345,15.0,0.3149162236888987,0.08406009194059234,118.88914137269335,40.958885222351476,29.13578824902645,1756989432.1799731
"(465, 157)",40.9588875,29.1359345,15.0,0.3149162236888987,0.08406009194059234,118.88914137269335,40.958885222351476,29.13578824902645,1756989432.2862158
"(465, 158)",40.9588875,29.1359345,15.0,0.024405169703901396,0.07597235422061051,118.88534378751483,40.9588863840034,29.13578944474088,1756989432.396943
"(465, 158)",40.9588875,29.1359345,15.0,0.024405169703901396,0.07597235422061051,118.88534378751483,40.9588863840034,29.13578944474088,1756989432.4972427
"(465, 159)",40.9588875,29.1359345,15.0,0.024405169703901396,0.07597235422061051,118.88534378751483,40.958886958852766,29.13578986499519,1756989432.6087966
"(465, 159)",40.9588875,29.1359345,15.001,0.0716157740874134,0.08459859632775232,118.88452416481442,40.95888686945144,29.1357896982171,1756989432.7164016
"(465, 158)",40.9588875,29.1359345,15.001,0.0716157740874134,0.08459859632775232,118.88452416481442,40.95888629430545,29.135789277181498,1756989432.8197165
"(465, 158)",40.9588875,29.1359345,15.001,0.33016478109351083,0.08115866226572531,118.88110907022941,40.95888574804743,29.13578863889545,1756989432.9287148
"(465, 158)",40.9588875,29.1359345,15.001,0.33016478109351083,0.08115866226572531,118.88110907022941,40.95888574804743,29.13578863889545,1756989433.0339646
"(465, 158)",40.9588875,29.1359345,15.001,0.33016478109351083,0.08115866226572531,118.88110907022941,40.95888574804743,29.13578863889545,1756989433.1384232
"(465, 158)",40.9588875,29.1359345,15.001,0.07612272510405656,0.0676677246439477,118.88378650438406,40.95888626458298,29.135789342391266,1756989433.2442153
"(465, 159)",40.9588875,29.1359345,15.001,0.07612272510405656,0.0676677246439477,118.88378650438406,40.95888683963115,29.13578976339751,1756989433.353978
"(464, 159)",40.9588875,29.1359345,15.001,0.07612272510405656,0.0676677246439477,118.88378650438406,40.95888652241,29.135790525686712,1756989433.4577475
"(465, 159)",40.9588875,29.1359345,15.001,0.0007819326376716553,0.0700162625116941,118.8849612969213,40.95888700014939,29.13578994131572,1756989433.5668101
"(465, 158)",40.9588875,29.1359344,15.001,0.30860691648437877,0.07762766123813367,118.8852345044881,40.95888579675779,29.135788609438006,1756989433.6754944
"(465, 158)",40.9588875,29.1359344,15.001,0.30860691648437877,0.07762766123813367,118.8852345044881,40.95888579675779,29.135788609438006,1756989433.7786322
"(465, 157)",40.9588875,29.1359344,15.001,0.30860691648437877,0.07762766123813367,118.8852345044881,40.95888522065517,29.135788184774984,1756989433.8851845
"(464, 158)",40.9588875,29.1359344,15.0,0.09335628622588382,0.06773756066016842,118.88351329681726,40.9588859113085,29.13578997066293,1756989433.9884427
"(465, 158)",40.9588875,29.1359344,15.0,0.09335628622588382,0.06773756066016842,118.88351329681726,40.95888622854284,29.135789208321448,1756989434.0905383
"(465, 159)",40.9588875,29.1359344,15.0,-0.027656714942324353,0.07671327633310482,118.87997525882719,40.95888705697695,29.135789891855232,1756989434.3128605
"(465, 158)",40.9588875,29.1359344,15.0,-0.027656714942324353,0.07671327633310482,118.87997525882719,40.95888648230378,29.135789472459773,1756989434.4236517
"(465, 158)",40.9588875,29.1359344,15.0,0.27226161228088974,0.09205244046592541,118.87962008899035,40.95888587754838,29.135788646160506,1756989434.530386
"(464, 157)",40.9588875,29.1359344,15.0,0.27226161228088974,0.09205244046592541,118.87962008899035,40.95888498381827,29.135788985970414,1756989434.6328533
"(464, 157)",40.9588875,29.1359344,15.0,0.27226161228088974,0.09205244046592541,118.87962008899035,40.95888498381827,29.135788985970414,1756989434.7374952
"(465, 158)",40.9588875,29.1359344,15.001,0.15674172905417813,0.09308671386718649,118.88501593843466,40.95888612843013,29.135788923924668,1756989434.8444247
"(465, 158)",40.9588875,29.1359344,15.001,0.15674172905417813,0.09308671386718649,118.88501593843466,40.95888612843013,29.135788923924668,1756989434.946015
"(464, 159)",40.9588875,29.1359344,15.0,-0.06401327328319337,0.07843742552096364,118.88946922177351,40.95888683506883,29.135790736462464,1756989435.058509
"(464, 159)",40.9588875,29.1359344,15.0,-0.06401327328319337,0.07843742552096364,118.88946922177351,40.95888683506883,29.135790736462464,1756989435.1740477
"(465, 159)",40.9588875,29.1359344,15.0,-0.06401327328319337,0.07843742552096364,118.88946922177351,40.95888715206302,29.13578997477031,1756989435.28112
"(465, 158)",40.9588875,29.1359344,15.001,0.22054551429902913,0.06758961769552889,118.8861907309719,40.95888596995668,29.13578887797074,1756989435.390202
"(465, 157)",40.9588875,29.1359344,15.001,0.22054551429902913,0.06758961769552889,118.8861907309719,40.95888539430633,29.135788454708138,1756989435.4944372
"(465, 158)",40.9588875,29.1359344,15.001,0.22054551429902913,0.06758961769552889,118.8861907309719,40.95888596995668,29.13578887797074,1756989435.6030817
"(465, 158)",40.9588875,29.1359344,15.001,0.17138681523323585,0.06791798037389858,118.89063035393241,40.958886080688394,29.135789000639505,1756989435.7082853
"(465, 159)",40.9588875,29.1359344,15.0,-0.11294540883771924,0.06935792298915479,118.88681910837555,40.95888723772008,29.135790137759987,1756989435.812032
"(464, 159)",40.9588875,29.1359344,15.0,-0.11294540883771924,0.06935792298915479,118.88681910837555,40.95888692089319,29.13579089901913,1756989435.9166372
"(464, 159)",40.9588875,29.1359344,15.0,-0.11294540883771924,0.06935792298915479,118.88681910837555,40.95888692089319,29.13579089901913,1756989436.023056
"(465, 158)",40.9588874,29.1359344,15.0,0.08697655603576135,0.08718065462796176,118.88818514620955,40.95888617248324,29.135789136356316,1756989436.1281898
"(465, 158)",40.9588874,29.1359344,15.0,0.08697655603576135,0.08718065462796176,118.88818514620955,40.95888617248324,29.135789136356316,1756989436.2323682
"(465, 158)",40.9588874,29.1359344,15.0,0.18173748667271417,0.10181875053529078,118.8862590328636,40.95888598887851,29.135788830862126,1756989436.340382
"(465, 157)",40.9588874,29.1359344,15.0,0.18173748667271417,0.10181875053529078,118.8862590328636,40.95888541318755,29.13578840804453,1756989436.5024679
"(465, 158)",40.9588874,29.1359344,15.0,0.18173748667271417,0.10181875053529078,118.8862590328636,40.95888598887851,29.135788830862126,1756989436.603165
"(465, 159)",40.9588874,29.1359343,15.0,-0.14719168385147227,0.09967439797113073,118.88896378777493,40.958887246827466,29.135789986417578,1756989436.7162976
"(464, 159)",40.9588874,29.1359343,15.0,-0.14719168385147227,0.09967439797113073,118.88896378777493,40.95888692993557,29.13579074813701,1756989436.8264096
"(464, 159)",40.9588874,29.1359343,15.0,-0.14719168385147227,0.09967439797113073,118.88896378777493,40.95888692993557,29.13579074813701,1756989436.928216
"(465, 158)",40.9588874,29.1359343,14.999,-0.03531593333058728,0.08446414031868091,118.88319910811543,40.958886413082865,29.135789366285977,1756989437.0378988
"(464, 158)",40.9588874,29.1359343,14.999,-0.03531593333058728,0.08446414031868091,118.88319910811543,40.958886096092535,29.135790128255074,1756989437.1432137
"(465, 158)",40.9588874,29.1359343,14.999,-0.03531593333058728,0.08446414031868091,118.88319910811543,40.958886413082865,29.135789366285977,1756989437.2492423
"(465, 158)",40.9588874,29.1359343,14.999,0.18606659930688577,0.08394112391907248,118.89121775020104,40.95888596951704,29.13578881039592,1756989437.3570392
"(465, 158)",40.9588873,29.1359343,14.998,-0.12107129289741134,0.09152984428303348,118.88456514594944,40.9588865010529,29.135789559259035,1756989437.462796
"(464, 159)",40.9588873,29.1359343,14.998,-0.12107129289741134,0.09152984428303348,118.88456514594944,40.95888675852291,29.13579073893087,1756989437.5674982
"(464, 159)",40.9588873,29.1359343,14.998,-0.12107129289741134,0.09152984428303348,118.88456514594944,40.95888675852291,29.13579073893087,1756989437.7796166
"(465, 159)",40.9588873,29.1359343,14.998,-0.052165639822091804,0.09739544265555383,118.88908673117999,40.958886948380815,29.135789778939934,1756989437.8823123
"(465, 158)",40.9588873,29.1359343,14.998,0.21089234924811193,0.09138459604146494,118.89071231620245,40.95888582552747,29.13578872362375,1756989437.9845905
"(465, 158)",40.9588873,29.1359343,14.998,0.21089234924811193,0.09138459604146494,118.89071231620245,40.95888582552747,29.13578872362375,1756989438.0919771
"(465, 158)",40.9588873,29.1359343,14.998,0.21089234924811193,0.09138459604146494,118.89071231620245,40.95888582552747,29.13578872362375,1756989438.2300406
"(465, 158)",40.9588873,29.1359343,14.999,-0.036292386912687956,0.08089654041611284,118.89258378803504,40.958886329019094,29.135789384640894,1756989438.3310685
"(465, 159)",40.9588873,29.1359343,14.999,-0.036292386912687956,0.08089654041611284,118.89258378803504,40.95888690357902,29.135789804066377,1756989438.4369397
"(465, 159)",40.9588873,29.1359343,14.999,-0.036292386912687956,0.08089654041611284,118.89258378803504,40.95888690357902,29.135789804066377,1756989438.5402646
"(465, 159)",40.9588873,29.1359343,14.999,-0.07623597684421052,0.07285453961716497,118.89019322182553,40.95888697236959,29.13578994006532,1756989438.6440332
"(465, 159)",40.9588873,29.1359343,14.999,-0.07623597684421052,0.07285453961716497,118.89019322182553,40.95888697236959,29.13578994006532,1756989438.7487104
"(465, 158)",40.9588873,29.1359343,14.999,0.20519471750027837,0.06877324145392451,118.88597216491846,40.95888580287066,29.13578883085222,1756989438.8521554
"(465, 158)",40.9588873,29.1359343,14.999,0.20519471750027837,0.06877324145392451,118.88597216491846,40.95888580287066,29.13578883085222,1756989438.9628265
"(465, 158)",40.9588873,29.1359343,14.999,0.20519471750027837,0.06877324145392451,118.88597216491846,40.95888580287066,29.13578883085222,1756989439.066745
"(465, 158)",40.9588873,29.1359343,14.999,-0.018832917617567852,0.06766310893017265,118.89248816538665,40.95888627785118,29.135789400519464,1756989439.1771014
"(464, 159)",40.9588873,29.1359343,14.999,-0.018832917617567852,0.06766310893017265,118.89248816538665,40.958886535328645,29.13579058176367,1756989439.2825809
"(464, 159)",40.9588873,29.1359343,14.999,-0.018832917617567852,0.06766310893017265,118.89248816538665,40.958886535328645,29.13579058176367,1756989439.3848846
"(465, 159)",40.9588873,29.1359343,14.999,-0.11691130748647689,0.07087438506745629,118.89501533537955,40.95888706322078,29.135790050380045,1756989439.4848828
"(465, 158)",40.9588873,29.1359343,15.0,0.19672194787615688,0.06810450990528472,118.8878299763727,40.95888582314032,29.13578884554208,1756989439.5946133
"(465, 158)",40.9588873,29.1359343,15.0,0.19672194787615688,0.06810450990528472,118.8878299763727,40.95888582314032,29.13578884554208,1756989439.691852
"(465, 158)",40.9588873,29.1359343,15.0,0.19672194787615688,0.06810450990528472,118.8878299763727,40.95888582314032,29.13578884554208,1756989439.8074534
"(465, 158)",40.9588873,29.1359343,15.0,-0.006354608901097515,0.07649727160060317,118.89425035419252,40.9588862652633,29.135789319541022,1756989439.9136448
"(465, 158)",40.9588873,29.1359343,15.0,-0.006354608901097515,0.07649727160060317,118.89425035419252,40.9588862652633,29.135789319541022,1756989440.0171604
"(464, 159)",40.9588873,29.1359343,15.0,-0.006354608901097515,0.07649727160060317,118.89425035419252,40.95888652278261,29.13579050136661,1756989440.1160007
"(464, 159)",40.9588873,29.1359342,15.0,-0.15614153952107648,0.07475278525768637,118.8905893727974,40.95888682332172,29.13579078214946,1756989440.22319
"(464, 159)",40.9588873,29.1359342,15.0,-0.15614153952107648,0.07475278525768637,118.8905893727974,40.95888682332172,29.13579078214946,1756989440.3301084
"(465, 158)",40.9588873,29.1359342,15.0,0.13829482884900174,0.06499421251199017,118.90019261877043,40.95888596435814,29.13578890684042,1756989440.434668
"(465, 158)",40.9588873,29.1359342,15.0,0.13829482884900174,0.06499421251199017,118.90019261877043,40.95888596435814,29.13578890684042,1756989440.5419054
"(465, 158)",40.9588873,29.1359342,15.0,0.13829482884900174,0.06499421251199017,118.90019261877043,40.95888596435814,29.13578890684042,1756989440.6466944
"(465, 158)",40.9588873,29.1359342,15.0,0.034880608822598136,0.06270535208809543,118.90326620389693,40.958886181696855,29.135789177847034,1756989440.7542186
"(465, 159)",40.9588873,29.1359342,15.0,0.034880608822598136,0.06270535208809543,118.90326620389693,40.958886756395316,29.1357895984299,1756989440.8569267
"(464, 159)",40.9588873,29.1359342,15.0,0.034880608822598136,0.06270535208809543,118.90326620389693,40.958886439108596,29.135790360200385,1756989440.9638946
"(464, 159)",40.9588873,29.1359342,15.0,-0.18853751362063043,0.06868779738823323,118.90172258114451,40.95888690437455,29.135790889677445,1756989441.0685985
"(464, 159)",40.9588873,29.1359342,14.999,0.09897200239442351,0.08164217829398139,118.89792499596598,40.95888631783019,29.13579012462227,1756989441.1770203
"(465, 158)",40.9588873,29.1359342,14.999,0.09897200239442351,0.08164217829398139,118.89792499596598,40.95888606016882,29.135788940554946,1756989441.2814639
"(465, 158)",40.9588873,29.1359342,14.999,0.09897200239442351,0.08164217829398139,118.89792499596598,40.95888606016882,29.135788940554946,1756989441.3855577
"(465, 158)",40.9588873,29.1359342,14.999,0.04380931024908449,0.08057308026610249,118.9079653740459,40.95888619234899,29.13578908418078,1756989441.4945862
"(465, 158)",40.9588873,29.1359342,14.999,0.04380931024908449,0.08057308026610249,118.9079653740459,40.95888619234899,29.13578908418078,1756989441.596913
"(465, 159)",40.9588873,29.1359342,14.999,0.04380931024908449,0.08057308026610249,118.9079653740459,40.958886767146254,29.135789505026935,1756989441.7032888
"(464, 159)",40.9588872,29.1359342,14.998,-0.2093770477683608,0.08770718617375436,118.90446831719086,40.95888687415027,29.13579087524807,1756989441.8131547
"(464, 159)",40.9588872,29.1359342,14.998,-0.2093770477683608,0.08770718617375436,118.90446831719086,40.95888687415027,29.13579087524807,1756989441.9188704
"(464, 159)",40.9588872,29.1359342,14.998,0.07497179153816314,0.08548968255038775,118.90531526064794,40.95888628588496,29.135790176807983,1756989442.0236347
"(465, 159)",40.9588872,29.1359342,14.998,0.07497179153816314,0.08548968255038775,118.90531526064794,40.9588866033249,29.135789414448816,1756989442.1280632
"(465, 158)",40.9588872,29.1359342,14.998,0.07497179153816314,0.08548968255038775,118.90531526064794,40.958886028389294,29.135788993165303,1756989442.2339814
"(465, 158)",40.9588872,29.1359342,14.998,0.10742809008191004,0.08352829768068339,118.90709110983214,40.9588859624118,29.135788920113193,1756989442.3398414
"(465, 159)",40.9588872,29.1359342,14.998,0.10742809008191004,0.08352829768068339,118.90709110983214,40.95888653745633,29.135789341905447,1756989442.4469802
"(464, 159)",40.9588872,29.1359342,14.998,0.10742809008191004,0.08352829768068339,118.90709110983214,40.95888621993526,29.135790104380845,1756989442.5565434
"(464, 159)",40.9588872,29.1359342,14.998,-0.1908276280245681,0.08083415490897698,118.90386726054389,40.95888682695196,29.135790860017124,1756989442.6555493
"(464, 159)",40.9588872,29.1359342,14.998,0.02377826806134798,0.08892356015561166,118.90623050599672,40.958886397322324,29.135790289303618,1756989442.760403
"(465, 159)",40.9588872,29.1359342,14.998,0.02377826806134798,0.08892356015561166,118.90623050599672,40.95888671467327,29.135789527147118,1756989442.8612254
"(465, 158)",40.9588872,29.1359342,14.998,0.02377826806134798,0.08892356015561166,118.90623050599672,40.95888613992684,29.13578910661362,1756989442.9688153
"(465, 158)",40.9588872,29.1359342,14.998,0.13896338697486965,0.09228497372260996,118.9114077893876,40.95888591521323,29.135788800751715,1756989443.0762365
"(465, 158)",40.9588872,29.1359342,14.998,0.13896338697486965,0.09228497372260996,118.9114077893876,40.95888591521323,29.135788800751715,1756989443.177823
"(465, 159)",40.9588872,29.1359342,14.998,0.13896338697486965,0.09228497372260996,118.9114077893876,40.9588864904254,29.13578922312925,1756989443.284451
"(464, 159)",40.9588872,29.1359342,14.998,-0.15426247710716928,0.08877146838465988,118.91788280872076,40.958886786961386,29.13579073346479,1756989443.3954296
"(464, 160)",40.9588872,29.1359342,14.998,-0.15426247710716928,0.08877146838465988,118.91788280872076,40.958887360932295,29.135791151469842,1756989443.4959066
"(465, 159)",40.9588872,29.1359342,14.999,-0.050813876016237526,0.09062399044436055,118.90978220436513,40.95888687732019,29.135789696317723,1756989443.6033142
"(465, 159)",40.9588872,29.1359342,14.999,-0.050813876016237526,0.09062399044436055,118.90978220436513,40.95888687732019,29.135789696317723,1756989443.7125375
"(465, 158)",40.9588872,29.1359342,14.999,-0.050813876016237526,0.09062399044436055,118.90978220436513,40.95888630284492,29.135789276833957,1756989443.8146083
"(465, 158)",40.9588872,29.1359342,14.999,0.19131135749623573,0.08758843826575267,118.91170831771107,40.95888580203074,29.13578867995223,1756989443.9206276
"(465, 158)",40.9588872,29.1359342,14.999,0.19131135749623573,0.08758843826575267,118.91170831771107,40.95888580203074,29.13578867995223,1756989444.0217001
"(465, 159)",40.9588872,29.1359342,14.999,-0.037489520972024834,0.08459791597687796,118.90852544955784,40.95888684060196,29.13578969022129,1756989444.1284127
"(464, 159)",40.9588872,29.1359342,14.999,-0.037489520972024834,0.08459791597687796,118.90852544955784,40.95888652335642,29.135790451995515,1756989444.24602
"(464, 159)",40.9588872,29.1359342,14.999,-0.037489520972024834,0.08459791597687796,118.90852544955784,40.95888652335642,29.135790451995515,1756989444.3554537
"(465, 160)",40.9588872,29.1359342,14.999,-0.1240998948249302,0.08146307926136029,118.91128484598254,40.95888759511205,29.13579033885616,1756989444.4661968
"(465, 159)",40.9588872,29.1359342,14.999,-0.1240998948249302,0.08146307926136029,118.91128484598254,40.95888702099227,29.135789920501285,1756989444.5714738
"(465, 158)",40.9588872,29.1359342,14.999,-0.1240998948249302,0.08146307926136029,118.91128484598254,40.9588864468846,29.13578950215523,1756989444.6771512
"(465, 158)",40.9588872,29.1359342,14.999,0.20404497788346837,0.0727447496623423,118.91467261981086,40.95888576472547,29.13578871481617,1756989444.7830808
"(465, 159)",40.9588872,29.1359342,14.999,0.05026520638660187,0.07673071866189347,118.92101103536062,40.958886674352485,29.135789506042084,1756989444.8879433
"(465, 159)",40.9588872,29.1359342,14.999,0.05026520638660187,0.07673071866189347,118.92101103536062,40.958886674352485,29.135789506042084,1756989444.9950864
"(464, 159)",40.9588872,29.1359342,14.999,0.05026520638660187,0.07673071866189347,118.92101103536062,40.95888635682125,29.135790268016475,1756989445.0991006
"(464, 159)",40.9588872,29.1359342,14.999,-0.12853362141119407,0.07410565151425412,118.91991820509342,40.9588867210778,29.135790725660218,1756989445.208707
"(464, 159)",40.9588872,29.1359342,14.999,-0.12853362141119407,0.07410565151425412,118.91991820509342,40.9588867210778,29.135790725660218,1756989445.312962
"(465, 159)",40.9588872,29.1359342,14.999,-0.12853362141119407,0.07410565151425412,118.91991820509342,40.95888703820033,29.135789964673222,1756989445.4200609
"(465, 158)",40.9588872,29.1359342,15.0,0.18405839028876977,0.07071636357172702,118.92146182784585,40.958885816764784,29.135788764638654,1756989445.5244186
"(465, 158)",40.9588872,29.1359342,15.0,0.18405839028876977,0.07071636357172702,118.92146182784585,40.958885816764784,29.135788764638654,1756989445.6352944
"(465, 158)",40.9588872,29.1359342,15.0,0.18405839028876977,0.07071636357172702,118.92146182784585,40.958885816764784,29.135788764638654,1756989445.7427113
"(465, 159)",40.9588872,29.1359342,15.0,0.1493843746782447,0.06442064337437438,118.92039631833532,40.9588864545354,29.135789303370682,1756989445.8471634
"(464, 159)",40.9588872,29.1359342,15.0,-0.115021959768175,0.04940914155872928,118.92214484676285,40.95888666943253,29.13579079317125,1756989445.9546785
"(464, 159)",40.9588872,29.1359342,15.0,-0.115021959768175,0.04940914155872928,118.92214484676285,40.95888666943253,29.13579079317125,1756989446.062949
"(464, 159)",40.9588872,29.1359342,15.0,-0.115021959768175,0.04940914155872928,118.92214484676285,40.95888666943253,29.13579079317125,1756989446.166304
"(465, 159)",40.9588872,29.1359342,15.0,0.11742447880872699,0.06285320167124239,118.92259563924807,40.95888652297947,29.135789390641282,1756989446.2802773
"(465, 158)",40.9588872,29.1359342,15.0,0.11742447880872699,0.06285320167124239,118.92259563924807,40.95888594805049,29.13578896854222,1756989446.3867755
"(465, 158)",40.9588872,29.1359342,15.0,0.11742447880872699,0.06285320167124239,118.92259563924807,40.95888594805049,29.13578896854222,1756989446.4920719
"(465, 158)",40.9588872,29.1359342,15.0,0.2333833217515309,0.055062343726424705,118.92520477151102,40.958885704278075,29.135788710502332,1756989446.5950723
"(465, 159)",40.9588872,29.1359342,15.0,0.2333833217515309,0.055062343726424705,118.92520477151102,40.958886279614696,29.135789134370647,1756989446.6983116
"(464, 159)",40.9588873,29.1359342,15.0,-0.08764651488401762,0.04915903590617715,118.92385239405536,40.95888671587816,29.135790726145455,1756989446.805097
"(464, 159)",40.9588873,29.1359342,15.0,-0.08764651488401762,0.04915903590617715,118.92385239405536,40.95888671587816,29.135790726145455,1756989446.914633
"(464, 159)",40.9588873,29.1359342,15.0,0.08247624177519647,0.051512563013668834,118.91750031812724,40.9588863551276,29.135790291217493,1756989447.0228708
"(464, 159)",40.9588873,29.1359342,15.0,0.08247624177519647,0.051512563013668834,118.91750031812724,40.9588863551276,29.135790291217493,1756989447.1266031
"(465, 158)",40.9588873,29.1359342,15.0,0.08247624177519647,0.051512563013668834,118.91750031812724,40.958886097884154,29.13578910810404,1756989447.233696
"(465, 158)",40.9588873,29.1359342,15.0,0.24490283599315407,0.06283481218731493,118.92621563950817,40.95888579105725,29.135788646118996,1756989447.3371375
"(465, 158)",40.9588873,29.1359342,15.0,0.24490283599315407,0.06283481218731493,118.92621563950817,40.95888579105725,29.135788646118996,1756989447.4424665
"(465, 159)",40.9588873,29.1359342,15.0,0.24490283599315407,0.06283481218731493,118.92621563950817,40.95888636649126,29.13578907021864,1756989447.545154
"(464, 159)",40.9588873,29.1359342,15.0,-0.04728399223150328,0.06423647506072865,118.92554628096951,40.95888665279075,29.135790557953555,1756989447.6537778
"(464, 159)",40.9588873,29.1359342,15.0,-0.04728399223150328,0.06423647506072865,118.92554628096951,40.95888665279075,29.135790557953555,1756989447.7539375
"(464, 159)",40.9588873,29.1359342,15.001,0.028439243512333564,0.07006039193703473,118.927212847127,40.95888650605803,29.13579033321596,1756989447.861877
"(464, 159)",40.9588873,29.1359342,15.001,0.028439243512333564,0.07006039193703473,118.927212847127,40.95888650605803,29.13579033321596,1756989447.963367
"(465, 158)",40.9588873,29.1359342,15.001,0.028439243512333564,0.07006039193703473,118.927212847127,40.958886248990616,29.135789150575913,1756989448.063579
"(465, 158)",40.9588873,29.1359342,15.001,0.2695904480264594,0.07886893472797109,118.92740409242376,40.95888576003207,29.135788501198224,1756989448.1669064
"(465, 158)",40.9588873,29.1359342,15.001,0.2695904480264594,0.07886893472797109,118.92740409242376,40.95888576003207,29.135788501198224,1756989448.2729187
"(465, 158)",40.9588873,29.1359342,15.001,-0.010752206021137726,0.08952683127796775,118.92928922463469,40.95888635591831,29.135789161275934,1756989448.3795888
"(464, 159)",40.9588873,29.1359342,15.001,-0.010752206021137726,0.08952683127796775,118.92928922463469,40.95888661294281,29.135790343648427,1756989448.4870772
"(464, 159)",40.9588873,29.1359342,15.001,-0.010752206021137726,0.08952683127796775,118.92928922463469,40.95888661294281,29.135790343648427,1756989448.5873077
"(464, 159)",40.9588873,29.1359342,15.001,-0.005850716114025455,0.09979381955990017,118.93051865868529,40.95888661674115,29.135790285270932,1756989448.6993375
"(464, 159)",40.9588873,29.1359342,15.001,-0.005850716114025455,0.09979381955990017,118.93051865868529,40.95888661674115,29.135790285270932,1756989448.8072321
"(465, 158)",40.9588873,29.1359342,15.001,0.2510261539449234,0.09379411869395883,118.9298766209033,40.95888581994748,29.135788480585067,1756989448.9111733
"(465, 158)",40.9588873,29.1359342,15.001,0.2510261539449234,0.09379411869395883,118.9298766209033,40.95888581994748,29.135788480585067,1756989449.015872
"(465, 158)",40.9588873,29.1359342,15.001,0.2510261539449234,0.09379411869395883,118.9298766209033,40.95888581994748,29.135788480585067,1756989449.1266646
"(464, 159)",40.9588873,29.1359342,15.001,0.008874439275439778,0.08442090468762621,118.93307314943488,40.95888657380111,29.135790317501144,1756989449.3384454
"(464, 159)",40.9588873,29.1359342,15.001,-0.07262234653591759,0.08212444701230115,118.92860620571768,40.9588867310841,29.135790531229766,1756989449.441774
"(464, 159)",40.9588873,29.1359342,15.001,-0.07262234653591759,0.08212444701230115,118.92860620571768,40.9588867310841,29.135790531229766,1756989449.550411
"(465, 158)",40.9588873,29.1359342,15.001,-0.07262234653591759,0.08212444701230115,118.92860620571768,40.95888647418821,29.13578935032437,1756989449.653468
"(465, 158)",40.9588873,29.1359342,15.001,0.26337006668328183,0.07403628907560278,118.93670681007332,40.95888578537426,29.13578853852949,1756989449.762773
"(465, 158)",40.9588873,29.1359342,15.001,0.26337006668328183,0.07403628907560278,118.93670681007332,40.95888578537426,29.13578853852949,1756989449.870443
"(465, 158)",40.9588873,29.1359342,15.001,0.26337006668328183,0.07403628907560278,118.93670681007332,40.95888578537426,29.13578853852949,1756989449.9724338
"(465, 158)",40.9588873,29.1359342,15.001,0.050780959040110554,0.07894135207545042,118.9366658289383,40.958886230848044,29.135789053910994,1756989450.079299
"(465, 159)",40.9588873,29.1359342,15.001,-0.0559467598424488,0.07557831100243895,118.93073722473872,40.9588870107185,29.13578975758764,1756989450.1819005
"(464, 159)",40.9588873,29.1359342,15.001,-0.0559467598424488,0.07557831100243895,118.93073722473872,40.958886693282516,29.13579051900849,1756989450.2887697
"(465, 159)",40.9588873,29.1359342,15.001,-0.0559467598424488,0.07557831100243895,118.93073722473872,40.9588870107185,29.13578975758764,1756989450.3937109
"(465, 158)",40.9588873,29.1359342,15.001,0.25888927582476834,0.08408751941897818,118.93754009315207,40.958885807507656,29.13578850434764,1756989450.5025654
"(465, 158)",40.9588873,29.1359342,15.001,0.25888927582476834,0.08408751941897818,118.93754009315207,40.958885807507656,29.13578850434764,1756989450.60385
"(465, 158)",40.9588873,29.1359342,15.001,0.25888927582476834,0.08408751941897818,118.93754009315207,40.958885807507656,29.13578850434764,1756989450.7112172
"(465, 158)",40.9588873,29.1359342,15.001,0.07068568108131484,0.08412516550069259,118.93633797985814,40.9588861948743,29.135788980284456,1756989450.8175294
"(465, 159)",40.9588873,29.1359342,15.001,0.07068568108131484,0.08412516550069259,118.93633797985814,40.95888676972537,29.135789401991953,1756989450.924164
"(464, 159)",40.9588873,29.1359342,15.001,-0.11211344644008672,0.08061017272896816,118.94069564054861,40.958886833787716,29.135790636260126,1756989451.0275676
"(464, 159)",40.9588873,29.1359342,15.001,-0.11211344644008672,0.08061017272896816,118.94069564054861,40.958886833787716,29.135790636260126,1756989451.1320903
"(465, 159)",40.9588873,29.1359342,15.001,0.17819152459599327,0.0748039049547557,118.93805918752898,40.958886540435,29.13578917409541,1756989451.2432015
"(465, 158)",40.9588873,29.1359342,15.001,0.17819152459599327,0.0748039049547557,118.93805918752898,40.958885965219324,29.13578875077028,1756989451.3482008
"(465, 157)",40.9588873,29.1359342,15.001,0.17819152459599327,0.0748039049547557,118.93805918752898,40.95888538998619,29.135788327432312,1756989451.4482164
"(465, 157)",40.9588873,29.1359342,15.001,0.09212104918252967,0.0748344340327158,118.94099616887209,40.9588855741454,29.135788546011952,1756989451.5560107
"(465, 158)",40.9588873,29.1359342,15.001,0.09212104918252967,0.0748344340327158,118.94099616887209,40.958886149000996,29.135788968066517,1756989451.6608615
"(465, 159)",40.9588873,29.1359342,15.001,0.09212104918252967,0.0748344340327158,118.94099616887209,40.958886723847584,29.13578939011447,1756989451.7683372
"(464, 159)",40.9588873,29.1359342,15.001,-0.1591386452051766,0.08611034931078622,118.94054537638686,40.95888693678691,29.13579072862483,1756989451.8741338
"(465, 159)",40.9588873,29.1359342,15.001,-0.1591386452051766,0.08611034931078622,118.94054537638686,40.95888725413926,29.135789967588156,1756989451.980125
"(465, 158)",40.9588873,29.1359342,15.001,0.12499797131929431,0.06788636406856083,118.93676145158668,40.95888606506579,29.135788916573052,1756989452.1859488
"(465, 158)",40.9588873,29.1359342,15.001,0.12499797131929431,0.06788636406856083,118.93676145158668,40.95888606506579,29.135788916573052,1756989452.2922175
"(465, 158)",40.9588873,29.1359342,15.001,0.13352802381899398,0.05422363118090152,118.9396711121731,40.958886037649584,29.13578895670198,1756989452.3978322
"(465, 158)",40.9588873,29.1359342,15.001,0.13352802381899398,0.05422363118090152,118.9396711121731,40.958886037649584,29.13578895670198,1756989452.4986868
"(465, 159)",40.9588873,29.1359342,15.001,-0.15658109954676383,0.04879048917052744,118.94379654643178,40.95888721260001,29.135790129278437,1756989452.609241
"(464, 159)",40.9588873,29.1359342,15.001,-0.15658109954676383,0.04879048917052744,118.94379654643178,40.9588868953544,29.13579088949965,1756989452.7118402
"(464, 159)",40.9588873,29.1359342,15.001,-0.15658109954676383,0.04879048917052744,118.94379654643178,40.9588868953544,29.13579088949965,1756989452.8213065
"(465, 158)",40.9588873,29.1359342,15.001,0.05051563887437796,0.056404822743876,118.94528552767085,40.95888622253051,29.13578915617937,1756989452.923103
"(465, 158)",40.9588873,29.1359342,15.001,0.05051563887437796,0.056404822743876,118.94528552767085,40.95888622253051,29.13578915617937,1756989453.0279126
"(465, 158)",40.9588873,29.1359342,15.001,0.05051563887437796,0.056404822743876,118.94528552767085,40.95888622253051,29.13578915617937,1756989453.1314402
"(465, 158)",40.9588873,29.1359342,15.001,0.16767428725421657,0.06163225866635634,118.94461616913219,40.958885984779236,29.135788836750972,1756989453.2391763
"(465, 159)",40.9588873,29.1359342,15.002,-0.14160373533675558,0.07071132764123546,118.94691111269331,40.958887212575576,29.135789983627134,1756989453.3439243
"(464, 159)",40.9588873,29.1359342,15.002,-0.14160373533675558,0.07071132764123546,118.94691111269331,40.95888689516024,29.1357907444269,1756989453.4528325
"(464, 159)",40.9588873,29.1359342,15.002,-0.14160373533675558,0.07071132764123546,118.94691111269331,40.95888689516024,29.1357907444269,1756989453.5585206
"(464, 159)",40.9588873,29.1359342,15.002,-0.031897363620036395,0.07538797284017773,118.9474848485836,40.95888667508664,29.135790450052024,1756989453.6665862
"(465, 159)",40.9588873,29.1359342,15.002,-0.031897363620036395,0.07538797284017773,118.9474848485836,40.95888699276329,29.13578968858123,1756989453.7746356
"(465, 158)",40.9588873,29.1359342,15.002,0.1712884445009318,0.06419502034813918,118.9436599426484,40.958885978254564,29.135788806357834,1756989453.8828695
"(464, 158)",40.9588873,29.1359342,15.002,0.1712884445009318,0.06419502034813918,118.9436599426484,40.95888566021413,29.135789568700478,1756989453.9862635
"(464, 158)",40.9588873,29.1359342,15.002,0.1712884445009318,0.06419502034813918,118.9436599426484,40.95888566021413,29.135789568700478,1756989454.0912302
"(464, 159)",40.9588873,29.1359342,15.003,-0.11709445527381108,0.05956946816583976,118.94792198069048,40.95888683384423,29.135790723803265,1756989454.2232063
"(464, 159)",40.9588873,29.1359342,15.003,-0.11709445527381108,0.05956946816583976,118.94792198069048,40.95888683384423,29.135790723803265,1756989454.3263192
"(464, 159)",40.9588873,29.1359342,15.003,-0.11709445527381108,0.05956946816583976,118.94792198069048,40.95888683384423,29.135790723803265,1756989454.432319
"(464, 159)",40.9588873,29.1359342,15.003,-0.08563074196500438,0.06173924717640224,118.94491669745567,40.95888676568073,29.13579063574445,1756989454.5364392
"(465, 159)",40.9588873,29.1359342,15.003,-0.08563074196500438,0.06173924717640224,118.94491669745567,40.95888708318344,29.135789874780674,1756989454.6409645
"(464, 158)",40.9588873,29.1359342,15.003,0.19685749778271255,0.06766825158236998,118.94296326335305,40.95888560967068,29.135789478878777,1756989454.7517645
"(464, 158)",40.9588873,29.1359342,15.003,0.19685749778271255,0.06766825158236998,118.94296326335305,40.95888560967068,29.135789478878777,1756989454.8586285
"(465, 158)",40.9588873,29.1359342,15.003,0.19685749778271255,0.06766825158236998,118.94296326335305,40.95888592779541,29.1357887162671,1756989454.9664562
"(464, 159)",40.9588873,29.1359342,15.003,-0.04759532946274752,0.06422673003496948,118.95316756597305,40.95888670559774,29.13579052964903,1756989455.0702016
"(464, 159)",40.9588873,29.1359342,15.003,-0.04759532946274752,0.06422673003496948,118.95316756597305,40.95888670559774,29.13579052964903,1756989455.1746688
"(464, 159)",40.9588873,29.1359342,15.004,-0.1275884673043671,0.0674242257319941,118.95539420764247,40.95888687850185,29.1357907050736,1756989455.2789302
"(464, 159)",40.9588873,29.1359342,15.004,-0.1275884673043671,0.0674242257319941,118.95539420764247,40.95888687850185,29.1357907050736,1756989455.3868706
"(465, 159)",40.9588873,29.1359342,15.004,-0.1275884673043671,0.0674242257319941,118.95539420764247,40.95888719606208,29.135789944232474,1756989455.4910634
"(465, 158)",40.9588873,29.1359342,15.004,0.1860733361145632,0.0637620904084235,118.9514463583022,40.95888596191305,29.135788751278394,1756989455.6004508
"(465, 158)",40.9588873,29.1359342,15.004,0.1860733361145632,0.0637620904084235,118.9514463583022,40.95888596191305,29.135788751278394,1756989455.7072046
"(465, 159)",40.9588873,29.1359342,15.004,0.0424962397316826,0.0702435864151152,118.95348175467487,40.95888684480806,29.13578950619269,1756989455.8149786
"(464, 159)",40.9588873,29.1359342,15.004,0.0424962397316826,0.0702435864151152,118.95348175467487,40.95888652688682,29.135790268001063,1756989455.9260008
"(464, 159)",40.9588873,29.1359342,15.004,-0.13878657578881623,0.07231859655094375,118.95139171678885,40.958886899588464,29.135790711042368,1756989456.0313256
"(464, 159)",40.9588873,29.1359342,15.004,-0.13878657578881623,0.07231859655094375,118.95139171678885,40.958886899588464,29.135790711042368,1756989456.1415021
"(464, 159)",40.9588873,29.1359342,15.004,-0.13878657578881623,0.07231859655094375,118.95139171678885,40.958886899588464,29.135790711042368,1756989456.2475667
"(464, 159)",40.9588873,29.1359342,15.004,0.1497527913468155,0.06333084800568049,118.94800394296053,40.9588862870088,29.135790030534988,1756989456.352039
"(465, 158)",40.9588873,29.1359342,15.004,0.1497527913468155,0.06333084800568049,118.94800394296053,40.95888603000644,29.135788845222933,1756989456.4553907
"(465, 158)",40.9588873,29.1359342,15.004,0.11585345525834471,0.06500867330312354,118.95285337727123,40.958886111324944,29.135788923183206,1756989456.5701902
"(464, 159)",40.9588873,29.1359342,15.004,0.11585345525834471,0.06500867330312354,118.95285337727123,40.9588863681925,29.13579010787126,1756989456.6772904
"(464, 159)",40.9588873,29.1359342,15.004,0.11585345525834471,0.06500867330312354,118.95285337727123,40.9588863681925,29.13579010787126,1756989456.7795427
"(464, 159)",40.9588873,29.1359342,15.004,-0.14254085863522248,0.0724103238570629,118.95357737732324,40.95888691157289,29.1357907199553,1756989456.8855994
"(464, 159)",40.9588873,29.1359342,15.004,-0.14254085863522248,0.0724103238570629,118.95357737732324,40.95888691157289,29.1357907199553,1756989456.9945674
"(464, 159)",40.9588873,29.1359342,15.004,-0.14254085863522248,0.0724103238570629,118.95357737732324,40.95888691157289,29.1357907199553,1756989457.0942347
"(464, 159)",40.9588873,29.1359342,15.004,0.16262657735437883,0.06761763214329652,118.95242990554269,40.95888627362903,29.135789978862356,1756989457.2044225
"(465, 158)",40.9588873,29.1359342,15.004,0.16262657735437883,0.06761763214329652,118.95242990554269,40.95888601665724,29.135788793143075,1756989457.3060186
"(465, 158)",40.9588873,29.1359342,15.004,0.15431483744406832,0.06600934937738331,118.95077699976355,40.958886028885985,29.13578882149108,1756989457.4081564
"(465, 159)",40.9588873,29.1359342,15.004,0.15431483744406832,0.06600934937738331,118.95077699976355,40.95888660398501,29.135789244657996,1756989457.507816
"(464, 159)",40.9588873,29.1359342,15.004,-0.12719771911886155,0.07229769243682381,118.95625481147789,40.95888688484868,29.135790682239723,1756989457.6161346
"(464, 159)",40.9588873,29.1359342,15.004,-0.12719771911886155,0.07229769243682381,118.95625481147789,40.95888688484868,29.135790682239723,1756989457.745157
"(464, 159)",40.9588873,29.1359342,15.004,-0.12719771911886155,0.07229769243682381,118.95625481147789,40.95888688484868,29.135790682239723,1756989457.8442867
"(464, 159)",40.9588873,29.1359342,15.004,0.11362761400171392,0.06836054861766763,118.95628213223458,40.95888638308457,29.13579009831284,1756989457.9508426
"(464, 159)",40.9588873,29.1359342,15.004,0.11362761400171392,0.06836054861766763,118.95628213223458,40.95888638308457,29.13579009831284,1756989458.0571697
"(465, 158)",40.9588873,29.1359342,15.004,0.19449249142174274,0.0721987547454578,118.94893284868765,40.958885949130654,29.135788691869482,1756989458.2663736
"(465, 159)",40.9588873,29.1359342,15.004,0.19449249142174274,0.0721987547454578,118.94893284868765,40.958886524449305,29.135789115660025,1756989458.3664055
"(464, 159)",40.9588873,29.1359342,15.004,-0.10482596810101369,0.0681017351409344,118.9545472641854,40.958886830693835,29.13579064535416,1756989458.4836588
"(464, 159)",40.9588873,29.1359342,15.004,-0.10482596810101369,0.0681017351409344,118.9545472641854,40.958886830693835,29.13579064535416,1756989458.592448
"(464, 159)",40.9588873,29.1359342,15.004,-0.10482596810101369,0.0681017351409344,118.9545472641854,40.958886830693835,29.13579064535416,1756989458.6939607
"(464, 159)",40.9588873,29.1359342,15.004,0.0592457678919914,0.06724000405749547,118.95237526402933,40.95888648678925,29.135790239608802,1756989458.803518
"(465, 158)",40.9588873,29.1359342,15.004,0.0592457678919914,0.06724000405749547,118.95237526402933,40.958886230013995,29.135789056026788,1756989458.9038684
"(464, 158)",40.9588873,29.1359342,15.004,0.22437430223628407,0.07969153896602789,118.96095398162686,40.95888560029581,29.135789344806163,1756989459.1111217
"(465, 159)",40.9588873,29.1359342,15.004,0.22437430223628407,0.07969153896602789,118.96095398162686,40.95888649415773,29.1357890063144,1756989459.2170243
"(464, 159)",40.9588873,29.1359342,15.004,-0.06330207983586578,0.07350882371488458,118.95894590601088,40.958886759434485,29.135790517532634,1756989459.3279135
"(464, 159)",40.9588873,29.1359342,15.004,-0.06330207983586578,0.07350882371488458,118.95894590601088,40.958886759434485,29.135790517532634,1756989459.4327805
"(464, 159)",40.9588873,29.1359342,15.003,-0.0206622510516342,0.0671753173635787,118.96012069854812,40.95888666649834,29.135790449098003,1756989459.5428326
"(464, 159)",40.9588873,29.1359342,15.003,-0.0206622510516342,0.0671753173635787,118.96012069854812,40.95888666649834,29.135790449098003,1756989459.645292
"(465, 158)",40.9588873,29.1359342,15.003,-0.0206622510516342,0.0671753173635787,118.96012069854812,40.95888641001062,29.13578926718752,1756989459.750112
"(465, 158)",40.9588873,29.1359342,15.003,0.2516504759237449,0.07711370951341004,118.95774379271695,40.958885853286795,29.135788534180207,1756989459.8563519
"(465, 158)",40.9588873,29.1359342,15.003,0.2516504759237449,0.07711370951341004,118.95774379271695,40.958885853286795,29.135788534180207,1756989459.9605157
"(465, 159)",40.9588873,29.1359342,15.003,0.2516504759237449,0.07711370951341004,118.95774379271695,40.958886428789135,29.135788958963246,1756989460.0633283
"(464, 159)",40.9588873,29.1359342,15.003,0.011165886033173068,0.08272545696851599,118.96167798167889,40.95888662130845,29.135790299741913,1756989460.1711626
"(464, 159)",40.9588873,29.1359342,15.003,-0.038682652967394905,0.08959083762101017,118.9642734535635,40.958886736943946,29.13579039342004,1756989460.2801828
"(464, 159)",40.9588873,29.1359342,15.003,-0.038682652967394905,0.08959083762101017,118.9642734535635,40.958886736943946,29.13579039342004,1756989460.3836677
"(464, 159)",40.9588873,29.1359342,15.003,-0.038682652967394905,0.08959083762101017,118.9642734535635,40.958886736943946,29.13579039342004,1756989460.4837506
"(465, 158)",40.9588873,29.1359342,15.003,0.27338771303986914,0.0865084079331378,118.96130915146371,40.95888582564252,29.135788436351152,1756989460.5967314
"(465, 158)",40.9588873,29.1359342,15.003,0.27338771303986914,0.0865084079331378,118.96130915146371,40.95888582564252,29.135788436351152,1756989460.7009006
"(465, 158)",40.9588873,29.1359342,15.003,0.27338771303986914,0.0865084079331378,118.96130915146371,40.95888582564252,29.135788436351152,1756989460.8061645
"(465, 159)",40.9588873,29.1359342,15.002,0.0549374126295943,0.0852708563627895,118.95704711342161,40.9588868430205,29.135789426425283,1756989460.9161346
"(464, 159)",40.9588873,29.1359342,15.002,0.0549374126295943,0.0852708563627895,118.95704711342161,40.958886525020645,29.135790188497207,1756989461.0158591
"(464, 159)",40.9588873,29.1359342,15.002,-0.05161457228912938,0.09278856010165958,118.9669372273398,40.958886772350596,29.13579042090063,1756989461.1217906
"(464, 159)",40.9588873,29.1359342,15.002,-0.05161457228912938,0.09278856010165958,118.9669372273398,40.958886772350596,29.13579042090063,1756989461.2262213
"(465, 159)",40.9588873,29.1359342,15.002,-0.05161457228912938,0.09278856010165958,118.9669372273398,40.958887090247174,29.135789659299707,1756989461.3298252
"(465, 158)",40.9588873,29.1359342,15.002,0.48960551542711506,0.10264046097906167,118.96262054778434,40.958885398055095,29.13578782225952,1756989461.436682
"(465, 158)",40.9588873,29.1359342,15.002,0.48960551542711506,0.10264046097906167,118.96262054778434,40.958885398055095,29.13578782225952,1756989461.5444632
"(465, 158)",40.9588873,29.1359342,15.002,0.06283898767405363,0.09482476355722334,118.96454666113029,40.95888627707543,29.13578894133953,1756989461.6513638
"(465, 159)",40.9588873,29.1359342,15.002,0.06283898767405363,0.09482476355722334,118.96454666113029,40.958886851852036,29.135789363386092,1756989461.7621717
"(465, 159)",40.9588873,29.1359342,15.002,0.06283898767405363,0.09482476355722334,118.96454666113029,40.958886851852036,29.135789363386092,1756989461.8666053
"(464, 159)",40.9588873,29.1359342,15.002,0.08837623121740489,0.8483183528171635,118.9617872647056,40.95888733018272,29.1357866395901,1756989461.9701874
"(465, 159)",40.9588873,29.1359342,15.002,0.08837623121740489,0.8483183528171635,118.9617872647056,40.958887651335,29.13578586043466,1756989462.0732574
"(465, 158)",40.9588873,29.1359341,15.002,1.422684434770874,2.313346865512649,118.99078824792147,40.95888595686062,29.135774852223747,1756989462.178913
"(465, 158)",40.9588873,29.1359341,15.002,1.422684434770874,2.313346865512649,118.99078824792147,40.95888595686062,29.135774852223747,1756989462.2854323
"(465, 157)",40.9588873,29.1359341,15.002,1.422684434770874,2.313346865512649,118.99078824792147,40.95888535916599,29.13577439481641,1756989462.388226
"(465, 158)",40.9588873,29.1359336,15.002,2.2372083989569895,3.5881446847046417,119.02063617459443,40.95888567551797,29.13576569981004,1756989462.4921958
"(465, 158)",40.9588873,29.1359336,15.002,2.2372083989569895,3.5881446847046417,119.02063617459443,40.95888567551797,29.13576569981004,1756989462.5986977
"(465, 159)",40.9588873,29.1359336,15.002,2.2372083989569895,3.5881446847046417,119.02063617459443,40.95888628781782,29.135766180746273,1756989462.7068026
"(464, 159)",40.9588873,29.1359327,15.001,2.6156439945448318,4.7282932218160605,119.07466297092924,40.958886514295486,29.13575914687011,1756989462.8105507
"(465, 158)",40.9588873,29.135931,14.999,3.45235668202338,5.82934618300515,119.13602539043264,40.95888571403314,29.135747516672247,1756989462.9160163
"(465, 157)",40.9588873,29.135931,14.999,3.45235668202338,5.82934618300515,119.13602539043264,40.958885074052375,29.13574699181504,1756989463.0193882
"(465, 157)",40.9588873,29.135931,14.999,3.45235668202338,5.82934618300515,119.13602539043264,40.958885074052375,29.13574699181504,1756989463.1237748
"(465, 157)",40.9588873,29.1359285,14.997,4.1993548347538106,6.9033729394221455,119.20539279164328,40.95888468961852,29.135735957399486,1756989463.2347143
"(465, 158)",40.9588873,29.1359285,14.997,4.1993548347538106,6.9033729394221455,119.20539279164328,40.95888534527738,29.135736509707574,1756989463.3362842
"(465, 159)",40.9588873,29.1359285,14.997,4.1993548347538106,6.9033729394221455,119.20539279164328,40.95888600040698,29.13573706156983,1756989463.4442055
"(466, 159)",40.9588872,29.135925,14.996,4.528875603713783,7.895042982374419,119.281713325429,40.958886805211506,29.1357255504721,1756989463.5475967
"(469, 158)",40.9588872,29.135925,14.996,4.528875603713783,7.895042982374419,119.281713325429,40.95888724695662,29.135721883438116,1756989463.6537912
"(472, 154)",40.9588872,29.135925,14.996,4.528875603713783,7.895042982374419,119.281713325429,40.95888567485002,29.135716459352043,1756989463.7592635
"(477, 151)",40.9588871,29.1359204,14.995,4.602418811828249,7.99345064038867,119.28525136341906,40.958885351299145,29.13570395177185,1756989463.865965
"(480, 149)",40.9588871,29.1359147,14.995,4.311497149415311,7.03081573159812,119.20786532012282,40.95888453571416,29.135701444269703,1756989463.9736009
"(483, 147)",40.9588871,29.1359147,14.995,4.311497149415311,7.03081573159812,119.20786532012282,40.958884301624536,29.135697225545215,1756989464.0828865
"(489, 144)",40.9588871,29.1359147,14.995,4.311497149415311,7.03081573159812,119.20786532012282,40.95888450220416,29.135689296056828,1756989464.303744
"(492, 143)",40.958887,29.1359079,14.996,3.2554856572644595,5.467841772596123,119.10150561436738,40.95888530912857,29.135693643746485,1756989464.410886
"(493, 142)",40.9588868,29.1359003,14.997,2.178690539799494,4.046597227079652,119.04491066690466,40.95888554870625,29.135697580236762,1756989464.5224993
"(497, 141)",40.9588868,29.1359003,14.997,2.178690539799494,4.046597227079652,119.04491066690466,40.95888630549334,29.13569347913331,1756989464.6263955
"(499, 138)",40.9588868,29.1359003,14.997,2.178690539799494,4.046597227079652,119.04491066690466,40.95888511997512,29.13569017474905,1756989464.7308733
"(501, 136)",40.9588867,29.1358922,14.999,1.6082198001068062,2.7576619835227913,118.99936696551902,40.95888419428533,29.135689523961744,1756989464.8352678
"(502, 135)",40.9588867,29.1358922,14.999,1.6082198001068062,2.7576619835227913,118.99936696551902,40.958883921179726,29.135688192596625,1756989464.9381082
"(504, 134)",40.9588867,29.1358922,14.999,1.6082198001068062,2.7576619835227913,118.99936696551902,40.95888398458744,29.13568600283668,1756989465.039032
"(505, 134)",40.9588865,29.1358837,15.0,1.0059513281765358,1.549116679114805,118.9726062843509,40.95888403568153,29.135686224882026,1756989465.150736
"(505, 135)",40.9588865,29.1358837,15.0,1.0059513281765358,1.549116679114805,118.9726062843509,40.958884629780705,29.13568667727485,1756989465.2524734
"(504, 135)",40.9588864,29.1358749,15.0,0.02593338284252543,0.39473151981299337,118.96701918960983,40.95888498084607,29.13568863524965,1756989465.3564086
"(502, 136)",40.9588864,29.1358749,15.0,0.02593338284252543,0.39473151981299337,118.96701918960983,40.95888491911045,29.135690600707704,1756989465.4656308
"(498, 139)",40.9588864,29.1358749,15.0,0.02593338284252543,0.39473151981299337,118.96701918960983,40.95888537301728,29.135694954402645,1756989465.572654
"(492, 141)",40.9588862,29.1358662,15.0,-0.4207301546409709,-0.5555326890910466,118.96263420816268,40.95888426868905,29.1356979923779,1756989465.676412
"(486, 145)",40.9588862,29.1358662,15.0,-0.4207301546409709,-0.5555326890910466,118.96263420816268,40.95888465344046,29.135704093032025,1756989465.785391
"(478, 148)",40.9588862,29.1358662,15.0,-0.4207301546409709,-0.5555326890910466,118.96263420816268,40.958883842320084,29.135711277249783,1756989465.8932176
"(471, 153)",40.9588861,29.1358575,15.0,-0.20274552105366023,-0.5644221802958183,118.97507881283045,40.9588839477063,29.135709323401613,1756989466.0022995
"(463, 159)",40.958886,29.1358489,14.999,-0.8134077618653475,-1.1135726979377227,118.97226477489241,40.958885359634195,29.135713055620904,1756989466.1173093
"(456, 164)",40.958886,29.1358489,14.999,-0.8134077618653475,-1.1135726979377227,118.97226477489241,40.95888599324674,29.13572020978947,1756989466.2173486
"(450, 168)",40.958886,29.1358489,14.999,-0.8134077618653475,-1.1135726979377227,118.97226477489241,40.95888637614825,29.135726237496023,1756989466.3191707
"(444, 171)",40.958886,29.1358489,14.999,-0.8134077618653475,-1.1135726979377227,118.97226477489241,40.95888619506086,29.135731869482033,1756989466.427681
"(436, 175)",40.9588858,29.1358404,14.999,-1.4401317261188484,-2.3360440110114244,118.99186741781034,40.95888565137983,29.135736693664587,1756989466.5387323
"(431, 177)",40.9588857,29.1358324,14.999,-1.8469858178524097,-3.5529143555223044,119.03727451541259,40.95888461181246,29.135738154961384,1756989466.6401098
"(419, 185)",40.9588857,29.1358324,14.999,-1.8469858178524097,-3.5529143555223044,119.03727451541259,40.95888535687561,29.135749729605134,1756989466.8539505
"(411, 189)",40.9588856,29.1358249,14.999,-2.7880428783944198,-4.784928723526983,119.07889768821464,40.958885517236524,29.1357550453052,1756989466.9610584
"(406, 192)",40.9588856,29.1358249,14.999,-2.7880428783944198,-4.784928723526983,119.07889768821464,40.958885644867074,29.135759697260777,1756989467.0635164
"(401, 196)",40.9588856,29.1358249,14.999,-2.7880428783944198,-4.784928723526983,119.07889768821464,40.958886325602734,29.135764762884325,1756989467.166198
"(395, 199)",40.9588855,29.1358181,14.999,-3.5370932895270277,-6.017664743706157,119.14613407040424,40.95888616472624,29.135768243384152,1756989467.2747335
"(390, 202)",40.9588855,29.1358181,14.999,-3.5370932895270277,-6.017664743706157,119.14613407040424,40.958886294860484,29.135772909205063,1756989467.3759592
"(385, 204)",40.9588855,29.1358181,14.999,-3.5370932895270277,-6.017664743706157,119.14613407040424,40.95888587210094,29.135777215221395,1756989467.476666
"(383, 205)",40.9588855,29.1358122,14.999,-3.9421188115537293,-7.254787025992948,119.2302136990871,40.95888523835528,29.135777268651086,1756989467.5812314
"(379, 207)",40.9588854,29.1358074,15.0,-4.712910782031546,-8.113926639611233,119.29329732626134,40.958885583064706,29.13577965761182,1756989467.696058
"(375, 210)",40.9588854,29.1358074,15.0,-4.712910782031546,-8.113926639611233,119.29329732626134,40.95888601853028,29.135783646760853,1756989467.8052475
"(370, 212)",40.9588854,29.1358074,15.0,-4.712910782031546,-8.113926639611233,119.29329732626134,40.95888559392707,29.135787985447088,1756989467.909729
"(365, 217)",40.9588854,29.1358037,15.0,-4.524258395834855,-7.83151539290413,119.26873596600598,40.95888678462213,29.135788795741313,1756989468.017845
"(354, 223)",40.9588854,29.1358037,15.0,-4.524258395834855,-7.83151539290413,119.26873596600598,40.95888674697787,29.135799225716312,1756989468.2286937
"(348, 224)",40.9588854,29.1358012,14.999,-3.3917820821520643,-6.447520564686793,119.17486184605332,40.958884720650836,29.135796093653447,1756989468.3321087
"(344, 226)",40.9588854,29.1358012,14.999,-3.3917820821520643,-6.447520564686793,119.17486184605332,40.95888459669359,29.135799893747574,1756989468.4475203
"(333, 233)",40.9588854,29.1357997,14.997,-2.692704963525266,-4.859876389289533,119.08885610402452,40.95888550166226,29.135804198708318,1756989468.6582701
"(329, 237)",40.9588854,29.1357997,14.997,-2.692704963525266,-4.859876389289533,119.08885610402452,40.95888652617601,29.13580891007643,1756989468.766758
"(324, 239)",40.9588854,29.1357988,14.995,-1.924677085227189,-3.3821884411325467,119.03197428861665,40.95888619884484,29.135807461229643,1756989468.8782697
"(319, 242)",40.9588854,29.1357988,14.995,-1.924677085227189,-3.3821884411325467,119.03197428861665,40.95888633332744,29.135812539947825,1756989468.983697
"(317, 243)",40.9588854,29.1357985,14.992,-0.8039072355341241,-2.006486529784663,118.98984568181602,40.95888553576455,29.135808725270604,1756989469.0885682
"(306, 248)",40.9588854,29.1357985,14.992,-0.8039072355341241,-2.006486529784663,118.98984568181602,40.958884908712946,29.13581923339413,1756989469.315803
"(304, 250)",40.9588854,29.1357985,14.991,-0.24376064693702812,-0.7419251898069625,118.98499624750531,40.95888570872885,29.135817262959854,1756989469.4191463
"(300, 253)",40.9588854,29.1357985,14.991,-0.24376064693702812,-0.7419251898069625,118.98499624750531,40.958886159255904,29.1358215738462,1756989469.5314906
"(299, 254)",40.9588854,29.1357986,14.989,0.18756513213861598,0.3220709268857664,118.98808349301015,40.95888673613932,29.135819251675017,1756989469.6436954
"(298, 254)",40.9588854,29.1357986,14.989,0.18756513213861598,0.3220709268857664,118.98808349301015,40.95888641877635,29.13582000954269,1756989469.7498095
"(299, 253)",40.9588854,29.1357986,14.989,0.18756513213861598,0.3220709268857664,118.98808349301015,40.95888616337112,29.13581883179559,1756989470.0118535
"(300, 252)",40.9588854,29.1357986,14.989,0.799611580154715,0.9698508969269622,118.99429896515487,40.958885387505944,29.13581494099562,1756989470.1181717
"(303, 251)",40.9588854,29.1357986,14.988,0.6784331386646991,0.8327243372509369,118.99102047435326,40.95888585956672,29.1358128126325,1756989470.2277627
"(304, 250)",40.9588854,29.1357986,14.988,0.6784331386646991,0.8327243372509369,118.99102047435326,40.958885604395604,29.135811636961936,1756989470.3372343
"(306, 251)",40.9588854,29.1357986,14.988,0.6784331386646991,0.8327243372509369,118.99102047435326,40.95888681096975,29.135810542232427,1756989470.439699
"(307, 249)",40.9588854,29.1357986,14.988,0.20402125898435844,0.5076610671371908,118.9843132285883,40.95888658908418,29.135810553501326,1756989470.5452263
"(310, 247)",40.9588854,29.1357986,14.988,0.20402125898435844,0.5076610671371908,118.9843132285883,40.95888639550014,29.13580743915895,1756989470.6484604
"(314, 245)",40.9588854,29.1357984,14.988,0.28178929928623436,0.25742804222920873,118.98902605911562,40.95888607426891,29.135803929574042,1756989470.8634832
"(317, 242)",40.9588854,29.1357984,14.988,0.28178929928623436,0.25742804222920873,118.98902605911562,40.95888530760947,29.135800392171383,1756989470.9660585
"(318, 241)",40.9588853,29.1357982,14.989,0.23550908472856513,0.08506533703788087,118.99576062563725,40.958884850680114,29.135799551802055,1756989471.0827518
"(319, 241)",40.9588853,29.1357982,14.989,0.23550908472856513,0.08506533703788087,118.99576062563725,40.95888516833422,29.13579879282864,1756989471.1863809
"(320, 241)",40.9588853,29.135798,14.99,-0.18957292761012204,-0.03577373609785664,118.9943809274249,40.958886222186,29.13579880402173,1756989471.2915967
"(323, 239)",40.9588853,29.135798,14.99,-0.18957292761012204,-0.03577373609785664,118.9943809274249,40.95888602871734,29.135795685572113,1756989471.4005241
"(324, 239)",40.9588853,29.135798,14.99,-0.18957292761012204,-0.03577373609785664,118.9943809274249,40.95888634637859,29.135794926538235,1756989471.5022402
"(325, 239)",40.9588853,29.1357979,14.99,-0.05314261700756147,-0.11716397112491447,118.99746817292976,40.95888629099752,29.135794083426838,1756989471.6168587
"(326, 238)",40.9588853,29.1357979,14.99,-0.05314261700756147,-0.11716397112491447,118.99746817292976,40.95888603549218,29.13579290383147,1756989471.7235303
"(326, 238)",40.9588853,29.1357979,14.99,-0.05314261700756147,-0.11716397112491447,118.99746817292976,40.95888603549218,29.13579290383147,1756989471.8269167
"(325, 238)",40.9588853,29.1357977,14.991,0.07107109985163794,-0.1509627620263259,118.99880689000707,40.95888542407977,29.135793367056543,1756989471.931405
"(325, 238)",40.9588852,29.1357976,14.992,-0.26910014182967296,-0.14809245506890736,119.00647036225583,40.95888602701402,29.135793772575294,1756989472.0369341
"(324, 239)",40.9588852,29.1357976,14.992,-0.26910014182967296,-0.14809245506890736,119.00647036225583,40.958886282427905,29.135794952296347,1756989472.1452303
"(324, 239)",40.9588852,29.1357976,14.992,-0.26910014182967296,-0.14809245506890736,119.00647036225583,40.958886282427905,29.135794952296347,1756989472.25551
"(324, 240)",40.9588852,29.1357976,14.992,-0.26910014182967296,-0.14809245506890736,119.00647036225583,40.95888685566462,29.135795373078608,1756989472.3649442
"(323, 239)",40.9588852,29.1357976,14.992,-0.11086058030495878,-0.11913761565057047,118.99884787114209,40.958885672129526,29.135795393548104,1756989472.4674745
"(323, 239)",40.9588852,29.1357975,14.992,0.10850255754561106,-0.09065459289349338,119.00742658873963,40.95888525392557,29.135794884956603,1756989472.5720325
"(323, 239)",40.9588852,29.1357975,14.992,0.10850255754561106,-0.09065459289349338,119.00742658873963,40.95888525392557,29.135794884956603,1756989472.6754847
"(323, 240)",40.9588852,29.1357975,14.992,0.10850255754561106,-0.09065459289349338,119.00742658873963,40.95888582714135,29.135795305858213,1756989472.7836244
"(323, 240)",40.9588852,29.1357976,14.993,-0.13248385864962828,-0.04288645097360594,119.00229028648378,40.95888637692712,29.135795639258834,1756989472.897896
"(322, 241)",40.9588852,29.1357976,14.993,-0.13248385864962828,-0.04288645097360594,119.00229028648378,40.958886632428566,29.135796819231622,1756989473.0067108
"(322, 242)",40.9588852,29.1357976,14.993,-0.05517315754261221,0.011713937844183845,119.00222198459208,40.958887109022854,29.135796974751518,1756989473.1144972
"(321, 242)",40.9588852,29.1357976,14.993,-0.05517315754261221,0.011713937844183845,119.00222198459208,40.95888679120477,29.13579773391289,1756989473.2245343
"(321, 242)",40.9588852,29.1357976,14.993,-0.05517315754261221,0.011713937844183845,119.00222198459208,40.95888679120477,29.13579773391289,1756989473.3304002
"(321, 241)",40.9588852,29.1357976,14.994,0.23652419491353183,0.04019788107597331,119.00491307912506,40.95888565070267,29.135796795271414,1756989473.4355946
"(321, 241)",40.9588852,29.1357976,14.994,0.23652419491353183,0.04019788107597331,119.00491307912506,40.95888565070267,29.135796795271414,1756989473.5389578
"(320, 242)",40.9588852,29.1357976,14.994,0.23652419491353183,0.04019788107597331,119.00491307912506,40.95888590613946,29.135797975337955,1756989473.6433957
"(320, 243)",40.9588852,29.1357976,14.995,0.03563971031066167,0.06501984573169754,118.99972213535585,40.9588869209722,29.135798631760352,1756989473.7519636
"(320, 243)",40.9588852,29.1357976,14.995,0.03563971031066167,0.06501984573169754,118.99972213535585,40.9588869209722,29.135798631760352,1756989473.852775
"(None, None)",40.9588852,29.1357976,14.995,0.03563971031066167,0.06501984573169754,118.99972213535585,,,1756989473.9590333
"(320, 243)",40.9588852,29.1357976,14.995,-0.05191129531678817,0.08410023264217939,119.00203073929532,40.95888712275143,29.135798712078262,1756989474.0628328
"(320, 242)",40.9588852,29.1357976,14.996,0.24947348652793552,0.10585111012632384,119.006839192471,40.95888595444944,29.135797777106465,1756989474.1689184
"(320, 242)",40.9588852,29.1357976,14.996,0.24947348652793552,0.10585111012632384,119.006839192471,40.95888595444944,29.135797777106465,1756989474.271492
"(320, 242)",40.9588852,29.1357976,14.996,0.24947348652793552,0.10585111012632384,119.006839192471,40.95888595444944,29.135797777106465,1756989474.3733582
"(321, 242)",40.9588852,29.1357976,14.996,0.050014703862706365,0.1089513489988485,119.00022756935444,40.95888668604808,29.13579731031351,1756989474.4827838
"(321, 242)",40.9588852,29.1357976,14.996,0.050014703862706365,0.1089513489988485,119.00022756935444,40.95888668604808,29.13579731031351,1756989474.5890954
"(321, 243)",40.9588852,29.1357976,14.996,0.050014703862706365,0.1089513489988485,119.00022756935444,40.958887259463964,29.135797731214097,1756989474.6986182
"(321, 243)",40.9588852,29.1357977,14.996,-0.10898537321267295,0.11478198267251219,119.00801398500825,40.95888759312913,29.1357980557892,1756989474.8080964
"(321, 243)",40.9588852,29.1357977,14.996,-0.10898537321267295,0.11478198267251219,119.00801398500825,40.95888759312913,29.1357980557892,1756989474.9080095
"(321, 242)",40.9588852,29.1357977,14.996,0.17938870201102314,0.1208845299122938,119.00440764512648,40.958886433616165,29.135797182659566,1756989475.0106325
"(321, 241)",40.9588852,29.1357977,14.996,0.17938870201102314,0.1208845299122938,119.00440764512648,40.95888586023499,29.13579676170113,1756989475.1177275
"(321, 241)",40.9588852,29.1357977,14.996,0.17938870201102314,0.1208845299122938,119.00440764512648,40.95888586023499,29.13579676170113,1756989475.224756
"(321, 241)",40.9588852,29.1357977,14.997,0.0993798193827475,0.11379427328550488,119.00519994707021,40.95888601673887,29.135796901750858,1756989475.3335416
"(321, 242)",40.9588852,29.1357977,14.997,0.0993798193827475,0.11379427328550488,119.00519994707021,40.958886590163345,29.135797322748065,1756989475.4396558
"(321, 243)",40.9588852,29.1357977,14.997,0.0993798193827475,0.11379427328550488,119.00519994707021,40.95888716357814,29.135797743738163,1756989475.5448766
"(322, 243)",40.9588852,29.1357977,14.987,-0.16973753799208935,0.10062626887531531,119.004107116803,40.958888018217685,29.13579742667031,1756989475.6526701
"(321, 242)",40.9588852,29.1357977,14.927,0.06835567943984136,0.10333723365589552,119.00981715494913,40.95888663533124,29.13579739962485,1756989475.7641566
"(322, 241)",40.9588852,29.1357977,14.927,0.06835567943984136,0.10333723365589552,119.00981715494913,40.958886381105955,29.135796224760764,1756989475.8689973
"(322, 241)",40.9588852,29.1357977,14.927,0.06835567943984136,0.10333723365589552,119.00981715494913,40.958886381105955,29.135796224760764,1756989475.9808507
"(322, 241)",40.9588852,29.1357977,14.821,0.18535852746945228,0.1015461499481919,119.01103292862139,40.95888613294583,29.13579606549057,1756989476.0845494
"(322, 241)",40.9588852,29.1357977,14.821,0.18535852746945228,0.1015461499481919,119.01103292862139,40.95888613294583,29.13579606549057,1756989476.1886215
"(322, 242)",40.9588852,29.1357977,14.821,0.18535852746945228,0.1015461499481919,119.01103292862139,40.95888669959743,29.13579648163775,1756989476.2934449
"(322, 243)",40.9588851,29.1357977,14.696,-0.17661417778454347,0.10378976703894192,119.01401089109952,40.95888788093094,29.135797434345697,1756989476.4015756
"(322, 243)",40.9588851,29.1357977,14.696,-0.17661417778454347,0.10378976703894192,119.01401089109952,40.95888788093094,29.135797434345697,1756989476.508136
"(322, 241)",40.9588851,29.1357977,14.564,0.1350491416317102,0.099289659551682,119.00689383398436,40.95888611465276,29.13579617347754,1756989476.7207217
"(322, 241)",40.9588851,29.1357977,14.564,0.1350491416317102,0.099289659551682,119.00689383398436,40.95888611465276,29.13579617347754,1756989476.824437
"(323, 241)",40.9588851,29.1357977,14.431,0.09223259337539111,0.08854396438836026,119.00940734359894,40.958886484351176,29.135795547176123,1756989476.9297733
"(322, 242)",40.9588851,29.1357977,14.431,0.09223259337539111,0.08854396438836026,119.00940734359894,40.95888673013072,29.135796683013822,1756989477.0320406
"(322, 242)",40.9588851,29.1357977,14.3,-0.1469811352661787,0.08645916253602627,119.00641572074247,40.9588871821604,29.135797041906688,1756989477.136796
"(322, 242)",40.9588851,29.1357977,14.3,-0.1469811352661787,0.08645916253602627,119.00641572074247,40.9588871821604,29.135797041906688,1756989477.2413783
"(322, 243)",40.9588851,29.1357977,14.3,-0.1469811352661787,0.08645916253602627,119.00641572074247,40.95888772899035,29.13579744336716,1756989477.345775
"(322, 242)",40.9588851,29.1357977,14.171,0.23475117385453173,0.08517701463287455,119.0073173057129,40.9588864201492,29.13579650660611,1756989477.452115
"(322, 242)",40.9588851,29.1357977,14.171,0.23475117385453173,0.08517701463287455,119.0073173057129,40.9588864201492,29.13579650660611,1756989477.5606873
"(323, 242)",40.9588851,29.1357977,14.045,0.0001463672561730206,0.07248421529810334,119.00748123025299,40.95888714449862,29.135796170171663,1756989477.6718524
"(323, 241)",40.9588851,29.1357977,14.045,0.0001463672561730206,0.07248421529810334,119.00748123025299,40.95888660746805,29.13579577586496,1756989477.77555
"(323, 242)",40.9588851,29.1357977,14.045,0.0001463672561730206,0.07248421529810334,119.00748123025299,40.95888714449862,29.135796170171663,1756989477.882625
"(323, 242)",40.9588851,29.1357977,13.919,-0.07395497380590393,0.06466819771114767,119.00163458832345,40.95888725922929,29.135796307184897,1756989477.9904046
"(321, 242)",40.9588851,29.1357977,13.919,-0.07395497380590393,0.06466819771114767,119.00163458832345,40.95888666911188,29.135797716778498,1756989478.099703
"(321, 242)",40.9588851,29.1357977,13.792,0.3046051726826917,0.06853742650478717,119.01686591017258,40.958885942944605,29.13579718168448,1756989478.2016249
"(322, 241)",40.9588851,29.1357977,13.792,0.3046051726826917,0.06853742650478717,119.01686591017258,40.95888570816728,29.13579609612468,1756989478.308852
"(322, 241)",40.9588851,29.1357977,13.792,0.3046051726826917,0.06853742650478717,119.01686591017258,40.95888570816728,29.13579609612468,1756989478.413439
"(322, 241)",40.9588851,29.1357977,13.667,9.523910422247446e-05,0.05046543965202101,119.00395685264127,40.95888625429049,29.135796574268085,1756989478.5216534
"(321, 240)",40.9588851,29.1357977,13.667,9.523910422247446e-05,0.05046543965202101,119.00395685264127,40.958885441976086,29.13579688263001,1756989478.6278038
"(320, 241)",40.9588851,29.1357977,13.542,0.07125266682370525,0.03693272048242995,119.00190779589026,40.9588855235194,29.13579789216747,1756989478.7336082
"(321, 241)",40.9588851,29.1357977,13.542,0.07125266682370525,0.03693272048242995,119.00190779589026,40.958885810572575,29.13579720648457,1756989478.8390243
"(320, 241)",40.9588851,29.1357977,13.542,0.07125266682370525,0.03693272048242995,119.00190779589026,40.9588855235194,29.13579789216747,1756989478.9440594
"(321, 240)",40.9588851,29.1357977,13.417,0.29002474651712434,0.036368202679485755,119.0101450040293,40.958884888028855,29.13579654029527,1756989479.0518909
"(321, 240)",40.9588851,29.1357977,13.417,0.29002474651712434,0.036368202679485755,119.0101450040293,40.958884888028855,29.13579654029527,1756989479.157645
"(320, 239)",40.9588851,29.1357977,13.417,0.29002474651712434,0.036368202679485755,119.0101450040293,40.9588840905284,29.135796842889913,1756989479.2647524
"(320, 240)",40.9588851,29.1357977,13.292,-0.07587901941879802,0.0326593332539428,119.00845111711513,40.958885271299486,29.135797722724,1756989479.3705733
"(320, 240)",40.9588852,29.1357977,13.167,0.18618820869062372,0.040012718916442494,119.0056097584204,40.95888490389611,29.13579735753928,1756989479.478065
"(320, 241)",40.9588852,29.1357977,13.167,0.18618820869062372,0.040012718916442494,119.0056097584204,40.95888540735202,29.135797727165787,1756989479.5916088
"(321, 240)",40.9588852,29.1357977,13.167,0.18618820869062372,0.040012718916442494,119.0056097584204,40.95888518303357,29.135796690858967,1756989479.6953824
"(321, 240)",40.9588852,29.1357977,13.042,0.23381690536169447,0.032745724474772885,119.00705775852445,40.95888509083322,29.135796655107935,1756989479.800243
"(321, 239)",40.9588852,29.1357977,13.042,0.23381690536169447,0.032745724474772885,119.00705775852445,40.958884592147136,29.135796288944366,1756989479.9115214
"(321, 239)",40.9588852,29.1357977,12.917,-0.1016495432707743,0.04178657707382233,119.01327323066916,40.95888520111171,29.135796717553905,1756989480.0267658
"(321, 240)",40.9588852,29.1357977,12.917,-0.1016495432707743,0.04178657707382233,119.01327323066916,40.958885694975955,29.135797080245403,1756989480.1252053
"(321, 240)",40.9588852,29.1357977,12.917,-0.1016495432707743,0.04178657707382233,119.01327323066916,40.958885694975955,29.135797080245403,1756989480.2293036
"(321, 240)",40.9588852,29.1357977,12.792,0.22916218480318368,0.04972544801939897,119.01514470250174,40.958885117716655,29.135796641677114,1756989480.3398244
"(321, 239)",40.9588852,29.1357977,12.792,0.22916218480318368,0.04972544801939897,119.01514470250174,40.958884628627686,29.1357962824411,1756989480.4531484
"(321, 238)",40.9588852,29.1357977,12.792,0.22916218480318368,0.04972544801939897,119.01514470250174,40.95888413951968,29.135795923191097,1756989480.55483
"(321, 238)",40.9588852,29.1357977,12.665,0.15929871442363555,0.05417301507688136,119.00879262657364,40.95888427552366,29.13579601986796,1756989480.6632879
"(321, 238)",40.9588852,29.1357977,12.665,0.15929871442363555,0.05417301507688136,119.00879262657364,40.95888427552366,29.13579601986796,1756989480.7671263
"(321, 239)",40.9588852,29.1357977,12.54,-0.07256521707279145,0.05661778590776288,119.01078704181127,40.95888516518159,29.135796675734486,1756989480.8769224
"(321, 238)",40.9588852,29.1357977,12.54,-0.07256521707279145,0.05661778590776288,119.01078704181127,40.958884685725316,29.1357963236581,1756989480.9878197
"(321, 239)",40.9588852,29.1357977,12.54,-0.07256521707279145,0.05661778590776288,119.01078704181127,40.95888516518159,29.135796675734486,1756989481.0986435
"(321, 239)",40.9588852,29.1357977,12.415,0.28870913468910353,0.0625985236606082,119.01119685316148,40.95888455617576,29.135796220800565,1756989481.2120163
"(321, 238)",40.9588852,29.1357977,12.415,0.28870913468910353,0.0625985236606082,119.01119685316148,40.95888408145343,29.13579587216932,1756989481.3272457
"(321, 238)",40.9588852,29.1357977,12.415,0.28870913468910353,0.0625985236606082,119.01119685316148,40.95888408145343,29.13579587216932,1756989481.431893
"(321, 238)",40.9588852,29.1357977,12.29,0.010550326906912239,0.06917468849043465,119.01043187197443,40.95888456763544,29.13579622021215,1756989481.5357065
"(321, 238)",40.9588852,29.1357977,12.165,-0.019620857311565515,0.07167716574866419,119.0101450040293,40.95888462670528,29.13579626670088,1756989481.6558418
"(321, 240)",40.9588852,29.1357977,12.165,-0.019620857311565515,0.07167716574866419,119.0101450040293,40.958885556959856,29.135796949798603,1756989481.752767
"(321, 240)",40.9588852,29.1357977,12.165,-0.019620857311565515,0.07167716574866419,119.0101450040293,40.958885556959856,29.135796949798603,1756989481.865583
"(322, 240)",40.9588852,29.1357977,12.04,0.30786034479158464,0.07018003363932235,119.01019964554266,40.958885266579394,29.135795954169247,1756989481.9745548
"(321, 238)",40.9588852,29.1357977,12.04,0.30786034479158464,0.07018003363932235,119.01019964554266,40.95888409053417,29.13579588760529,1756989482.0796094
"(322, 238)",40.9588852,29.1357977,12.04,0.30786034479158464,0.07018003363932235,119.01019964554266,40.95888434582853,29.135795277962668,1756989482.1901412
"(322, 238)",40.9588852,29.1357977,11.914,-0.03128641186991735,0.07098650955959292,119.00649768301251,40.958884909477995,29.135795708571347,1756989482.2994413
"(321, 240)",40.9588852,29.1357977,11.914,-0.03128641186991735,0.07098650955959292,119.00649768301251,40.95888556799123,29.135796980734128,1756989482.4048262
"(322, 241)",40.9588852,29.1357977,11.914,-0.03128641186991735,0.07098650955959292,119.00649768301251,40.95888627612931,29.135796711961472,1756989482.5093753
"(322, 241)",40.9588852,29.1357977,11.788,0.07925046482613977,0.08415641495016672,119.01250824948212,40.95888609796602,29.135796563171574,1756989482.612083
"(322, 240)",40.9588852,29.1357977,11.663,0.24880911722901958,0.08636099190692056,119.01017232478597,40.958885373277404,29.135796043917185,1756989482.7190053
"(322, 240)",40.9588852,29.1357977,11.663,0.24880911722901958,0.08636099190692056,119.01017232478597,40.958885373277404,29.135796043917185,1756989482.8186278
"(322, 238)",40.9588852,29.1357977,11.663,0.24880911722901958,0.08636099190692056,119.01017232478597,40.95888448136725,29.135795388907674,1756989482.922532
"(323, 239)",40.9588852,29.1357977,11.536,-0.09252279637383731,0.08434205735737355,119.01612824974222,40.958885713213135,29.135795554757305,1756989483.0310867
"(323, 240)",40.9588852,29.1357977,11.536,-0.09252279637383731,0.08434205735737355,119.01612824974222,40.958886154276534,29.13579587869876,1756989483.1424978
"(322, 241)",40.9588852,29.1357977,11.536,-0.09252279637383731,0.08434205735737355,119.01612824974222,40.95888635069076,29.13579678670264,1756989483.244201
"(322, 241)",40.9588852,29.1357977,11.412,0.16721522383679768,0.07326391741043599,119.00350606015604,40.958885922085244,29.135796520775823,1756989483.3463957
"(322, 241)",40.9588852,29.1357977,11.412,0.16721522383679768,0.07326391741043599,119.00350606015604,40.958885922085244,29.135796520775823,1756989483.450743
"(323, 240)",40.9588852,29.1357977,11.286,0.15738722195138402,0.08055082879044706,119.01009036251594,40.95888574346368,29.135795641817747,1756989483.5579572
"(323, 240)",40.9588852,29.1357977,11.286,0.15738722195138402,0.08055082879044706,119.01009036251594,40.95888574346368,29.135795641817747,1756989483.6651864
"(323, 240)",40.9588852,29.1357977,11.286,0.15738722195138402,0.08055082879044706,119.01009036251594,40.95888574346368,29.135795641817747,1756989483.7710748
"(323, 240)",40.9588852,29.1357977,11.162,-0.1481231242191063,0.08025520299532585,119.00517262631352,40.95888620471749,29.135796008271686,1756989483.8768735
"(322, 241)",40.9588852,29.1357977,11.162,-0.1481231242191063,0.08025520299532585,119.00517262631352,40.95888639489587,29.13579688678655,1756989483.9829452
"(322, 241)",40.9588852,29.1357977,11.162,-0.1481231242191063,0.08025520299532585,119.00517262631352,40.95888639489587,29.13579688678655,1756989484.08829
"(322, 240)",40.9588852,29.1357977,11.037,0.203495547861679,0.07441921322605323,119.0083008529534,40.95888542249306,29.135796207090557,1756989484.2010686
"(322, 240)",40.9588852,29.1357977,10.912,0.061629897448615925,0.0751025789885983,119.01107390975642,40.95888563285192,29.135796378536963,1756989484.3097885
"(322, 240)",40.9588852,29.1357977,10.912,0.061629897448615925,0.0751025789885983,119.01107390975642,40.95888563285192,29.135796378536963,1756989484.411422
"(322, 240)",40.9588852,29.1357977,10.912,0.061629897448615925,0.0751025789885983,119.01107390975642,40.95888563285192,29.135796378536963,1756989484.52237
"(322, 240)",40.9588852,29.1357977,10.787,-0.08104139512139133,0.0775791028620031,119.00881994733031,40.95888584091028,29.13579654375068,1756989484.631966
"(322, 241)",40.9588852,29.1357977,10.787,-0.08104139512139133,0.0775791028620031,119.00881994733031,40.95888625336594,29.13579684659694,1756989484.7372153
"(322, 241)",40.9588852,29.1357977,10.787,-0.08104139512139133,0.0775791028620031,119.00881994733031,40.95888625336594,29.13579684659694,1756989484.8418493
"(322, 240)",40.9588852,29.1357977,10.662,0.25574549449628486,0.06945099098670282,119.01017232478597,40.958885334555795,29.135796211346765,1756989484.9426465
"(322, 240)",40.9588852,29.1357977,10.662,0.25574549449628486,0.06945099098670282,119.01017232478597,40.958885334555795,29.135796211346765,1756989485.0605705
"(322, 239)",40.9588852,29.1357977,10.537,-0.05334406089733057,0.06422752377765623,119.01059579651452,40.958885372484644,29.135796270893096,1756989485.172456
"(322, 240)",40.9588852,29.1357977,10.537,-0.05334406089733057,0.06422752377765623,119.01059579651452,40.95888577536715,29.135796566735152,1756989485.2757335
"(322, 240)",40.9588852,29.1357977,10.537,-0.05334406089733057,0.06422752377765623,119.01059579651452,40.95888577536715,29.135796566735152,1756989485.3802636
"(322, 241)",40.9588852,29.1357977,10.411,-0.12564087621513498,0.062462220032005446,119.00969421154407,40.958886268360885,29.135796951688995,1756989485.4893134
"(322, 241)",40.9588852,29.1357977,10.411,-0.12564087621513498,0.062462220032005446,119.00969421154407,40.958886268360885,29.135796951688995,1756989485.5915582
"(322, 240)",40.9588852,29.1357977,10.288,0.2318552803681521,0.054069655104832026,119.00913413603213,40.95888535148494,29.13579631704664,1756989485.6976614
"(322, 239)",40.9588852,29.1357977,10.288,0.2318552803681521,0.054069655104832026,119.00913413603213,40.958884958113075,29.135796028172756,1756989485.8025799
"(322, 239)",40.9588852,29.1357977,10.288,0.2318552803681521,0.054069655104832026,119.00913413603213,40.958884958113075,29.135796028172756,1756989485.9064848
"(322, 240)",40.9588852,29.1357977,10.163,-0.10614995091283173,0.04973737750507335,119.00377926772285,40.958885817240905,29.135796687637033,1756989486.0135622
"(322, 240)",40.9588852,29.1357977,10.163,-0.10614995091283173,0.04973737750507335,119.00377926772285,40.958885817240905,29.135796687637033,1756989486.1175864
"(322, 242)",40.9588852,29.1357977,10.163,-0.10614995091283173,0.04973737750507335,119.00377926772285,40.95888659447866,29.13579725820104,1756989486.2250402
"(322, 241)",40.9588852,29.1357977,10.038,-0.03208406657419443,0.05246054524569901,119.00517262631352,40.95888609362273,29.13579690208701,1756989486.3333566
"(321, 241)",40.9588852,29.1357977,9.913,0.19613287074066973,0.07027266140983403,119.01197549472685,40.95888557559397,29.13579715420308,1756989486.4416137
"(321, 239)",40.9588852,29.1357977,9.913,0.19613287074066973,0.07027266140983403,119.01197549472685,40.9588848175592,29.135796597502562,1756989486.5417168
"(321, 239)",40.9588852,29.1357977,9.913,0.19613287074066973,0.07027266140983403,119.01197549472685,40.9588848175592,29.135796597502562,1756989486.649558
"(321, 240)",40.9588852,29.1357977,9.788,-0.18913351432678016,0.07202868036708183,119.01880568389687,40.95888571502491,29.135797262918764,1756989486.7683072
"(321, 241)",40.9588852,29.1357977,9.788,-0.18913351432678016,0.07202868036708183,119.01880568389687,40.95888608925082,29.13579753780621,1756989486.872965
"(321, 241)",40.9588852,29.1357977,9.663,0.1041914608693967,0.07842751374253919,119.01044553235278,40.958885693921374,29.135797243098935,1756989486.9823434
"(321, 241)",40.9588852,29.1357977,9.663,0.1041914608693967,0.07842751374253919,119.01044553235278,40.958885693921374,29.135797243098935,1756989487.084622
"(321, 241)",40.9588852,29.1357977,9.663,0.1041914608693967,0.07842751374253919,119.01044553235278,40.958885693921374,29.135797243098935,1756989487.1921368
"(321, 240)",40.9588852,29.1357977,9.538,0.1415628075625884,0.07272097740237948,119.00828719257505,40.95888526981746,29.13579695519879,1756989487.2972803
"(321, 240)",40.9588852,29.1357977,9.538,0.1415628075625884,0.07272097740237948,119.00828719257505,40.95888526981746,29.13579695519879,1756989487.4059105
"(321, 240)",40.9588852,29.1357977,9.414,-0.16820897634039486,0.0630412386467227,119.00580100371717,40.958885661829875,29.13579727500326,1756989487.5182946
"(322, 240)",40.9588852,29.1357977,9.414,-0.16820897634039486,0.0630412386467227,119.00580100371717,40.95888586141024,29.135796798343762,1756989487.6169493
"(322, 241)",40.9588852,29.1357977,9.414,-0.16820897634039486,0.0630412386467227,119.00580100371717,40.95888622138489,29.135797062613683,1756989487.723202
"(322, 241)",40.9588852,29.1357977,9.287,0.16311341509572735,0.06124773369031916,119.00209904118702,40.95888578434915,29.135796764436876,1756989487.8323336
"(322, 240)",40.9588852,29.1357977,9.287,0.16311341509572735,0.06124773369031916,119.00209904118702,40.958885429239416,29.135796503743574,1756989487.939153
"(322, 239)",40.9588852,29.1357977,9.287,0.16311341509572735,0.06124773369031916,119.00209904118702,40.95888507411984,29.135796243043046,1756989488.0439887
"(322, 239)",40.9588852,29.1357977,9.163,0.07047459888749237,0.05385731559591331,119.01019964554266,40.95888518719695,29.13579636025234,1756989488.1480656
"(322, 239)",40.9588852,29.1357977,9.163,0.07047459888749237,0.05385731559591331,119.01019964554266,40.95888518719695,29.13579636025234,1756989488.249323
"(322, 240)",40.9588852,29.1357977,9.039,-0.14932570442049134,0.05556112429366084,119.01909255184201,40.958885806669564,29.135796829542116,1756989488.3599517
"(322, 241)",40.9588852,29.1357977,9.039,-0.14932570442049134,0.05556112429366084,119.01909255184201,40.95888615225813,29.13579708339144,1756989488.46757
"(322, 242)",40.9588852,29.1357977,8.914,0.19427986176318643,0.0662881865141638,119.01110123051309,40.95888606711554,29.13579701628646,1756989488.5728455
"(322, 241)",40.9588852,29.1357977,8.914,0.19427986176318643,0.0662881865141638,119.01110123051309,40.95888572630968,29.135796765998094,1756989488.6796567
"(322, 240)",40.9588852,29.1357977,8.914,0.19427986176318643,0.0662881865141638,119.01110123051309,40.95888538549257,29.135796515701465,1756989488.7853982
"(322, 239)",40.9588851,29.1357977,8.79,-0.114314514920763,0.08369412987125453,119.01153836261997,40.958885330397095,29.13579653073278,1756989488.8906434
"(322, 240)",40.9588851,29.1357977,8.79,-0.114314514920763,0.08369412987125453,119.01153836261997,40.95888566648243,29.13579677752832,1756989489.001158
"(322, 241)",40.9588851,29.1357977,8.79,-0.114314514920763,0.08369412987125453,119.01153836261997,40.958886002574296,29.135797024328653,1756989489.101954
"(322, 241)",40.9588851,29.1357977,8.665,-0.08814941424208625,0.0893667020285493,119.01115587202645,40.95888596238484,29.135797002177366,1756989489.3277187
"(322, 241)",40.9588851,29.1357977,8.541,0.19148183208100839,0.08385780094728361,119.01183889094345,40.95888561898449,29.13579678024696,1756989489.4348567
"(322, 240)",40.9588851,29.1357977,8.541,0.19148183208100839,0.08385780094728361,119.01183889094345,40.958885292429805,29.135796540417665,1756989489.540366
"(322, 240)",40.9588851,29.1357977,8.416,-0.19914268964797105,0.08128004486583848,119.0111695324048,40.958885738720625,29.135796892343595,1756989489.6462538
"(322, 240)",40.9588851,29.1357977,8.416,-0.19914268964797105,0.08128004486583848,119.0111695324048,40.958885738720625,29.135796892343595,1756989489.7536342
"(321, 241)",40.9588851,29.1357977,8.416,-0.19914268964797105,0.08128004486583848,119.0111695324048,40.958885882061224,29.135797554751417,1756989489.8564293
"(322, 241)",40.9588851,29.1357977,8.292,0.04812723044436226,0.06856434705507054,119.00980349457079,40.95888575718026,29.13579694974426,1756989489.967342
"(321, 241)",40.9588851,29.1357977,8.292,0.04812723044436226,0.06856434705507054,119.00980349457079,40.95888558136521,29.135797369574156,1756989490.0731359
"(321, 241)",40.9588851,29.1357977,8.292,0.04812723044436226,0.06856434705507054,119.00980349457079,40.95888558136521,29.135797369574156,1756989490.1756277
"(321, 241)",40.9588851,29.1357977,8.165,0.18932083760085305,0.07134760912121106,119.00276839972568,40.958885417603604,29.135797254384926,1756989490.2815561
"(321, 241)",40.9588851,29.1357977,8.165,0.18932083760085305,0.07134760912121106,119.00276839972568,40.958885417603604,29.135797254384926,1756989490.3852608
"(321, 241)",40.9588851,29.1357977,8.042,-0.16184235957987028,0.07489673282846572,119.01193451359184,40.9588858022713,29.135797540335663,1756989490.4878552
"(321, 242)",40.9588851,29.1357977,8.042,-0.16184235957987028,0.07489673282846572,119.01193451359184,40.958886109769146,29.135797766145426,1756989490.5896316
"(322, 242)",40.9588851,29.1357977,8.042,-0.16184235957987028,0.07489673282846572,119.01193451359184,40.958886280304796,29.135797358969118,1756989490.6994822
"(321, 242)",40.9588851,29.1357977,7.917,0.1746857832621388,0.06647947850167042,119.01085534370297,40.958885723649985,29.135797508926277,1756989490.8027806
"(321, 242)",40.9588851,29.1357977,7.917,0.1746857832621388,0.06647947850167042,119.01085534370297,40.958885723649985,29.135797508926277,1756989490.9091327
"(321, 241)",40.9588851,29.1357977,7.917,0.1746857832621388,0.06647947850167042,119.01085534370297,40.958885420959156,29.135797286641424,1756989491.0164378
"(321, 241)",40.9588851,29.1357977,7.792,0.061426145701959305,0.06544575871925809,119.0146529288815,40.958885536302766,29.135797383526313,1756989491.1227264
"(321, 242)",40.9588851,29.1357977,7.668,-0.14093406997319022,0.0719683159022492,119.010896324838,40.95888603911521,29.13579775097965,1756989491.230144
"(321, 243)",40.9588851,29.1357977,7.668,-0.14093406997319022,0.0719683159022492,119.010896324838,40.95888633232007,29.13579796628512,1756989491.334679
"(321, 243)",40.9588851,29.1357977,7.668,-0.14093406997319022,0.0719683159022492,119.010896324838,40.95888633232007,29.13579796628512,1756989491.4353018
"(321, 243)",40.9588851,29.1357977,7.543,0.2363417808379249,0.06361708896079957,119.0134917967226,40.95888591715278,29.135797686872095,1756989491.5405836
"(322, 242)",40.9588851,29.1357977,7.543,0.2363417808379249,0.06361708896079957,119.0134917967226,40.95888578873158,29.13579709319635,1756989491.6436894
"(322, 242)",40.9588851,29.1357977,7.543,0.2363417808379249,0.06361708896079957,119.0134917967226,40.95888578873158,29.13579709319635,1756989491.7502713
"(322, 242)",40.9588851,29.1357977,7.418,0.016433516851856667,0.05943914095276078,119.01168862678172,40.95888599863967,29.135797273094504,1756989491.857464
"(322, 242)",40.9588851,29.1357977,7.418,0.016433516851856667,0.05943914095276078,119.01168862678172,40.95888599863967,29.135797273094504,1756989491.95998
"(322, 243)",40.9588851,29.1357977,7.293,-0.08619384570534698,0.06279317071174033,119.00992643797585,40.95888636685287,29.135797555928605,1756989492.064052
"(322, 243)",40.9588851,29.1357977,7.293,-0.08619384570534698,0.06279317071174033,119.00992643797585,40.95888636685287,29.135797555928605,1756989492.1712623
"(323, 242)",40.9588851,29.1357977,7.293,-0.08619384570534698,0.06279317071174033,119.00992643797585,40.958886242630726,29.135796981906076,1756989492.2791452
"(323, 241)",40.9588851,29.1357977,7.167,0.2765936064011174,0.0529521321029548,119.01070507954124,40.95888558696283,29.13579654413303,1756989492.3836327
"(323, 241)",40.9588851,29.1357977,7.167,0.2765936064011174,0.0529521321029548,119.01070507954124,40.95888558696283,29.13579654413303,1756989492.4852784
"(323, 240)",40.9588851,29.1357977,7.167,0.2765936064011174,0.0529521321029548,119.01070507954124,40.95888531294315,29.135796342878038,1756989492.5923817
"(323, 241)",40.9588851,29.1357977,7.04,0.02992120446418791,0.044961737918858866,119.01388794769446,40.95888581221174,29.135796749726726,1756989492.6982234
"(323, 242)",40.9588851,29.1357977,6.915,0.013323991523402374,0.0441530341829801,119.01618289125558,40.958886079284646,29.135796973396424,1756989492.8131053
"(322, 243)",40.9588851,29.1357977,6.915,0.013323991523402374,0.0441530341829801,119.01618289125558,40.95888619701346,29.13579751767238,1756989492.9190464
"(322, 241)",40.9588851,29.1357977,6.915,0.013323991523402374,0.0441530341829801,119.01618289125558,40.95888566825734,29.135797129299977,1756989493.0265465
"(322, 240)",40.9588851,29.1357977,6.79,0.2585579849695963,0.04106196337199273,119.0113061361882,40.95888516842875,29.135796785046903,1756989493.2353015
"(322, 241)",40.9588851,29.1357977,6.79,0.2585579849695963,0.04106196337199273,119.0113061361882,40.958885428034606,29.135796975708374,1756989493.3412426
"(322, 241)",40.9588851,29.1357977,6.665,-0.11423217912475261,0.047295608222166934,119.01289074007563,40.958885765856884,29.135797231688876,1756989493.4463804
"(322, 242)",40.9588851,29.1357977,6.665,-0.11423217912475261,0.047295608222166934,119.01289074007563,40.95888602069771,29.135797418835047,1756989493.5554523
"(322, 242)",40.9588851,29.1357977,6.665,-0.11423217912475261,0.047295608222166934,119.01289074007563,40.95888602069771,29.135797418835047,1756989493.6608114
"(322, 242)",40.9588851,29.1357977,6.54,0.11593517740454687,0.05749531180365746,119.01051383424448,40.95888580206607,29.135797260393783,1756989493.766782
"(322, 242)",40.9588851,29.1357977,6.415,0.14376198173298704,0.058886295836386424,119.01537692893352,40.95888576487628,29.13579724927828,1756989493.873925
"(322, 241)",40.9588851,29.1357977,6.415,0.14376198173298704,0.058886295836386424,119.01537692893352,40.95888551962126,29.135797069134558,1756989493.9729517
"(322, 241)",40.9588851,29.1357977,6.415,0.14376198173298704,0.058886295836386424,119.01537692893352,40.95888551962126,29.135797069134558,1756989494.083601
"(322, 242)",40.9588851,29.1357977,6.29,-0.1477014000584977,0.0680379755918366,119.01029526819103,40.95888600768204,29.135797432108003,1756989494.2006965
"(322, 242)",40.9588851,29.1357977,6.29,-0.1477014000584977,0.0680379755918366,119.01029526819103,40.95888600768204,29.135797432108003,1756989494.3034883
"(322, 242)",40.9588851,29.1357977,6.29,-0.1477014000584977,0.0680379755918366,119.01029526819103,40.95888600768204,29.135797432108003,1756989494.4079432
"(322, 242)",40.9588851,29.1357977,6.166,0.17010327327780236,0.07329922895483643,119.00810960765664,40.9588857235132,29.13579723417731,1756989494.514601
"(322, 241)",40.9588851,29.1357977,6.166,0.17010327327780236,0.07329922895483643,119.00810960765664,40.95888548776217,29.135797061064366,1756989494.6155906
"(322, 241)",40.9588851,29.1357977,6.166,0.17010327327780236,0.07329922895483643,119.00810960765664,40.95888548776217,29.135797061064366,1756989494.7220066
"(322, 241)",40.9588851,29.1357977,6.04,0.16327820674966712,0.07139873548838699,119.01066409840621,40.95888548463894,29.13579708037819,1756989494.8292475
"(322, 242)",40.9588851,29.1357977,6.04,0.16327820674966712,0.07139873548838699,119.01066409840621,40.958885715567085,29.135797249967027,1756989494.928823
"(322, 244)",40.9588851,29.1357977,5.915,-0.17532080409196485,0.07301641643451559,119.00995375873254,40.958886430587235,29.13579779133399,1756989495.0357492
"(322, 244)",40.9588851,29.1357977,5.915,-0.17532080409196485,0.07301641643451559,119.00995375873254,40.958886430587235,29.13579779133399,1756989495.1374788
"(322, 243)",40.9588851,29.1357977,5.915,-0.17532080409196485,0.07301641643451559,119.00995375873254,40.95888620439612,29.135797625251314,1756989495.2441812
"(322, 242)",40.9588851,29.1357977,5.791,0.23500877337186168,0.07013698477125276,119.0126721740222,40.95888563268625,29.135797228049142,1756989495.3491466
"(323, 242)",40.9588851,29.1357977,5.666,-0.009807642218745869,0.07034802694443557,119.01174326829508,40.95888593163508,29.135797090797574,1756989495.455116
"(323, 242)",40.9588851,29.1357977,5.666,-0.009807642218745869,0.07034802694443557,119.01174326829508,40.95888593163508,29.135797090797574,1756989495.560481
"(323, 243)",40.9588851,29.1357977,5.666,-0.009807642218745869,0.07034802694443557,119.01174326829508,40.958886148274814,29.135797249889023,1756989495.6608896
"(324, 243)",40.9588851,29.1357977,5.541,-0.10172584929040804,0.0724159667672561,119.01110123051309,40.95888631337841,29.13579702844322,1756989495.76595
"(324, 243)",40.9588851,29.1357977,5.541,-0.10172584929040804,0.0724159667672561,119.01110123051309,40.95888631337841,29.13579702844322,1756989495.8675807
"(324, 243)",40.9588851,29.1357977,5.541,-0.10172584929040804,0.0724159667672561,119.01110123051309,40.95888631337841,29.13579702844322,1756989495.972358
"(324, 243)",40.9588851,29.1357977,5.416,0.24870895890814368,0.08667580759876262,119.01300002310236,40.95888603157918,29.135796838555347,1756989496.0769377
"(324, 243)",40.9588851,29.1357977,5.416,0.24870895890814368,0.08667580759876262,119.01300002310236,40.95888603157918,29.135796838555347,1756989496.1800346
"(323, 243)",40.9588851,29.1357977,5.291,-0.10618506902414043,0.09239991299973659,119.0126721740222,40.958886157724024,29.135797309853253,1756989496.2855947
"(323, 243)",40.9588851,29.1357977,5.291,-0.10618506902414043,0.09239991299973659,119.0126721740222,40.958886157724024,29.135797309853253,1756989496.391376
"(323, 243)",40.9588851,29.1357977,5.166,0.008822924374553743,0.10466369107726638,119.00980349457079,40.95888605604548,29.1357972476864,1756989496.5015552
"(323, 243)",40.9588851,29.1357977,5.166,0.008822924374553743,0.10466369107726638,119.00980349457079,40.95888605604548,29.1357972476864,1756989496.6049366
"(323, 243)",40.9588851,29.1357977,5.166,0.008822924374553743,0.10466369107726638,119.00980349457079,40.95888605604548,29.1357972476864,1756989496.7159069
"(322, 243)",40.9588851,29.1357977,5.041,0.14130567495272123,0.10639124868960359,119.01070507954124,40.958885835090165,29.135797445060117,1756989496.8325408
"(322, 243)",40.9588851,29.1357977,5.041,0.14130567495272123,0.10639124868960359,119.01070507954124,40.958885835090165,29.135797445060117,1756989497.0280006
"(323, 243)",40.9588851,29.1357977,4.915,-0.2131085855512224,0.10806765325433842,119.01223504191532,40.958886160505976,29.13579737649541,1756989497.1334825
"(323, 243)",40.9588851,29.1357977,4.915,-0.2131085855512224,0.10806765325433842,119.01223504191532,40.958886160505976,29.13579737649541,1756989497.2388613
"(323, 243)",40.9588851,29.1357977,4.915,-0.2131085855512224,0.10806765325433842,119.01223504191532,40.958886160505976,29.13579737649541,1756989497.3460276
"(323, 243)",40.9588851,29.1357977,4.79,0.053100545310110436,0.1065684133913074,119.0117842494301,40.958885958076266,29.135797257638917,1756989497.4493906
"(323, 243)",40.9588851,29.1357977,4.666,0.10227148402153552,0.10216174742756574,119.0113061361882,40.95888590282802,29.13579724971711,1756989497.5507572
"(323, 242)",40.9588851,29.1357977,4.666,0.10227148402153552,0.10216174742756574,119.0113061361882,40.95888572443173,29.135797118703632,1756989497.6533442
"(324, 243)",40.9588851,29.1357977,4.666,0.10227148402153552,0.10216174742756574,119.0113061361882,40.9588860017714,29.13579701347425,1756989497.7563279
"(325, 245)",40.9588851,29.1357977,4.541,-0.1661044376425979,0.08978809268382734,119.01330055142584,40.958886584134376,29.13579718989094,1756989497.8595572
"(324, 245)",40.9588851,29.1357977,4.541,-0.1661044376425979,0.08978809268382734,119.01330055142584,40.958886487821914,29.135797419822456,1756989497.9644637
"(325, 245)",40.9588851,29.1357977,4.541,-0.1661044376425979,0.08978809268382734,119.01330055142584,40.958886584134376,29.13579718989094,1756989498.0677688
"(323, 244)",40.9588851,29.1357977,4.416,0.22476226231722607,0.08406648857283262,119.01300002310236,40.95888594837598,29.13579735792078,1756989498.1740787
"(323, 244)",40.9588851,29.1357977,4.416,0.22476226231722607,0.08406648857283262,119.01300002310236,40.95888594837598,29.13579735792078,1756989498.2745426
"(323, 243)",40.9588851,29.1357977,4.291,0.005222013542686978,0.081871569930452,119.01340983445256,40.9588858888086,29.135797343678682,1756989498.3792148
"(323, 244)",40.9588851,29.1357977,4.291,0.005222013542686978,0.081871569930452,119.01340983445256,40.95888605287149,29.135797464169176,1756989498.4855766
"(324, 246)",40.9588851,29.1357977,4.291,0.005222013542686978,0.081871569930452,119.01340983445256,40.95888647199814,29.135797487898312,1756989498.5860765
"(324, 247)",40.9588851,29.1357977,4.166,-0.08103475836531304,0.07811266470016408,119.01259021175215,40.95888663947085,29.135797650057242,1756989498.692724
"(325, 247)",40.9588851,29.1357977,4.166,-0.08103475836531304,0.07811266470016408,119.01259021175215,40.95888672782557,29.135797439120303,1756989498.7960842
"(325, 246)",40.9588851,29.1357977,4.166,-0.08103475836531304,0.07811266470016408,119.01259021175215,40.95888656852052,29.135797322137847,1756989498.8979328
"(326, 246)",40.9588851,29.1357977,4.041,0.26038810214118946,0.07250141750305399,119.01492613644831,40.95888641904643,29.135796994220858,1756989499.0034251
"(326, 245)",40.9588851,29.1357977,3.916,-0.07927952648064539,0.06556401303937054,119.01392892882949,40.95888640902521,29.135797044847507,1756989499.1107125
"(327, 246)",40.9588851,29.1357977,3.916,-0.07927952648064539,0.06556401303937054,119.01392892882949,40.9588866418211,29.13579695653317,1756989499.224821
"(327, 246)",40.9588851,29.1357977,3.916,-0.07927952648064539,0.06556401303937054,119.01392892882949,40.9588866418211,29.13579695653317,1756989499.3198354
"(327, 246)",40.9588851,29.1357977,3.916,-0.07927952648064539,0.06556401303937054,119.01392892882949,40.9588866418211,29.13579695653317,1756989499.424113
"(327, 243)",40.9588851,29.1357977,3.789,-0.015816927194124385,0.05617705194331195,119.00970787192242,40.95888612140712,29.135796643623955,1756989499.5296602
"(327, 242)",40.9588851,29.1357977,3.789,-0.015816927194124385,0.05617705194331195,119.00970787192242,40.95888597652856,29.135796537241653,1756989499.6336625
"(327, 242)",40.9588851,29.1357977,3.664,0.31808719237193,0.04112581630258309,119.01141541921491,40.95888577565336,29.135796462516275,1756989499.734763
"(327, 242)",40.9588851,29.1357977,3.664,0.31808719237193,0.04112581630258309,119.01141541921491,40.95888577565336,29.135796462516275,1756989499.8369231
"(327, 243)",40.9588851,29.1357977,3.664,0.31808719237193,0.04112581630258309,119.01141541921491,40.958885915717744,29.135796565418985,1756989499.936683
"(328, 245)",40.9588851,29.1357977,3.541,-0.07480106348933926,0.03336014134527652,119.01279511742726,40.95888642297981,29.135796768097727,1756989500.0404124
"(328, 246)",40.9588851,29.1357977,3.416,0.16086242753717178,0.037350696043123,119.01127881543151,40.95888639738481,29.135796813422072,1756989500.1480494
"(328, 246)",40.9588851,29.1357977,3.416,0.16086242753717178,0.037350696043123,119.01127881543151,40.95888639738481,29.135796813422072,1756989500.2525883
"(328, 245)",40.9588851,29.1357977,3.416,0.16086242753717178,0.037350696043123,119.01127881543151,40.958886266799674,29.13579671750218,1756989500.3575113
"(328, 243)",40.9588851,29.1357977,3.291,0.2049458291421828,0.05396762581905166,119.01570477801368,40.958885956815244,29.1357965441738,1756989500.4622493
"(325, 244)",40.9588851,29.1357977,3.291,0.2049458291421828,0.05396762581905166,119.01570477801368,40.95888587324419,29.135797136442477,1756989500.568151
"(322, 244)",40.9588851,29.1357977,3.291,0.2049458291421828,0.05396762581905166,119.01570477801368,40.95888566387403,29.13579763626546,1756989500.6746979
"(327, 243)",40.9588851,29.1357977,3.166,-0.11464712645704411,0.04977483015369603,119.01118319278314,40.958885994863365,29.1357968525129,1756989500.7837894
"(327, 244)",40.9588851,29.1357977,3.166,-0.11464712645704411,0.04977483015369603,119.01118319278314,40.95888611593016,29.13579694140364,1756989500.8902214
"(324, 244)",40.9588851,29.1357977,3.041,0.25031674808616766,0.04609881767332054,119.01347813634426,40.958885729258135,29.135797323628562,1756989500.9905741
"(324, 244)",40.9588851,29.1357977,3.041,0.25031674808616766,0.04609881767332054,119.01347813634426,40.958885729258135,29.135797323628562,1756989501.1012242
"(324, 244)",40.9588851,29.1357977,3.041,0.25031674808616766,0.04609881767332054,119.01347813634426,40.958885729258135,29.135797323628562,1756989501.2039008
"(325, 244)",40.9588852,29.1357977,2.916,0.1054717811633369,0.05084188379389854,119.01672930638918,40.95888592423861,29.135797231528752,1756989501.3196263
"(325, 245)",40.9588852,29.1357977,2.916,0.1054717811633369,0.05084188379389854,119.01672930638918,40.95888603571496,29.135797313418404,1756989501.4250503
"(326, 246)",40.9588852,29.1357977,2.792,-0.06607060763650185,0.05261542512121433,119.01147006072827,40.95888623222777,29.135797314092247,1756989501.5237837
"(327, 246)",40.9588852,29.1357977,2.792,-0.06607060763650185,0.05261542512121433,119.01147006072827,40.95888629143666,29.135797172724335,1756989501.6286237
"(327, 247)",40.9588852,29.1357977,2.792,-0.06607060763650185,0.05261542512121433,119.01147006072827,40.95888639820023,29.13579725111949,1756989501.734178
"(327, 244)",40.9588852,29.1357977,2.665,0.2707439229029717,0.053439766922043386,119.01346447596592,40.958885915008814,29.135796956373365,1756989501.8407898
"(326, 242)",40.9588852,29.1357977,2.665,0.2707439229029717,0.053439766922043386,119.01346447596592,40.95888565474662,29.135796941607325,1756989501.9415278
"(324, 241)",40.9588852,29.1357977,2.665,0.2707439229029717,0.053439766922043386,119.01346447596592,40.95888543983805,29.135797136616926,1756989502.0448346
"(324, 243)",40.9588852,29.1357977,2.54,0.051445004838855876,0.06366952266887131,119.0134917967226,40.95888570116737,29.135797357057736,1756989502.1475043
"(323, 246)",40.9588852,29.1357977,2.54,0.051445004838855876,0.06366952266887131,119.0134917967226,40.95888593863451,29.135797699620504,1756989502.2485137
"(322, 253)",40.9588852,29.1357977,2.416,-0.007039760584687766,0.0706510698981086,119.01269949477889,40.95888651864417,29.13579830798919,1756989502.353059
"(320, 256)",40.9588852,29.1357977,2.416,-0.007039760584687766,0.0706510698981086,119.01269949477889,40.95888669329118,29.13579875613884,1756989502.4564931
"(320, 257)",40.9588852,29.1357977,2.416,-0.007039760584687766,0.0706510698981086,119.01269949477889,40.958886785665825,29.135798823978117,1756989502.5591161
"(324, 254)",40.9588852,29.1357977,2.291,0.2774677905735997,0.07122192430233358,119.01351911747928,40.958886545467294,29.135798042903623,1756989502.6655867
"(331, 247)",40.9588852,29.1357977,2.166,-0.09760058845449222,0.07210962878091706,119.01351911747928,40.95888632592908,29.135796912300897,1756989502.7687633
"(341, 247)",40.9588852,29.1357977,2.166,-0.09760058845449222,0.07210962878091706,119.01351911747928,40.95888678538363,29.135795815438154,1756989502.8693368
"(364, 244)",40.9588852,29.1357977,2.166,-0.09760058845449222,0.07210962878091706,119.01351911747928,40.95888759376095,29.135793109737893,1756989502.9748006
"(341, 261)",40.9588852,29.1357977,2.04,0.08734816768539896,0.07396721345153574,119.01011768327261,40.958887733282296,29.13579668848337,1756989503.0800502
"(339, 262)",40.9588852,29.1357977,2.04,0.08734816768539896,0.07396721345153574,119.01011768327261,40.95888772472398,29.13579695233789,1756989503.182417
"(348, 260)",40.9588852,29.1357977,2.04,0.08734816768539896,0.07396721345153574,119.01011768327261,40.958887958194325,29.135795908138142,1756989503.2878063
"(364, 257)",40.9588852,29.1357977,1.915,0.18283736057249778,0.07346582820766788,119.0157457591487,40.95888819425506,29.135794287475004,1756989503.3920138
"(362, 265)",40.9588852,29.1357977,1.915,0.18283736057249778,0.07346582820766788,119.0157457591487,40.95888869828672,29.135794911968336,1756989503.4927342
"(330, 257)",40.9588852,29.1357977,1.79,-0.1816210532917066,0.08265828232483317,119.01071873991958,40.95888679936891,29.135797653965707,1756989503.598425
"(344, 253)",40.9588852,29.1357977,1.79,-0.1816210532917066,0.08265828232483317,119.01071873991958,40.95888705711583,29.135796183604267,1756989503.699654
"(353, 250)",40.9588852,29.1357977,1.79,-0.1816210532917066,0.08265828232483317,119.01071873991958,40.95888719346427,29.13579521678389,1756989503.8031723
"(343, 251)",40.9588852,29.1357977,1.664,0.18774503825413705,0.07424971247684585,119.0157457591487,40.95888667794691,29.135796222535784,1756989503.906873
"(327, 250)",40.9588852,29.1357977,1.664,0.18774503825413705,0.07424971247684585,119.0157457591487,40.95888604967138,29.13579752368935,1756989504.0082426
"(348, 252)",40.9588852,29.1357977,1.664,0.18774503825413705,0.07424971247684585,119.0157457591487,40.95888691802417,29.135795848024905,1756989504.113581
"(345, 251)",40.9588852,29.1357977,1.538,0.13152888614586944,0.06882789630749783,119.01957066508392,40.95888664263505,29.135796188959354,1756989504.2321782
"(341, 253)",40.9588852,29.1357977,1.413,-0.18210115422537768,0.07626459160157316,119.01252190986045,40.95888657545203,29.135796719476023,1756989504.3359568
"(347, 249)",40.9588852,29.1357977,1.413,-0.18210115422537768,0.07626459160157316,119.01252190986045,40.95888653908252,29.13579613138044,1756989504.4413378
"(350, 248)",40.9588852,29.1357977,1.413,-0.18210115422537768,0.07626459160157316,119.01252190986045,40.95888657496034,29.135795877001776,1756989504.5424078
"(355, 245)",40.9588852,29.1357977,1.29,0.22770241863107857,0.08489461565916362,119.01063677764954,40.95888637217191,29.135795545350778,1756989504.6473644
"(333, 247)",40.9588852,29.1357977,1.29,0.22770241863107857,0.08489461565916362,119.01063677764954,40.958885868860484,29.135797055031986,1756989504.7478936
"(322, 248)",40.9588852,29.1357977,1.29,0.22770241863107857,0.08489461565916362,119.01063677764954,40.95888561727926,29.135797809649187,1756989504.8547275
"(336, 248)",40.9588852,29.1357977,1.165,-0.06560587462846332,0.0871200967300374,119.0196389669756,40.95888596997518,29.135797007253863,1756989504.957606
"(332, 248)",40.9588852,29.1357977,1.165,-0.06560587462846332,0.0871200967300374,119.0196389669756,40.95888587110505,29.135797243219724,1756989505.100323
"(314, 246)",40.9588852,29.1357977,1.165,-0.06560587462846332,0.0871200967300374,119.0196389669756,40.95888533718167,29.1357982394495,1756989505.2128942
"(337, 243)",40.9588852,29.1357977,1.04,-0.08545146283950476,0.08237757088809491,119.01439338169304,40.958885712973576,29.135796885789155,1756989505.313021
"(336, 241)",40.9588852,29.1357977,0.916,0.23218822540976378,0.08516719623594265,119.0114427399716,40.95888552258574,29.135796948038223,1756989505.419849
"(336, 240)",40.9588852,29.1357977,0.916,0.23218822540976378,0.08516719623594265,119.0114427399716,40.95888548756535,29.13579692230169,1756989505.5177996
"(335, 240)",40.9588852,29.1357977,0.916,0.23218822540976378,0.08516719623594265,119.0114427399716,40.95888546813853,29.13579696868915,1756989505.6196024
"(334, 240)",40.9588852,29.1357977,0.79,-0.1140734305874027,0.08925032200839463,119.01388794769446,40.95888545227446,29.135797136265825,1756989505.7293239
"(311, 240)",40.9588852,29.1357977,0.79,-0.1140734305874027,0.08925032200839463,119.01388794769446,40.95888506695763,29.13579805621542,1756989505.8325086
"(389, 240)",40.9588852,29.1357977,0.79,-0.1140734305874027,0.08925032200839463,119.01388794769446,40.95888637422941,29.135794935084814,1756989505.9372008
"(396, 240)",40.9588851,29.1357977,0.665,0.005882686768776936,0.09640710627852506,119.01228968342868,40.958886176665324,29.135795127582213,1756989506.0422528
"(397, 240)",40.9588851,29.1357977,0.665,0.005882686768776936,0.09640710627852506,119.01228968342868,40.95888619078379,29.135795093871696,1756989506.1438909
"(379, 240)",40.9588851,29.1357977,0.665,0.005882686768776936,0.09640710627852506,119.01228968342868,40.958885936686826,29.1357957005765,1756989506.2466094
"(402, 236)",40.9588851,29.1357977,0.54,0.16006001371182751,0.0994278775008822,119.01222138153697,40.95888594920081,29.135795377309023,1756989506.3520072
"(399, 240)",40.9588851,29.1357977,0.54,0.16006001371182751,0.0994278775008822,119.01222138153697,40.95888599740017,29.13579552025712,1756989506.4561033
"(400, 240)",40.9588851,29.1357977,0.413,-0.17664687464715226,0.09276778271956525,119.00656598490421,40.958885813827905,29.135796026454827,1756989506.5633984
"(None, None)",40.9588851,29.1357977,0.413,-0.17664687464715226,0.09276778271956525,119.00656598490421,,,1756989506.66456
"(None, None)",40.9588851,29.1357977,0.413,-0.17664687464715226,0.09276778271956525,119.00656598490421,,,1756989506.7671442
"(351, 219)",40.9588851,29.1357977,0.288,0.0785867358574585,0.08950688765919984,119.01521300439344,40.95888505693635,29.135797070969776,1756989506.8691442
"(345, 218)",40.9588851,29.1357977,0.164,0.10819680652865381,0.08624701979525258,119.01551353271692,40.9588850476245,29.135797386635964,1756989506.9745867
"(347, 218)",40.9588851,29.1357977,0.164,0.10819680652865381,0.08624701979525258,119.01551353271692,40.95888505458218,29.13579737001895,1756989507.0765557
"(344, 220)",40.9588851,29.1357977,0.164,0.10819680652865381,0.08624701979525258,119.01551353271692,40.958885056691635,29.13579740416377,1756989507.176929
"(346, 222)",40.9588851,29.1357977,0.112,-0.5717471846546867,0.06972822062778997,119.00353338091273,40.9588850940259,29.13579750112903,1756989507.2840834
"(355, 226)",40.9588851,29.1357977,0.112,-0.5717471846546867,0.06972822062778997,119.00353338091273,40.95888513250531,29.135797462633093,1756989507.3872435
"(359, 230)",40.9588851,29.1357977,0.112,-0.5717471846546867,0.06972822062778997,119.00353338091273,40.958885159133054,29.135797452475025,1756989507.4920619
"(341, 240)",40.9588851,29.1357977,0.087,-0.9688701244508308,0.067544394372704,118.99936696551902,40.95888515074241,29.13579761488382,1756989507.597662
"(346, 238)",40.9588851,29.1357977,0.087,-0.9688701244508308,0.067544394372704,118.99936696551902,40.95888515330338,29.135797587982537,1756989507.6978898
"(327, 234)",40.9588851,29.1357977,0.087,-0.9688701244508308,0.067544394372704,118.99936696551902,40.95888510495385,29.135797661942416,1756989507.8031678
"(303, 237)",40.9588851,29.1357977,0.073,-1.4326040038798482,0.06717165547504907,119.002058060052,40.958885080037525,29.135797766316966,1756989507.9089398
"(272, 238)",40.9588851,29.1357977,0.073,-1.4326040038798482,0.06717165547504907,119.002058060052,40.95888503486882,29.135797882922425,1756989508.011428
"(None, None)",40.9588851,29.1357977,0.065,-1.8803363509091124,0.06720157757330754,119.00015926746273,,,1756989508.1145556
"(None, None)",40.9588851,29.1357977,0.065,-1.8803363509091124,0.06720157757330754,119.00015926746273,,,1756989508.2149222
"(None, None)",40.9588851,29.1357977,0.065,-1.8803363509091124,0.06720157757330754,119.00015926746273,,,1756989508.3162782
"(None, None)",40.958885,29.1357977,0.059,-1.94734221421423,0.06715206537193157,119.00235858837549,,,1756989508.4190648
"(None, None)",40.958885,29.1357977,0.054,-1.6922691198252213,0.06828310867990997,119.00341043750767,,,1756989508.5193832
"(None, None)",40.958885,29.1357977,0.054,-1.6922691198252213,0.06828310867990997,119.00341043750767,,,1756989508.6204817
"(None, None)",40.958885,29.1357977,0.054,-1.6922691198252213,0.06828310867990997,119.00341043750767,,,1756989508.7209158
"(None, None)",40.958885,29.1357977,0.05,-1.2015803257235715,0.06962538759416292,119.00132039962163,,,1756989508.8240664
"(None, None)",40.958885,29.1357977,0.03,-3.239714323584077,0.0770382239168895,119.03276659056037,,,1756989509.934686
